999
dxfrw 0.6.3
  0
SECTION
  2
HEADER
  9
$ACADVER
  1
AC1021
  9
$DWGCODEPAGE
  3
ANSI_1252
  9
$INSBASE
 10
0
 20
0
 30
0
  9
$EXTMIN
 10
0
 20
0
 30
0
  9
$EXTMAX
 10
420
 20
297
 30
0
  9
$LIMMIN
 10
0
 20
0
  9
$LIMMAX
 10
420
 20
297
  9
$ORTHOMODE
 70
    0
  9
$REGENMODE
 70
    1
  9
$FILLMODE
 70
    1
  9
$QTEXTMODE
 70
    0
  9
$MIRRTEXT
 70
    0
  9
$LTSCALE
 40
1
  9
$ATTMODE
 70
    0
  9
$TEXTSIZE
 40
2.5
  9
$TRACEWID
 40
15.68
  9
$TEXTSTYLE
  7
STANDARD
  9
$CLAYER
  8
mag
  9
$CELTYPE
  6
BYLAYER
  9
$CECOLOR
 62
  256
  9
$CELTSCALE
 40
1
  9
$DISPSILH
 70
    0
  9
$DIMSCALE
 40
1
  9
$DIMASZ
 40
2.5
  9
$DIMEXO
 40
0.625
  9
$DIMDLI
 40
3.75
  9
$DIMRND
 40
0
  9
$DIMDLE
 40
0
  9
$DIMEXE
 40
1.25
  9
$DIMTP
 40
0
  9
$DIMTM
 40
0
  9
$DIMTXT
 40
2.5
  9
$DIMCEN
 40
2.5
  9
$DIMTSZ
 40
0
  9
$DIMTOL
 70
    0
  9
$DIMLIM
 70
    0
  9
$DIMTIH
 70
    0
  9
$DIMTOH
 70
    0
  9
$DIMSE1
 70
    0
  9
$DIMSE2
 70
    0
  9
$DIMTAD
 70
    1
  9
$DIMZIN
 70
    8
  9
$DIMBLK
  1

  9
$DIMASO
 70
    1
  9
$DIMSHO
 70
    1
  9
$DIMPOST
  1

  9
$DIMAPOST
  1

  9
$DIMALT
 70
    0
  9
$DIMALTD
 70
    3
  9
$DIMALTF
 40
0.03937
  9
$DIMLFAC
 40
1
  9
$DIMTOFL
 70
    1
  9
$DIMTVP
 40
0
  9
$DIMTIX
 70
    0
  9
$DIMSOXD
 70
    0
  9
$DIMSAH
 70
    0
  9
$DIMBLK1
  1

  9
$DIMBLK2
  1

  9
$DIMSTYLE
  2
STANDARD
  9
$DIMCLRD
 70
    0
  9
$DIMCLRE
 70
    0
  9
$DIMCLRT
 70
    0
  9
$DIMTFAC
 40
1
  9
$DIMGAP
 40
0.625
  9
$DIMJUST
 70
    0
  9
$DIMSD1
 70
    0
  9
$DIMSD2
 70
    0
  9
$DIMTOLJ
 70
    0
  9
$DIMTZIN
 70
    8
  9
$DIMALTZ
 70
    0
  9
$DIMALTTZ
 70
    0
  9
$DIMUPT
 70
    0
  9
$DIMDEC
 70
    2
  9
$DIMTDEC
 70
    2
  9
$DIMALTU
 70
    2
  9
$DIMALTTD
 70
    3
  9
$DIMTXSTY
  7
standard
  9
$DIMAUNIT
 70
    0
  9
$DIMADEC
 70
    0
  9
$DIMALTRND
 40
0
  9
$DIMAZIN
 70
    0
  9
$DIMDSEP
 70
   44
  9
$DIMATFIT
 70
    3
  9
$DIMFRAC
 70
    0
  9
$DIMLDRBLK
  1
STANDARD
  9
$DIMLUNIT
 70
    2
  9
$DIMLWD
 70
   -2
  9
$DIMLWE
 70
   -2
  9
$DIMTMOVE
 70
    0
  9
$DIMFXL
 40
1
  9
$DIMFXLON
 70
    0
  9
$DIMJOGANG
 40
0.7854
  9
$DIMTFILL
 70
    0
  9
$DIMTFILLCLR
 70
    0
  9
$DIMARCSYM
 70
    0
  9
$DIMLTYPE
  6

  9
$DIMLTEX1
  6

  9
$DIMLTEX2
  6

  9
$LUNITS
 70
    2
  9
$LUPREC
 70
    4
  9
$SKETCHINC
 40
1
  9
$FILLETRAD
 40
0
  9
$AUNITS
 70
    0
  9
$AUPREC
 70
    2
  9
$MENU
  1
.
  9
$ELEVATION
 40
0
  9
$PELEVATION
 40
0
  9
$THICKNESS
 40
0
  9
$LIMCHECK
 70
    0
  9
$CHAMFERA
 40
0
  9
$CHAMFERB
 40
0
  9
$CHAMFERC
 40
0
  9
$CHAMFERD
 40
0
  9
$SKPOLY
 70
    0
  9
$USRTIMER
 70
    1
  9
$ANGBASE
 50
0
  9
$ANGDIR
 70
    0
  9
$PDMODE
 70
   34
  9
$PDSIZE
 40
0
  9
$PLINEWID
 40
0
  9
$SPLFRAME
 70
    0
  9
$SPLINETYPE
 70
    2
  9
$SPLINESEGS
 70
    8
  9
$HANDSEED
  5
20000
  9
$SURFTAB1
 70
    6
  9
$SURFTAB2
 70
    6
  9
$SURFTYPE
 70
    6
  9
$SURFU
 70
    6
  9
$SURFV
 70
    6
  9
$UCSBASE
  2

  9
$UCSNAME
  2

  9
$UCSORG
 10
0
 20
0
 30
0
  9
$UCSXDIR
 10
1
 20
0
 30
0
  9
$UCSYDIR
 10
0
 20
1
 30
0
  9
$UCSORTHOREF
  2

  9
$UCSORTHOVIEW
 70
    0
  9
$UCSORGTOP
 10
0
 20
0
 30
0
  9
$UCSORGBOTTOM
 10
0
 20
0
 30
0
  9
$UCSORGLEFT
 10
0
 20
0
 30
0
  9
$UCSORGRIGHT
 10
0
 20
0
 30
0
  9
$UCSORGFRONT
 10
0
 20
0
 30
0
  9
$UCSORGBACK
 10
0
 20
0
 30
0
  9
$PUCSBASE
  2

  9
$PUCSNAME
  2

  9
$PUCSORG
 10
0
 20
0
 30
0
  9
$PUCSXDIR
 10
1
 20
0
 30
0
  9
$PUCSYDIR
 10
0
 20
1
 30
0
  9
$PUCSORTHOREF
  2

  9
$PUCSORTHOVIEW
 70
    0
  9
$PUCSORGTOP
 10
0
 20
0
 30
0
  9
$PUCSORGBOTTOM
 10
0
 20
0
 30
0
  9
$PUCSORGLEFT
 10
0
 20
0
 30
0
  9
$PUCSORGRIGHT
 10
0
 20
0
 30
0
  9
$PUCSORGFRONT
 10
0
 20
0
 30
0
  9
$PUCSORGBACK
 10
0
 20
0
 30
0
  9
$USERI1
 70
    0
  9
$USERI2
 70
    0
  9
$USERI3
 70
    0
  9
$USERI4
 70
    0
  9
$USERI5
 70
    0
  9
$USERR1
 40
0
  9
$USERR2
 40
0
  9
$USERR3
 40
0
  9
$USERR4
 40
0
  9
$USERR5
 40
0
  9
$WORLDVIEW
 70
    1
  9
$SHADEDGE
 70
    3
  9
$SHADEDIF
 70
   70
  9
$TILEMODE
 70
    1
  9
$MAXACTVP
 70
   64
  9
$PINSBASE
 10
0
 20
0
 30
0
  9
$PLIMCHECK
 70
    0
  9
$PEXTMIN
 10
0
 20
0
 30
0
  9
$PEXTMAX
 10
0
 20
0
 30
0
  9
$GRIDMODE
 70
    1
  9
$SNAPSTYLE
 70
    0
  9
$GRIDUNIT
 10
0
 20
0
  9
$PLIMMIN
 10
0
 20
0
  9
$PLIMMAX
 10
420
 20
297
  9
$UNITMODE
 70
    0
  9
$VISRETAIN
 70
    1
  9
$PLINEGEN
 70
    0
  9
$PSLTSCALE
 70
    1
  9
$TREEDEPTH
 70
 3020
  9
$CMLSTYLE
  2
Standard
  9
$CMLJUST
 70
    0
  9
$CMLSCALE
 40
20
  9
$PROXYGRAPHICS
 70
    1
  9
$MEASUREMENT
 70
    1
  9
$CELWEIGHT
370
   -1
  9
$ENDCAPS
280
    0
  9
$JOINSTYLE
280
    0
  9
$LWDISPLAY
290
    0
  9
$INSUNITS
 70
    4
  9
$HYPERLINKBASE
  1

  9
$STYLESHEET
  1

  9
$XEDIT
290
    1
  9
$CEPSNTYPE
380
    0
  9
$PSTYLEMODE
290
    1
  9
$EXTNAMES
290
    1
  9
$PSVPSCALE
 40
1
  9
$OLESTARTUP
290
    0
  9
$SORTENTS
280
  127
  9
$INDEXCTL
280
    0
  9
$HIDETEXT
280
    1
  9
$XCLIPFRAME
290
    0
  9
$HALOGAP
280
    0
  9
$OBSCOLOR
 70
  257
  9
$OBSLTYPE
280
    0
  9
$INTERSECTIONDISPLAY
280
    0
  9
$INTERSECTIONCOLOR
 70
  257
  9
$DIMASSOC
280
    1
  9
$PROJECTNAME
  1

  9
$CAMERADISPLAY
290
    0
  9
$LENSLENGTH
 40
50
  9
$CAMERAHEIGHT
 40
0
  9
$STEPSPERSEC
 40
2
  9
$STEPSIZE
 40
50
  9
$3DDWFPREC
 40
2
  9
$PSOLWIDTH
 40
5
  9
$PSOLHEIGHT
 40
80
  9
$LOFTANG1
 40
1.570796326794897
  9
$LOFTANG2
 40
1.570796326794897
  9
$LOFTMAG1
 40
0
  9
$LOFTMAG2
 40
0
  9
$LOFTPARAM
 70
    7
  9
$LOFTNORMALS
280
    1
  9
$LATITUDE
 40
1
  9
$LONGITUDE
 40
1
  9
$NORTHDIRECTION
 40
0
  9
$TIMEZONE
 70
-8000
  9
$LIGHTGLYPHDISPLAY
280
    1
  9
$TILEMODELIGHTSYNCH
280
    1
  9
$SOLIDHIST
280
    1
  9
$SHOWHIST
280
    1
  9
$DWFFRAME
280
    2
  9
$DGNFRAME
280
    0
  9
$REALWORLDSCALE
290
    1
  9
$INTERFERECOLOR
 62
    1
  9
$CSHADOW
280
    0
  9
$SHADOWPLANELOCATION
 40
0
  0
ENDSEC
  0
SECTION
  2
CLASSES
  0
ENDSEC
  0
SECTION
  2
TABLES
  0
TABLE
  2
VPORT
  5
8
330
0
100
AcDbSymbolTable
 70
    1
  0
VPORT
  5
31
330
2
100
AcDbSymbolTableRecord
100
AcDbViewportTableRecord
  2
*ACTIVE
 70
    0
 10
0
 20
0
 11
1
 21
1
 12
299.371869004606
 22
214.9187152970809
 13
0
 23
0
 14
10
 24
10
 15
10
 25
10
 16
0
 26
0
 36
1
 17
0
 27
0
 37
0
 40
447.8929324212879
 41
1.695708712613784
 42
50
 43
0
 44
0
 50
0
 51
0
 71
    0
 72
  100
 73
    1
 74
    3
 75
    0
 76
    1
 77
    0
 78
    0
281
    0
 65
    1
110
0
120
0
130
0
111
1
121
0
131
0
112
0
122
1
132
0
 79
    0
146
0
348
10020
 60
    7
 61
    5
292
1
282
    1
141
0
142
0
 63
  250
421
3358443
  0
ENDTAB
  0
TABLE
  2
LTYPE
  5
5
330
0
100
AcDbSymbolTable
 70
    4
  0
LTYPE
  5
14
330
5
100
AcDbSymbolTableRecord
100
AcDbLinetypeTableRecord
  2
ByBlock
 70
    0
  3

 72
   65
 73
    0
 40
0
  0
LTYPE
  5
15
330
5
100
AcDbSymbolTableRecord
100
AcDbLinetypeTableRecord
  2
ByLayer
 70
    0
  3

 72
   65
 73
    0
 40
0
  0
LTYPE
  5
16
330
5
100
AcDbSymbolTableRecord
100
AcDbLinetypeTableRecord
  2
Continuous
 70
    0
  3
Solid line
 72
   65
 73
    0
 40
0
  0
LTYPE
  5
32
330
5
100
AcDbSymbolTableRecord
100
AcDbLinetypeTableRecord
  2
DOT
 70
    0
  3
Dot . . . . . . . . . . . . . . . . . . . . . .
 72
   65
 73
    2
 40
6.35
 49
0
 74
    0
 49
-6.35
 74
    0
  0
LTYPE
  5
33
330
5
100
AcDbSymbolTableRecord
100
AcDbLinetypeTableRecord
  2
DOTTINY
 70
    0
  3
Dot (.15x) .....................................
 72
   65
 73
    2
 40
0.9525
 49
0
 74
    0
 49
-0.9525
 74
    0
  0
LTYPE
  5
34
330
5
100
AcDbSymbolTableRecord
100
AcDbLinetypeTableRecord
  2
DOT2
 70
    0
  3
Dot (.5x) .....................................
 72
   65
 73
    2
 40
3.175
 49
0
 74
    0
 49
-3.175
 74
    0
  0
LTYPE
  5
35
330
5
100
AcDbSymbolTableRecord
100
AcDbLinetypeTableRecord
  2
DOTX2
 70
    0
  3
Dot (2x) .  .  .  .  .  .  .  .  .  .  .  .  .
 72
   65
 73
    2
 40
12.7
 49
0
 74
    0
 49
-12.7
 74
    0
  0
LTYPE
  5
36
330
5
100
AcDbSymbolTableRecord
100
AcDbLinetypeTableRecord
  2
DASHED
 70
    0
  3
Dashed _ _ _ _ _ _ _ _ _ _ _ _ _ _ _ _ _
 72
   65
 73
    2
 40
19.05
 49
12.7
 74
    0
 49
-6.35
 74
    0
  0
LTYPE
  5
37
330
5
100
AcDbSymbolTableRecord
100
AcDbLinetypeTableRecord
  2
DASHEDTINY
 70
    0
  3
Dashed (.15x) _ _ _ _ _ _ _ _ _ _ _ _ _ _ _ _ _
 72
   65
 73
    2
 40
2.8575
 49
1.905
 74
    0
 49
-0.9525
 74
    0
  0
LTYPE
  5
38
330
5
100
AcDbSymbolTableRecord
100
AcDbLinetypeTableRecord
  2
DASHED2
 70
    0
  3
Dashed (.5x) _ _ _ _ _ _ _ _ _ _ _ _ _ _ _ _ _
 72
   65
 73
    2
 40
9.524999999999999
 49
6.35
 74
    0
 49
-3.175
 74
    0
  0
LTYPE
  5
39
330
5
100
AcDbSymbolTableRecord
100
AcDbLinetypeTableRecord
  2
DASHEDX2
 70
    0
  3
Dashed (2x) ____  ____  ____  ____  ____  ___
 72
   65
 73
    2
 40
38.09999999999999
 49
25.4
 74
    0
 49
-12.7
 74
    0
  0
LTYPE
  5
3A
330
5
100
AcDbSymbolTableRecord
100
AcDbLinetypeTableRecord
  2
DASHDOT
 70
    0
  3
Dash dot __ . __ . __ . __ . __ . __ . __ . __
 72
   65
 73
    4
 40
25.4
 49
12.7
 74
    0
 49
-6.35
 74
    0
 49
0
 74
    0
 49
-6.35
 74
    0
  0
LTYPE
  5
3B
330
5
100
AcDbSymbolTableRecord
100
AcDbLinetypeTableRecord
  2
DASHDOTTINY
 70
    0
  3
Dash dot (.15x) _._._._._._._._._._._._._._._.
 72
   65
 73
    4
 40
3.81
 49
1.905
 74
    0
 49
-0.9525
 74
    0
 49
0
 74
    0
 49
-0.9525
 74
    0
  0
LTYPE
  5
3C
330
5
100
AcDbSymbolTableRecord
100
AcDbLinetypeTableRecord
  2
DASHDOT2
 70
    0
  3
Dash dot (.5x) _._._._._._._._._._._._._._._.
 72
   65
 73
    4
 40
12.7
 49
6.35
 74
    0
 49
-3.175
 74
    0
 49
0
 74
    0
 49
-3.175
 74
    0
  0
LTYPE
  5
3D
330
5
100
AcDbSymbolTableRecord
100
AcDbLinetypeTableRecord
  2
DASHDOTX2
 70
    0
  3
Dash dot (2x) ____  .  ____  .  ____  .  ___
 72
   65
 73
    4
 40
50.8
 49
25.4
 74
    0
 49
-12.7
 74
    0
 49
0
 74
    0
 49
-12.7
 74
    0
  0
LTYPE
  5
3E
330
5
100
AcDbSymbolTableRecord
100
AcDbLinetypeTableRecord
  2
DIVIDE
 70
    0
  3
Divide ____ . . ____ . . ____ . . ____ . . ____
 72
   65
 73
    6
 40
31.75
 49
12.7
 74
    0
 49
-6.35
 74
    0
 49
0
 74
    0
 49
-6.35
 74
    0
 49
0
 74
    0
 49
-6.35
 74
    0
  0
LTYPE
  5
3F
330
5
100
AcDbSymbolTableRecord
100
AcDbLinetypeTableRecord
  2
DIVIDETINY
 70
    0
  3
Divide (.15x) __..__..__..__..__..__..__..__.._
 72
   65
 73
    6
 40
4.7625
 49
1.905
 74
    0
 49
-0.9525
 74
    0
 49
0
 74
    0
 49
-0.9525
 74
    0
 49
0
 74
    0
 49
-0.9525
 74
    0
  0
LTYPE
  5
40
330
5
100
AcDbSymbolTableRecord
100
AcDbLinetypeTableRecord
  2
DIVIDE2
 70
    0
  3
Divide (.5x) __..__..__..__..__..__..__..__.._
 72
   65
 73
    6
 40
15.875
 49
6.35
 74
    0
 49
-3.175
 74
    0
 49
0
 74
    0
 49
-3.175
 74
    0
 49
0
 74
    0
 49
-3.175
 74
    0
  0
LTYPE
  5
41
330
5
100
AcDbSymbolTableRecord
100
AcDbLinetypeTableRecord
  2
DIVIDEX2
 70
    0
  3
Divide (2x) ________  .  .  ________  .  .  _
 72
   65
 73
    6
 40
63.5
 49
25.4
 74
    0
 49
-12.7
 74
    0
 49
0
 74
    0
 49
-12.7
 74
    0
 49
0
 74
    0
 49
-12.7
 74
    0
  0
LTYPE
  5
42
330
5
100
AcDbSymbolTableRecord
100
AcDbLinetypeTableRecord
  2
BORDER
 70
    0
  3
Border __ __ . __ __ . __ __ . __ __ . __ __ .
 72
   65
 73
    6
 40
44.45
 49
12.7
 74
    0
 49
-6.35
 74
    0
 49
12.7
 74
    0
 49
-6.35
 74
    0
 49
0
 74
    0
 49
-6.35
 74
    0
  0
LTYPE
  5
43
330
5
100
AcDbSymbolTableRecord
100
AcDbLinetypeTableRecord
  2
BORDERTINY
 70
    0
  3
Border (.15x) __.__.__.__.__.__.__.__.__.__.__.
 72
   65
 73
    6
 40
6.6675
 49
1.905
 74
    0
 49
-0.9525
 74
    0
 49
1.905
 74
    0
 49
-0.9525
 74
    0
 49
0
 74
    0
 49
-0.9525
 74
    0
  0
LTYPE
  5
44
330
5
100
AcDbSymbolTableRecord
100
AcDbLinetypeTableRecord
  2
BORDER2
 70
    0
  3
Border (.5x) __.__.__.__.__.__.__.__.__.__.__.
 72
   65
 73
    6
 40
22.225
 49
6.35
 74
    0
 49
-3.175
 74
    0
 49
6.35
 74
    0
 49
-3.175
 74
    0
 49
0
 74
    0
 49
-3.175
 74
    0
  0
LTYPE
  5
45
330
5
100
AcDbSymbolTableRecord
100
AcDbLinetypeTableRecord
  2
BORDERX2
 70
    0
  3
Border (2x) ____  ____  .  ____  ____  .  ___
 72
   65
 73
    6
 40
88.89999999999999
 49
25.4
 74
    0
 49
-12.7
 74
    0
 49
25.4
 74
    0
 49
-12.7
 74
    0
 49
0
 74
    0
 49
-12.7
 74
    0
  0
LTYPE
  5
46
330
5
100
AcDbSymbolTableRecord
100
AcDbLinetypeTableRecord
  2
CENTER
 70
    0
  3
Center ____ _ ____ _ ____ _ ____ _ ____ _ ____
 72
   65
 73
    4
 40
50.8
 49
31.75
 74
    0
 49
-6.35
 74
    0
 49
6.35
 74
    0
 49
-6.35
 74
    0
  0
LTYPE
  5
47
330
5
100
AcDbSymbolTableRecord
100
AcDbLinetypeTableRecord
  2
CENTERTINY
 70
    0
  3
Center (.15x) ___ _ ___ _ ___ _ ___ _ ___ _ ___
 72
   65
 73
    4
 40
7.62
 49
4.7625
 74
    0
 49
-0.9525
 74
    0
 49
0.9525
 74
    0
 49
-0.9525
 74
    0
  0
LTYPE
  5
48
330
5
100
AcDbSymbolTableRecord
100
AcDbLinetypeTableRecord
  2
CENTER2
 70
    0
  3
Center (.5x) ___ _ ___ _ ___ _ ___ _ ___ _ ___
 72
   65
 73
    4
 40
28.575
 49
19.05
 74
    0
 49
-3.175
 74
    0
 49
3.175
 74
    0
 49
-3.175
 74
    0
  0
LTYPE
  5
49
330
5
100
AcDbSymbolTableRecord
100
AcDbLinetypeTableRecord
  2
CENTERX2
 70
    0
  3
Center (2x) ________  __  ________  __  _____
 72
   65
 73
    4
 40
101.6
 49
63.5
 74
    0
 49
-12.7
 74
    0
 49
12.7
 74
    0
 49
-12.7
 74
    0
  0
ENDTAB
  0
TABLE
  2
LAYER
  5
2
330
0
100
AcDbSymbolTable
 70
    1
  0
LAYER
  5
10
330
2
100
AcDbSymbolTableRecord
100
AcDbLayerTableRecord
  2
0
 70
    1
 62
    7
  6
CONTINUOUS
370
    0
390
F
  0
LAYER
  5
4A
330
2
100
AcDbSymbolTableRecord
100
AcDbLayerTableRecord
  2
mag
 70
    0
 62
    5
  6
CONTINUOUS
370
    0
390
F
  0
LAYER
  5
4B
330
2
100
AcDbSymbolTableRecord
100
AcDbLayerTableRecord
  2
outline
 70
    0
 62
    7
  6
CONTINUOUS
370
   20
390
F
  0
LAYER
  5
4C
330
2
100
AcDbSymbolTableRecord
100
AcDbLayerTableRecord
  2
plate
 70
    0
 62
   96
420
32768
  6
CONTINUOUS
370
    0
390
F
  0
ENDTAB
  0
TABLE
  2
STYLE
  5
3
330
0
100
AcDbSymbolTable
 70
    3
  0
STYLE
  5
4D
330
2
100
AcDbSymbolTableRecord
100
AcDbTextStyleTableRecord
  2
unicode
 70
    0
 40
0
 41
1
 50
0
 71
    0
 42
1
  3
unicode
  4

  0
STYLE
  5
4E
330
2
100
AcDbSymbolTableRecord
100
AcDbTextStyleTableRecord
  2
Standard
 70
    0
 40
0
 41
1
 50
0
 71
    0
 42
1
  3
txt
  4

  0
ENDTAB
  0
TABLE
  2
VIEW
  5
6
330
0
100
AcDbSymbolTable
 70
    0
  0
ENDTAB
  0
TABLE
  2
UCS
  5
7
330
0
100
AcDbSymbolTable
 70
    0
  0
ENDTAB
  0
TABLE
  2
APPID
  5
9
330
0
100
AcDbSymbolTable
 70
    1
  0
APPID
  5
12
330
9
100
AcDbSymbolTableRecord
100
AcDbRegAppTableRecord
  2
ACAD
 70
    0
  0
APPID
  5
4F
330
9
100
AcDbSymbolTableRecord
100
AcDbRegAppTableRecord
  2
LibreCad
 70
    0
  0
ENDTAB
  0
TABLE
  2
DIMSTYLE
  5
A
330
0
100
AcDbSymbolTable
 70
    1
100
AcDbDimStyleTable
 71
    1
  0
DIMSTYLE
105
50
330
A
100
AcDbSymbolTableRecord
100
AcDbDimStyleTableRecord
  2
Standard
 70
    0
 40
1
 41
2.5
 42
0.625
 43
0.38
 44
1.25
 45
0
 46
0
 47
0
 48
0
 49
1
140
2.5
141
0.09
142
0
143
25.4
144
1
145
0
146
1
147
0.625
148
0
 71
    0
 72
    0
 73
    0
 74
    1
 75
    0
 76
    0
 77
    0
 78
    8
 79
    0
170
    0
171
    2
172
    0
173
    0
174
    0
175
    0
176
    0
177
    0
178
    0
179
    0
271
    2
272
    4
273
    2
274
    2
275
    0
276
    0
277
    2
278
   44
279
    0
280
    0
281
    0
282
    0
283
    1
284
    0
285
    0
286
    0
288
    0
289
    3
340
standard
341

371
   -2
372
   -2
  0
ENDTAB
  0
TABLE
  2
BLOCK_RECORD
  5
1
330
0
100
AcDbSymbolTable
 70
    2
  0
BLOCK_RECORD
  5
1F
330
1
100
AcDbSymbolTableRecord
100
AcDbBlockTableRecord
  2
*Model_Space
 70
    0
280
    1
281
    0
  0
BLOCK_RECORD
  5
1E
330
1
100
AcDbSymbolTableRecord
100
AcDbBlockTableRecord
  2
*Paper_Space
 70
    0
280
    1
281
    0
  0
BLOCK_RECORD
  5
51
330
1
100
AcDbSymbolTableRecord
100
AcDbBlockTableRecord
  2
*D9
 70
    0
280
    1
281
    0
  0
BLOCK_RECORD
  5
54
330
1
100
AcDbSymbolTableRecord
100
AcDbBlockTableRecord
  2
*D15
 70
    0
280
    1
281
    0
  0
BLOCK_RECORD
  5
57
330
1
100
AcDbSymbolTableRecord
100
AcDbBlockTableRecord
  2
*D13
 70
    0
280
    1
281
    0
  0
BLOCK_RECORD
  5
5A
330
1
100
AcDbSymbolTableRecord
100
AcDbBlockTableRecord
  2
*D7
 70
    0
280
    1
281
    0
  0
BLOCK_RECORD
  5
5D
330
1
100
AcDbSymbolTableRecord
100
AcDbBlockTableRecord
  2
*D11
 70
    0
280
    1
281
    0
  0
BLOCK_RECORD
  5
60
330
1
100
AcDbSymbolTableRecord
100
AcDbBlockTableRecord
  2
*D1
 70
    0
280
    1
281
    0
  0
BLOCK_RECORD
  5
63
330
1
100
AcDbSymbolTableRecord
100
AcDbBlockTableRecord
  2
*D6
 70
    0
280
    1
281
    0
  0
BLOCK_RECORD
  5
66
330
1
100
AcDbSymbolTableRecord
100
AcDbBlockTableRecord
  2
*D14
 70
    0
280
    1
281
    0
  0
BLOCK_RECORD
  5
69
330
1
100
AcDbSymbolTableRecord
100
AcDbBlockTableRecord
  2
*D10
 70
    0
280
    1
281
    0
  0
BLOCK_RECORD
  5
6C
330
1
100
AcDbSymbolTableRecord
100
AcDbBlockTableRecord
  2
*D3
 70
    0
280
    1
281
    0
  0
BLOCK_RECORD
  5
6F
330
1
100
AcDbSymbolTableRecord
100
AcDbBlockTableRecord
  2
*D8
 70
    0
280
    1
281
    0
  0
BLOCK_RECORD
  5
72
330
1
100
AcDbSymbolTableRecord
100
AcDbBlockTableRecord
  2
*D2
 70
    0
280
    1
281
    0
  0
BLOCK_RECORD
  5
75
330
1
100
AcDbSymbolTableRecord
100
AcDbBlockTableRecord
  2
*D12
 70
    0
280
    1
281
    0
  0
BLOCK_RECORD
  5
78
330
1
100
AcDbSymbolTableRecord
100
AcDbBlockTableRecord
  2
*D5
 70
    0
280
    1
281
    0
  0
BLOCK_RECORD
  5
7B
330
1
100
AcDbSymbolTableRecord
100
AcDbBlockTableRecord
  2
*D4
 70
    0
280
    1
281
    0
  0
BLOCK_RECORD
  5
7E
330
1
100
AcDbSymbolTableRecord
100
AcDbBlockTableRecord
  2
suit80_6.25u_plate_references
 70
    0
280
    1
281
    0
  0
ENDTAB
  0
ENDSEC
  0
SECTION
  2
BLOCKS
  0
BLOCK
  5
20
330
1F
100
AcDbEntity
  8
0
100
AcDbBlockBegin
  2
*Model_Space
 70
    0
 10
0
 20
0
 30
0
  3
*Model_Space
  1

  0
ENDBLK
  5
21
330
1F
100
AcDbEntity
  8
0
100
AcDbBlockEnd
  0
BLOCK
  5
1C
330
1B
100
AcDbEntity
  8
0
100
AcDbBlockBegin
  2
*Paper_Space
 70
    0
 10
0
 20
0
 30
0
  3
*Paper_Space
  1

  0
ENDBLK
  5
1D
330
1F
100
AcDbEntity
  8
0
100
AcDbBlockEnd
  0
BLOCK
  5
52
330
51
100
AcDbEntity
  8
0
100
AcDbBlockBegin
  2
*D9
 70
    1
 10
0
 20
0
  3
*D9
  1

  0
LINE
  5
81
100
AcDbEntity
  8
mag
  6
ByBlock
 62
    0
370
   -2
100
AcDbLine
 10
231.7193580054691
 20
242.8686199799865
 11
189.7193523819685
 21
242.8686199799865
  0
MTEXT
  5
82
100
AcDbEntity
  8
mag
  6
CONTINUOUS
 62
    0
370
   -2
100
AcDbMText
 10
210.7193551937188
 20
244.7436199799865
 30
0
 40
2.5
 41
3.333333333333333
 71
    5
 72
    1
  1
42
  7
standard
210
0
220
0
230
1
 50
0
 73
    2
 44
1
  0
SOLID
  5
83
100
AcDbEntity
  8
mag
  6
ByBlock
 62
    0
370
   -2
100
AcDbTrace
 10
231.7193580054691
 20
242.8686199799865
 30
0
 11
229.2193580054691
 21
242.4523353222137
 31
0
 12
229.2193580054691
 22
243.2849046377594
 32
0
 13
229.2193580054691
 23
243.2849046377594
 33
0
  0
SOLID
  5
84
100
AcDbEntity
  8
mag
  6
ByBlock
 62
    0
370
   -2
100
AcDbTrace
 10
189.7193523819685
 20
242.8686199799865
 30
0
 11
192.2193523819685
 21
243.2849046377594
 31
0
 12
192.2193523819685
 22
242.4523353222137
 32
0
 13
192.2193523819685
 23
242.4523353222137
 33
0
  0
LINE
  5
85
100
AcDbEntity
  8
mag
  6
ByBlock
 62
    0
370
   -2
100
AcDbLine
 10
231.7193580054691
 20
223.231915878124
 11
231.7193580054691
 21
244.1186199799865
  0
LINE
  5
86
100
AcDbEntity
  8
mag
  6
ByBlock
 62
    0
370
   -2
100
AcDbLine
 10
189.7193523819685
 20
223.231915878124
 11
189.7193523819685
 21
244.1186199799865
  0
ENDBLK
  5
53
330
51
100
AcDbEntity
  8
0
100
AcDbBlockEnd
  0
BLOCK
  5
55
330
54
100
AcDbEntity
  8
0
100
AcDbBlockBegin
  2
*D15
 70
    1
 10
0
 20
0
  3
*D15
  1

  0
LINE
  5
87
100
AcDbEntity
  8
mag
  6
ByBlock
 62
    0
370
   -2
100
AcDbLine
 10
324.8195849860838
 20
195.5515158781239
 11
324.8195849860838
 21
181.551915878124
  0
MTEXT
  5
88
100
AcDbEntity
  8
mag
  6
CONTINUOUS
 62
    0
370
   -2
100
AcDbMText
 10
322.9445849860838
 20
188.551715878124
 30
0
 40
2.5
 41
2.777777777777778
 71
    5
 72
    1
  1
14
  7
standard
210
0
220
0
230
1
 50
90
 73
    2
 44
1
  0
SOLID
  5
89
100
AcDbEntity
  8
mag
  6
ByBlock
 62
    0
370
   -2
100
AcDbTrace
 10
324.8195849860838
 20
195.5515158781239
 30
0
 11
325.2358696438566
 21
193.0515158781239
 31
0
 12
324.4033003283109
 22
193.0515158781239
 32
0
 13
324.4033003283109
 23
193.0515158781239
 33
0
  0
SOLID
  5
8A
100
AcDbEntity
  8
mag
  6
ByBlock
 62
    0
370
   -2
100
AcDbTrace
 10
324.8195849860838
 20
181.551915878124
 30
0
 11
324.4033003283109
 21
184.051915878124
 31
0
 12
325.2358696438566
 22
184.051915878124
 32
0
 13
325.2358696438566
 23
184.051915878124
 33
0
  0
LINE
  5
8B
100
AcDbEntity
  8
mag
  6
ByBlock
 62
    0
370
   -2
100
AcDbLine
 10
329.2982665079382
 20
195.5515158781239
 11
323.5695849860838
 21
195.5515158781239
  0
LINE
  5
8C
100
AcDbEntity
  8
mag
  6
ByBlock
 62
    0
370
   -2
100
AcDbLine
 10
329.2982665079382
 20
181.551915878124
 11
323.5695849860838
 21
181.551915878124
  0
ENDBLK
  5
56
330
54
100
AcDbEntity
  8
0
100
AcDbBlockEnd
  0
BLOCK
  5
58
330
57
100
AcDbEntity
  8
0
100
AcDbBlockBegin
  2
*D13
 70
    1
 10
0
 20
0
  3
*D13
  1

  0
LINE
  5
8D
100
AcDbEntity
  8
mag
  6
ByBlock
 62
    0
370
   -2
100
AcDbLine
 10
26.98776522710099
 20
222.606915878124
 11
26.98776522710098
 21
102.108194878124
  0
MTEXT
  5
8E
100
AcDbEntity
  8
mag
  6
CONTINUOUS
 62
    0
370
   -2
100
AcDbMText
 10
25.11276522710098
 20
162.357555378124
 30
0
 40
2.5
 41
7.361111111111267
 71
    5
 72
    1
  1
120,5
  7
standard
210
0
220
0
230
1
 50
90
 73
    2
 44
1
  0
SOLID
  5
8F
100
AcDbEntity
  8
mag
  6
ByBlock
 62
    0
370
   -2
100
AcDbTrace
 10
26.98776522710099
 20
222.606915878124
 30
0
 11
27.40404988487383
 21
220.106915878124
 31
0
 12
26.57148056932814
 22
220.106915878124
 32
0
 13
26.57148056932814
 23
220.106915878124
 33
0
  0
SOLID
  5
90
100
AcDbEntity
  8
mag
  6
ByBlock
 62
    0
370
   -2
100
AcDbTrace
 10
26.98776522710098
 20
102.108194878124
 30
0
 11
26.57148056932814
 21
104.608194878124
 31
0
 12
27.40404988487382
 22
104.608194878124
 32
0
 13
27.40404988487382
 23
104.608194878124
 33
0
  0
LINE
  5
91
100
AcDbEntity
  8
mag
  6
ByBlock
 62
    0
370
   -2
100
AcDbLine
 10
36.78435110793823
 20
222.606915878124
 11
25.73776522710099
 21
222.606915878124
  0
LINE
  5
92
100
AcDbEntity
  8
mag
  6
ByBlock
 62
    0
370
   -2
100
AcDbLine
 10
36.78435110793823
 20
102.108194878124
 11
25.73776522710098
 21
102.108194878124
  0
ENDBLK
  5
59
330
57
100
AcDbEntity
  8
0
100
AcDbBlockEnd
  0
BLOCK
  5
5B
330
5A
100
AcDbEntity
  8
0
100
AcDbBlockBegin
  2
*D7
 70
    1
 10
0
 20
0
  3
*D7
  1

  0
LINE
  5
93
100
AcDbEntity
  8
mag
  6
ByBlock
 62
    0
370
   -2
100
AcDbLine
 10
394.6625043888848
 20
107.108194878124
 11
394.6625043888848
 21
95.10819487812689
  0
MTEXT
  5
94
100
AcDbEntity
  8
mag
  6
CONTINUOUS
 62
    0
370
   -2
100
AcDbMText
 10
392.7875043888848
 20
101.1081948781255
 30
0
 40
2.5
 41
1.111111111111111
 71
    5
 72
    1
  1
2
  7
standard
210
0
220
0
230
1
 50
90
 73
    2
 44
1
  0
SOLID
  5
95
100
AcDbEntity
  8
mag
  6
ByBlock
 62
    0
370
   -2
100
AcDbTrace
 10
394.6625043888848
 20
102.108194878124
 30
0
 11
394.246219731112
 21
104.608194878124
 31
0
 12
395.0787890466577
 22
104.608194878124
 32
0
 13
395.0787890466577
 23
104.608194878124
 33
0
  0
SOLID
  5
96
100
AcDbEntity
  8
mag
  6
ByBlock
 62
    0
370
   -2
100
AcDbTrace
 10
394.6625043888848
 20
100.1081948781269
 30
0
 11
395.0787890466577
 21
97.60819487812689
 31
0
 12
394.246219731112
 22
97.60819487812689
 32
0
 13
394.246219731112
 23
97.60819487812689
 33
0
  0
LINE
  5
97
100
AcDbEntity
  8
mag
  6
ByBlock
 62
    0
370
   -2
100
AcDbLine
 10
371.1522665079382
 20
102.108194878124
 11
395.9125043888848
 21
102.108194878124
  0
LINE
  5
98
100
AcDbEntity
  8
mag
  6
ByBlock
 62
    0
370
   -2
100
AcDbLine
 10
371.1522665079382
 20
100.1081948781269
 11
395.9125043888848
 21
100.1081948781269
  0
ENDBLK
  5
5C
330
5A
100
AcDbEntity
  8
0
100
AcDbBlockEnd
  0
BLOCK
  5
5E
330
5D
100
AcDbEntity
  8
0
100
AcDbBlockBegin
  2
*D11
 70
    1
 10
0
 20
0
  3
*D11
  1

  0
LINE
  5
99
100
AcDbEntity
  8
mag
  6
ByBlock
 62
    0
370
   -2
100
AcDbLine
 10
31.40935110793823
 20
249.1631501220974
 11
43.40935110793823
 21
249.1631501220974
  0
MTEXT
  5
9A
100
AcDbEntity
  8
mag
  6
CONTINUOUS
 62
    0
370
   -2
100
AcDbMText
 10
37.40935110793823
 20
251.0381501220974
 30
0
 40
2.5
 41
1.111111111111111
 71
    5
 72
    1
  1
2
  7
standard
210
0
220
0
230
1
 50
0
 73
    2
 44
1
  0
SOLID
  5
9B
100
AcDbEntity
  8
mag
  6
ByBlock
 62
    0
370
   -2
100
AcDbTrace
 10
36.40935110793823
 20
249.1631501220974
 30
0
 11
33.90935110793823
 21
248.7468654643245
 31
0
 12
33.90935110793823
 22
249.5794347798702
 32
0
 13
33.90935110793823
 23
249.5794347798702
 33
0
  0
SOLID
  5
9C
100
AcDbEntity
  8
mag
  6
ByBlock
 62
    0
370
   -2
100
AcDbTrace
 10
38.40935110793823
 20
249.1631501220974
 30
0
 11
40.90935110793823
 21
249.5794347798702
 31
0
 12
40.90935110793823
 22
248.7468654643245
 32
0
 13
40.90935110793823
 23
248.7468654643245
 33
0
  0
LINE
  5
9D
100
AcDbEntity
  8
mag
  6
ByBlock
 62
    0
370
   -2
100
AcDbLine
 10
36.40935110793823
 20
222.231915878124
 11
36.40935110793823
 21
250.4131501220974
  0
LINE
  5
9E
100
AcDbEntity
  8
mag
  6
ByBlock
 62
    0
370
   -2
100
AcDbLine
 10
38.40935110793823
 20
227.231915878121
 11
38.40935110793823
 21
250.4131501220974
  0
ENDBLK
  5
5F
330
5D
100
AcDbEntity
  8
0
100
AcDbBlockEnd
  0
BLOCK
  5
61
330
60
100
AcDbEntity
  8
0
100
AcDbBlockBegin
  2
*D1
 70
    1
 10
0
 20
0
  3
*D1
  1

  0
LINE
  5
9F
100
AcDbEntity
  8
mag
  6
ByBlock
 62
    0
370
   -2
100
AcDbLine
 10
36.40935110793822
 20
262.9330969514996
 11
385.0272665079382
 21
262.9330969514996
  0
MTEXT
  5
A0
100
AcDbEntity
  8
mag
  6
CONTINUOUS
 62
    0
370
   -2
100
AcDbMText
 10
210.7183088079382
 20
264.8080969514996
 30
0
 40
2.5
 41
10.1388888888892
 71
    5
 72
    1
  1
348,62
  7
standard
210
0
220
0
230
1
 50
0
 73
    2
 44
1
  0
SOLID
  5
A1
100
AcDbEntity
  8
mag
  6
ByBlock
 62
    0
370
   -2
100
AcDbTrace
 10
36.40935110793822
 20
262.9330969514996
 30
0
 11
38.90935110793822
 21
263.3493816092724
 31
0
 12
38.90935110793822
 22
262.5168122937267
 32
0
 13
38.90935110793822
 23
262.5168122937267
 33
0
  0
SOLID
  5
A2
100
AcDbEntity
  8
mag
  6
ByBlock
 62
    0
370
   -2
100
AcDbTrace
 10
385.0272665079382
 20
262.9330969514996
 30
0
 11
382.5272665079382
 21
262.5168122937267
 31
0
 12
382.5272665079382
 22
263.3493816092724
 32
0
 13
382.5272665079382
 23
263.3493816092724
 33
0
  0
LINE
  5
A3
100
AcDbEntity
  8
mag
  6
ByBlock
 62
    0
370
   -2
100
AcDbLine
 10
36.40935110793823
 20
222.231915878124
 11
36.40935110793822
 21
264.1830969514996
  0
LINE
  5
A4
100
AcDbEntity
  8
mag
  6
ByBlock
 62
    0
370
   -2
100
AcDbLine
 10
385.0272665079382
 20
222.231915878124
 11
385.0272665079382
 21
264.1830969514996
  0
ENDBLK
  5
62
330
60
100
AcDbEntity
  8
0
100
AcDbBlockEnd
  0
BLOCK
  5
64
330
63
100
AcDbEntity
  8
0
100
AcDbBlockBegin
  2
*D6
 70
    1
 10
0
 20
0
  3
*D6
  1

  0
LINE
  5
A5
100
AcDbEntity
  8
mag
  6
ByBlock
 62
    0
370
   -2
100
AcDbLine
 10
401.1020625911672
 20
105.1081948781269
 11
401.1020625911672
 21
92.10819487812691
  0
MTEXT
  5
A6
100
AcDbEntity
  8
mag
  6
CONTINUOUS
 62
    0
370
   -2
100
AcDbMText
 10
399.2270625911672
 20
98.60819487812691
 30
0
 40
2.5
 41
1.111111111111266
 71
    5
 72
    1
  1
3
  7
standard
210
0
220
0
230
1
 50
90
 73
    2
 44
1
  0
SOLID
  5
A7
100
AcDbEntity
  8
mag
  6
ByBlock
 62
    0
370
   -2
100
AcDbTrace
 10
401.1020625911672
 20
100.1081948781269
 30
0
 11
400.6857779333944
 21
102.6081948781269
 31
0
 12
401.5183472489401
 22
102.6081948781269
 32
0
 13
401.5183472489401
 23
102.6081948781269
 33
0
  0
SOLID
  5
A8
100
AcDbEntity
  8
mag
  6
ByBlock
 62
    0
370
   -2
100
AcDbTrace
 10
401.1020625911672
 20
97.10819487812691
 30
0
 11
401.5183472489401
 21
94.60819487812691
 31
0
 12
400.6857779333944
 22
94.60819487812691
 32
0
 13
400.6857779333944
 23
94.60819487812691
 33
0
  0
LINE
  5
A9
100
AcDbEntity
  8
mag
  6
ByBlock
 62
    0
370
   -2
100
AcDbLine
 10
382.6522665079382
 20
100.1081948781269
 11
402.3520625911672
 21
100.1081948781269
  0
LINE
  5
AA
100
AcDbEntity
  8
mag
  6
ByBlock
 62
    0
370
   -2
100
AcDbLine
 10
382.6522599126353
 20
97.10819487812691
 11
402.3520625911672
 21
97.10819487812691
  0
ENDBLK
  5
65
330
63
100
AcDbEntity
  8
0
100
AcDbBlockEnd
  0
BLOCK
  5
67
330
66
100
AcDbEntity
  8
0
100
AcDbBlockBegin
  2
*D14
 70
    1
 10
0
 20
0
  3
*D14
  1

  0
LINE
  5
AB
100
AcDbEntity
  8
mag
  6
ByBlock
 62
    0
370
   -2
100
AcDbLine
 10
329.9232665079382
 20
200.1169011477722
 11
343.9242665079382
 21
200.1169011477722
  0
MTEXT
  5
AC
100
AcDbEntity
  8
mag
  6
CONTINUOUS
 62
    0
370
   -2
100
AcDbMText
 10
336.9237665079382
 20
201.9919011477722
 30
0
 40
2.5
 41
2.777777777777778
 71
    5
 72
    1
  1
14
  7
standard
210
0
220
0
230
1
 50
0
 73
    2
 44
1
  0
SOLID
  5
AD
100
AcDbEntity
  8
mag
  6
ByBlock
 62
    0
370
   -2
100
AcDbTrace
 10
329.9232665079382
 20
200.1169011477722
 30
0
 11
332.4232665079382
 21
200.5331858055451
 31
0
 12
332.4232665079382
 22
199.7006164899994
 32
0
 13
332.4232665079382
 23
199.7006164899994
 33
0
  0
SOLID
  5
AE
100
AcDbEntity
  8
mag
  6
ByBlock
 62
    0
370
   -2
100
AcDbTrace
 10
343.9242665079382
 20
200.1169011477722
 30
0
 11
341.4242665079382
 21
199.7006164899994
 31
0
 12
341.4242665079382
 22
200.5331858055451
 32
0
 13
341.4242665079382
 23
200.5331858055451
 33
0
  0
LINE
  5
AF
100
AcDbEntity
  8
mag
  6
ByBlock
 62
    0
370
   -2
100
AcDbLine
 10
329.9232665079382
 20
196.1765158781239
 11
329.9232665079382
 21
201.3669011477722
  0
LINE
  5
B0
100
AcDbEntity
  8
mag
  6
ByBlock
 62
    0
370
   -2
100
AcDbLine
 10
343.9242665079382
 20
196.1765158781239
 11
343.9242665079382
 21
201.3669011477722
  0
ENDBLK
  5
68
330
66
100
AcDbEntity
  8
0
100
AcDbBlockEnd
  0
BLOCK
  5
6A
330
69
100
AcDbEntity
  8
0
100
AcDbBlockBegin
  2
*D10
 70
    1
 10
0
 20
0
  3
*D10
  1

  0
LINE
  5
B1
100
AcDbEntity
  8
mag
  6
ByBlock
 62
    0
370
   -2
100
AcDbLine
 10
299.7193489707415
 20
242.6165228653152
 11
338.5293427798813
 21
242.6165228653152
  0
MTEXT
  5
B2
100
AcDbEntity
  8
mag
  6
CONTINUOUS
 62
    0
370
   -2
100
AcDbMText
 10
319.1243458753114
 20
244.4915228653152
 30
0
 40
2.5
 41
7.361111111111267
 71
    5
 72
    1
  1
38,81
  7
standard
210
0
220
0
230
1
 50
0
 73
    2
 44
1
  0
SOLID
  5
B3
100
AcDbEntity
  8
mag
  6
ByBlock
 62
    0
370
   -2
100
AcDbTrace
 10
299.7193489707415
 20
242.6165228653152
 30
0
 11
302.2193489707415
 21
243.0328075230881
 31
0
 12
302.2193489707415
 22
242.2002382075424
 32
0
 13
302.2193489707415
 23
242.2002382075424
 33
0
  0
SOLID
  5
B4
100
AcDbEntity
  8
mag
  6
ByBlock
 62
    0
370
   -2
100
AcDbTrace
 10
338.5293427798813
 20
242.6165228653152
 30
0
 11
336.0293427798813
 21
242.2002382075424
 31
0
 12
336.0293427798813
 22
243.0328075230881
 32
0
 13
336.0293427798813
 23
243.0328075230881
 33
0
  0
LINE
  5
B5
100
AcDbEntity
  8
mag
  6
ByBlock
 62
    0
370
   -2
100
AcDbLine
 10
299.7193489707415
 20
223.231915878124
 11
299.7193489707415
 21
243.8665228653152
  0
LINE
  5
B6
100
AcDbEntity
  8
mag
  6
ByBlock
 62
    0
370
   -2
100
AcDbLine
 10
338.5293427798813
 20
223.2319158781241
 11
338.5293427798813
 21
243.8665228653152
  0
ENDBLK
  5
6B
330
69
100
AcDbEntity
  8
0
100
AcDbBlockEnd
  0
BLOCK
  5
6D
330
6C
100
AcDbEntity
  8
0
100
AcDbBlockBegin
  2
*D3
 70
    1
 10
0
 20
0
  3
*D3
  1

  0
LINE
  5
B7
100
AcDbEntity
  8
mag
  6
ByBlock
 62
    0
370
   -2
100
AcDbLine
 10
106.717265233908
 20
74.42707922227112
 11
204.717265233908
 21
74.42707922227112
  0
MTEXT
  5
B8
100
AcDbEntity
  8
mag
  6
CONTINUOUS
 62
    0
370
   -2
100
AcDbMText
 10
155.717265233908
 20
76.30207922227112
 30
0
 40
2.5
 41
3.055555555555711
 71
    5
 72
    1
  1
98
  7
standard
210
0
220
0
230
1
 50
0
 73
    2
 44
1
  0
SOLID
  5
B9
100
AcDbEntity
  8
mag
  6
ByBlock
 62
    0
370
   -2
100
AcDbTrace
 10
106.717265233908
 20
74.42707922227112
 30
0
 11
109.217265233908
 21
74.84336388004395
 31
0
 12
109.217265233908
 22
74.01079456449828
 32
0
 13
109.217265233908
 23
74.01079456449828
 33
0
  0
SOLID
  5
BA
100
AcDbEntity
  8
mag
  6
ByBlock
 62
    0
370
   -2
100
AcDbTrace
 10
204.717265233908
 20
74.42707922227112
 30
0
 11
202.217265233908
 21
74.01079456449828
 31
0
 12
202.217265233908
 22
74.84336388004395
 32
0
 13
202.217265233908
 23
74.84336388004395
 33
0
  0
LINE
  5
BB
100
AcDbEntity
  8
mag
  6
ByBlock
 62
    0
370
   -2
100
AcDbLine
 10
106.717265233908
 20
97.48319359598122
 11
106.717265233908
 21
73.17707922227112
  0
LINE
  5
BC
100
AcDbEntity
  8
mag
  6
ByBlock
 62
    0
370
   -2
100
AcDbLine
 10
204.717265233908
 20
97.48319468931814
 11
204.717265233908
 21
73.17707922227112
  0
ENDBLK
  5
6E
330
6C
100
AcDbEntity
  8
0
100
AcDbBlockEnd
  0
BLOCK
  5
70
330
6F
100
AcDbEntity
  8
0
100
AcDbBlockBegin
  2
*D8
 70
    1
 10
0
 20
0
  3
*D8
  1

  0
SOLID
  5
BD
100
AcDbEntity
  8
mag
  6
ByBlock
 62
    0
370
   -2
100
AcDbTrace
 10
381.0441372159218
 20
226.4355747033698
 30
0
 11
378.6524345311663
 21
225.597093228303
 31
0
 12
378.5097811265789
 22
226.4173503046807
 32
0
 13
378.5097811265789
 23
226.4173503046807
 33
0
  0
LINE
  5
BE
100
AcDbEntity
  8
mag
  6
ByBlock
 62
    0
370
   -2
100
AcDbLine
 10
382.0293489707414
 20
226.606915878121
 11
375.5707385780346
 21
225.4836792880854
  0
MTEXT
  5
BF
100
AcDbEntity
  8
mag
  6
CONTINUOUS
 62
    0
370
   -2
100
AcDbMText
 10
377.9861731943196
 20
227.8068990360144
 30
0
 40
2.5
 41
0.5555555555555556
 71
    5
 72
    1
  1
1
  7
standard
210
0
220
0
230
1
 50
9.865806943081081
 73
    2
 44
1
  0
ENDBLK
  5
71
330
6F
100
AcDbEntity
  8
0
100
AcDbBlockEnd
  0
BLOCK
  5
73
330
72
100
AcDbEntity
  8
0
100
AcDbBlockBegin
  2
*D2
 70
    1
 10
0
 20
0
  3
*D2
  1

  0
LINE
  5
C0
100
AcDbEntity
  8
mag
  6
ByBlock
 62
    0
370
   -2
100
AcDbLine
 10
38.40726864513509
 20
74.58911719890898
 11
95.40726864513508
 21
74.58911719890898
  0
MTEXT
  5
C1
100
AcDbEntity
  8
mag
  6
CONTINUOUS
 62
    0
370
   -2
100
AcDbMText
 10
66.90726864513508
 20
76.46411719890898
 30
0
 40
2.5
 41
3.055555555555711
 71
    5
 72
    1
  1
57
  7
standard
210
0
220
0
230
1
 50
0
 73
    2
 44
1
  0
SOLID
  5
C2
100
AcDbEntity
  8
mag
  6
ByBlock
 62
    0
370
   -2
100
AcDbTrace
 10
38.40726864513509
 20
74.58911719890898
 30
0
 11
40.90726864513509
 21
75.00540185668181
 31
0
 12
40.90726864513509
 22
74.17283254113615
 32
0
 13
40.90726864513509
 23
74.17283254113615
 33
0
  0
SOLID
  5
C3
100
AcDbEntity
  8
mag
  6
ByBlock
 62
    0
370
   -2
100
AcDbTrace
 10
95.40726864513508
 20
74.58911719890898
 30
0
 11
92.90726864513508
 21
74.17283254113615
 31
0
 12
92.90726864513508
 22
75.00540185668181
 32
0
 13
92.90726864513508
 23
75.00540185668181
 33
0
  0
LINE
  5
C4
100
AcDbEntity
  8
mag
  6
ByBlock
 62
    0
370
   -2
100
AcDbLine
 10
38.40726864513508
 20
97.48319469608293
 11
38.40726864513509
 21
73.33911719890898
  0
LINE
  5
C5
100
AcDbEntity
  8
mag
  6
ByBlock
 62
    0
370
   -2
100
AcDbLine
 10
95.40726864513508
 20
97.48319487812694
 11
95.40726864513508
 21
73.33911719890898
  0
ENDBLK
  5
74
330
72
100
AcDbEntity
  8
0
100
AcDbBlockEnd
  0
BLOCK
  5
76
330
75
100
AcDbEntity
  8
0
100
AcDbBlockBegin
  2
*D12
 70
    1
 10
0
 20
0
  3
*D12
  1

  0
SOLID
  5
C6
100
AcDbEntity
  8
mag
  6
ByBlock
 62
    0
370
   -2
100
AcDbTrace
 10
369.5568488361482
 20
223.8398181928719
 30
0
 11
367.0286448392748
 21
224.017237094036
 31
0
 12
367.222552160056
 22
224.8269108654623
 32
0
 13
367.222552160056
 23
224.8269108654623
 33
0
  0
LINE
  5
C7
100
AcDbEntity
  8
mag
  6
ByBlock
 62
    0
370
   -2
100
AcDbLine
 10
370.5293489707414
 20
223.606915878121
 11
364.1540703106307
 21
225.133719941488
  0
MTEXT
  5
C8
100
AcDbEntity
  8
mag
  6
CONTINUOUS
 62
    0
370
   -2
100
AcDbMText
 10
367.2921514135471
 20
226.3102068195417
 30
0
 40
2.5
 41
0.5555555555555556
 71
    5
 72
    1
  1
1
  7
standard
210
0
220
0
230
1
 50
346.5319964008878
 73
    2
 44
1
  0
ENDBLK
  5
77
330
75
100
AcDbEntity
  8
0
100
AcDbBlockEnd
  0
BLOCK
  5
79
330
78
100
AcDbEntity
  8
0
100
AcDbBlockBegin
  2
*D5
 70
    1
 10
0
 20
0
  3
*D5
  1

  0
LINE
  5
C9
100
AcDbEntity
  8
mag
  6
ByBlock
 62
    0
370
   -2
100
AcDbLine
 10
314.717265233908
 20
74.1325035866418
 11
326.0272665079382
 21
74.1325035866418
  0
MTEXT
  5
CA
100
AcDbEntity
  8
mag
  6
CONTINUOUS
 62
    0
370
   -2
100
AcDbMText
 10
320.3722658709231
 20
76.0075035866418
 30
0
 40
2.5
 41
6.250000000000155
 71
    5
 72
    1
  1
11,31
  7
standard
210
0
220
0
230
1
 50
0
 73
    2
 44
1
  0
SOLID
  5
CB
100
AcDbEntity
  8
mag
  6
ByBlock
 62
    0
370
   -2
100
AcDbTrace
 10
314.717265233908
 20
74.1325035866418
 30
0
 11
317.217265233908
 21
74.54878824441464
 31
0
 12
317.217265233908
 22
73.71621892886897
 32
0
 13
317.217265233908
 23
73.71621892886897
 33
0
  0
SOLID
  5
CC
100
AcDbEntity
  8
mag
  6
ByBlock
 62
    0
370
   -2
100
AcDbTrace
 10
326.0272665079382
 20
74.1325035866418
 30
0
 11
323.5272665079382
 21
73.71621892886897
 31
0
 12
323.5272665079382
 22
74.54878824441464
 32
0
 13
323.5272665079382
 23
74.54878824441464
 33
0
  0
LINE
  5
CD
100
AcDbEntity
  8
mag
  6
ByBlock
 62
    0
370
   -2
100
AcDbLine
 10
314.717265233908
 20
97.48319487812398
 11
314.717265233908
 21
72.8825035866418
  0
LINE
  5
CE
100
AcDbEntity
  8
mag
  6
ByBlock
 62
    0
370
   -2
100
AcDbLine
 10
326.0272665079382
 20
97.48319487812691
 11
326.0272665079382
 21
72.8825035866418
  0
ENDBLK
  5
7A
330
78
100
AcDbEntity
  8
0
100
AcDbBlockEnd
  0
BLOCK
  5
7C
330
7B
100
AcDbEntity
  8
0
100
AcDbBlockBegin
  2
*D4
 70
    1
 10
0
 20
0
  3
*D4
  1

  0
LINE
  5
CF
100
AcDbEntity
  8
mag
  6
ByBlock
 62
    0
370
   -2
100
AcDbLine
 10
204.717265233908
 20
74.41753081027923
 11
216.717265233908
 21
74.41753081027923
  0
MTEXT
  5
D0
100
AcDbEntity
  8
mag
  6
CONTINUOUS
 62
    0
370
   -2
100
AcDbMText
 10
210.717265233908
 20
76.29253081027923
 30
0
 40
2.5
 41
2.5
 71
    5
 72
    1
  1
12
  7
standard
210
0
220
0
230
1
 50
0
 73
    2
 44
1
  0
SOLID
  5
D1
100
AcDbEntity
  8
mag
  6
ByBlock
 62
    0
370
   -2
100
AcDbTrace
 10
204.717265233908
 20
74.41753081027923
 30
0
 11
207.217265233908
 21
74.83381546805207
 31
0
 12
207.217265233908
 22
74.0012461525064
 32
0
 13
207.217265233908
 23
74.0012461525064
 33
0
  0
SOLID
  5
D2
100
AcDbEntity
  8
mag
  6
ByBlock
 62
    0
370
   -2
100
AcDbTrace
 10
216.717265233908
 20
74.41753081027923
 30
0
 11
214.217265233908
 21
74.0012461525064
 31
0
 12
214.217265233908
 22
74.83381546805207
 32
0
 13
214.217265233908
 23
74.83381546805207
 33
0
  0
LINE
  5
D3
100
AcDbEntity
  8
mag
  6
ByBlock
 62
    0
370
   -2
100
AcDbLine
 10
204.717265233908
 20
97.48319468931814
 11
204.717265233908
 21
73.16753081027923
  0
LINE
  5
D4
100
AcDbEntity
  8
mag
  6
ByBlock
 62
    0
370
   -2
100
AcDbLine
 10
216.717265233908
 20
97.48319487812401
 11
216.717265233908
 21
73.16753081027923
  0
ENDBLK
  5
7D
330
7B
100
AcDbEntity
  8
0
100
AcDbBlockEnd
  0
BLOCK
  5
7F
330
7E
100
AcDbEntity
  8
0
100
AcDbBlockBegin
  2
suit80_6.25u_plate_references
 70
    0
 10
0
 20
0
  3
suit80_6.25u_plate_references
  1

  0
LINE
  5
D5
100
AcDbEntity
  8
0
  6
ByLayer
 62
    0
370
   -1
100
AcDbLine
 10
0.09508460000000001
 20
120.908
 11
348.713
 21
120.908
  0
LINE
  5
D6
100
AcDbEntity
  8
0
  6
ByLayer
 62
    0
370
   -1
100
AcDbLine
 10
348.713
 20
120.908
 11
348.713
 21
0.409279
  0
LINE
  5
D7
100
AcDbEntity
  8
0
  6
ByLayer
 62
    0
370
   -1
100
AcDbLine
 10
348.713
 20
0.409279
 11
0.09508460000000001
 21
0.409279
  0
LINE
  5
D8
100
AcDbEntity
  8
0
  6
ByLayer
 62
    0
370
   -1
100
AcDbLine
 10
0.09508460000000001
 20
0.409279
 11
0.09508460000000001
 21
120.908
  0
LINE
  5
D9
100
AcDbEntity
  8
0
  6
ByLayer
 62
    0
370
   -1
100
AcDbLine
 10
124.54
 20
17.6527
 11
124.54
 21
12.9536
  0
LINE
  5
DA
100
AcDbEntity
  8
0
  6
ByLayer
 62
    0
370
   -1
100
AcDbLine
 10
124.54
 20
12.9536
 11
84.9161
 21
12.9536
  0
LINE
  5
DB
100
AcDbEntity
  8
0
  6
ByLayer
 62
    0
370
   -1
100
AcDbLine
 10
84.9161
 20
12.9536
 11
84.9161
 21
16.1837
  0
LINE
  5
DC
100
AcDbEntity
  8
0
  6
ByLayer
 62
    0
370
   -1
100
AcDbLine
 10
84.9161
 20
16.1837
 11
78.16500000000001
 21
16.1837
  0
LINE
  5
DD
100
AcDbEntity
  8
0
  6
ByLayer
 62
    0
370
   -1
100
AcDbLine
 10
78.16500000000001
 20
16.1837
 11
78.16500000000001
 21
12.9536
  0
LINE
  5
DE
100
AcDbEntity
  8
0
  6
ByLayer
 62
    0
370
   -1
100
AcDbLine
 10
78.16500000000001
 20
12.9536
 11
77.3409
 21
12.9536
  0
LINE
  5
DF
100
AcDbEntity
  8
0
  6
ByLayer
 62
    0
370
   -1
100
AcDbLine
 10
77.3409
 20
12.9536
 11
77.3409
 21
10.1534
  0
LINE
  5
E0
100
AcDbEntity
  8
0
  6
ByLayer
 62
    0
370
   -1
100
AcDbLine
 10
77.3409
 20
10.1534
 11
78.16500000000001
 21
10.1534
  0
LINE
  5
E1
100
AcDbEntity
  8
0
  6
ByLayer
 62
    0
370
   -1
100
AcDbLine
 10
78.16500000000001
 20
10.1534
 11
78.16500000000001
 21
3.88331
  0
LINE
  5
E2
100
AcDbEntity
  8
0
  6
ByLayer
 62
    0
370
   -1
100
AcDbLine
 10
78.16500000000001
 20
3.88331
 11
79.8904
 21
3.88331
  0
LINE
  5
E3
100
AcDbEntity
  8
0
  6
ByLayer
 62
    0
370
   -1
100
AcDbLine
 10
79.8904
 20
3.88331
 11
79.8904
 21
2.68304
  0
LINE
  5
E4
100
AcDbEntity
  8
0
  6
ByLayer
 62
    0
370
   -1
100
AcDbLine
 10
79.8904
 20
2.68304
 11
83.1906
 21
2.68304
  0
LINE
  5
E5
100
AcDbEntity
  8
0
  6
ByLayer
 62
    0
370
   -1
100
AcDbLine
 10
83.1906
 20
2.68304
 11
83.1906
 21
3.88331
  0
LINE
  5
E6
100
AcDbEntity
  8
0
  6
ByLayer
 62
    0
370
   -1
100
AcDbLine
 10
83.1906
 20
3.88331
 11
84.9161
 21
3.88331
  0
LINE
  5
E7
100
AcDbEntity
  8
0
  6
ByLayer
 62
    0
370
   -1
100
AcDbLine
 10
84.9161
 20
3.88331
 11
84.9161
 21
8.353669999999999
  0
LINE
  5
E8
100
AcDbEntity
  8
0
  6
ByLayer
 62
    0
370
   -1
100
AcDbLine
 10
84.9161
 20
8.353669999999999
 11
124.54
 21
8.353669999999999
  0
LINE
  5
E9
100
AcDbEntity
  8
0
  6
ByLayer
 62
    0
370
   -1
100
AcDbLine
 10
124.54
 20
8.353669999999999
 11
124.54
 21
3.65319
  0
LINE
  5
EA
100
AcDbEntity
  8
0
  6
ByLayer
 62
    0
370
   -1
100
AcDbLine
 10
124.54
 20
3.65319
 11
138.541
 21
3.65319
  0
LINE
  5
EB
100
AcDbEntity
  8
0
  6
ByLayer
 62
    0
370
   -1
100
AcDbLine
 10
138.541
 20
3.65319
 11
138.541
 21
8.353669999999999
  0
LINE
  5
EC
100
AcDbEntity
  8
0
  6
ByLayer
 62
    0
370
   -1
100
AcDbLine
 10
138.541
 20
8.353669999999999
 11
178.165
 21
8.353669999999999
  0
LINE
  5
ED
100
AcDbEntity
  8
0
  6
ByLayer
 62
    0
370
   -1
100
AcDbLine
 10
178.165
 20
8.353669999999999
 11
178.165
 21
3.88331
  0
LINE
  5
EE
100
AcDbEntity
  8
0
  6
ByLayer
 62
    0
370
   -1
100
AcDbLine
 10
178.165
 20
3.88331
 11
179.891
 21
3.88331
  0
LINE
  5
EF
100
AcDbEntity
  8
0
  6
ByLayer
 62
    0
370
   -1
100
AcDbLine
 10
179.891
 20
3.88331
 11
179.891
 21
2.68304
  0
LINE
  5
F0
100
AcDbEntity
  8
0
  6
ByLayer
 62
    0
370
   -1
100
AcDbLine
 10
179.891
 20
2.68304
 11
183.191
 21
2.68304
  0
LINE
  5
F1
100
AcDbEntity
  8
0
  6
ByLayer
 62
    0
370
   -1
100
AcDbLine
 10
183.191
 20
2.68304
 11
183.191
 21
3.88331
  0
LINE
  5
F2
100
AcDbEntity
  8
0
  6
ByLayer
 62
    0
370
   -1
100
AcDbLine
 10
183.191
 20
3.88331
 11
184.915
 21
3.88331
  0
LINE
  5
F3
100
AcDbEntity
  8
0
  6
ByLayer
 62
    0
370
   -1
100
AcDbLine
 10
184.915
 20
3.88331
 11
184.915
 21
10.1534
  0
LINE
  5
F4
100
AcDbEntity
  8
0
  6
ByLayer
 62
    0
370
   -1
100
AcDbLine
 10
184.915
 20
10.1534
 11
185.74
 21
10.1534
  0
LINE
  5
F5
100
AcDbEntity
  8
0
  6
ByLayer
 62
    0
370
   -1
100
AcDbLine
 10
185.74
 20
10.1534
 11
185.74
 21
12.9536
  0
LINE
  5
F6
100
AcDbEntity
  8
0
  6
ByLayer
 62
    0
370
   -1
100
AcDbLine
 10
185.74
 20
12.9536
 11
184.915
 21
12.9536
  0
LINE
  5
F7
100
AcDbEntity
  8
0
  6
ByLayer
 62
    0
370
   -1
100
AcDbLine
 10
184.915
 20
12.9536
 11
184.915
 21
16.1837
  0
LINE
  5
F8
100
AcDbEntity
  8
0
  6
ByLayer
 62
    0
370
   -1
100
AcDbLine
 10
184.915
 20
16.1837
 11
178.165
 21
16.1837
  0
LINE
  5
F9
100
AcDbEntity
  8
0
  6
ByLayer
 62
    0
370
   -1
100
AcDbLine
 10
178.165
 20
16.1837
 11
178.165
 21
12.9536
  0
LINE
  5
FA
100
AcDbEntity
  8
0
  6
ByLayer
 62
    0
370
   -1
100
AcDbLine
 10
178.165
 20
12.9536
 11
138.541
 21
12.9536
  0
LINE
  5
FB
100
AcDbEntity
  8
0
  6
ByLayer
 62
    0
370
   -1
100
AcDbLine
 10
138.541
 20
12.9536
 11
138.541
 21
17.6527
  0
LINE
  5
FC
100
AcDbEntity
  8
0
  6
ByLayer
 62
    0
370
   -1
100
AcDbLine
 10
138.541
 20
17.6527
 11
124.54
 21
17.6527
  0
LINE
  5
FD
100
AcDbEntity
  8
0
  6
ByLayer
 62
    0
370
   -1
100
AcDbLine
 10
5.47769
 20
17.6527
 11
19.4772
 21
17.6527
  0
LINE
  5
FE
100
AcDbEntity
  8
0
  6
ByLayer
 62
    0
370
   -1
100
AcDbLine
 10
19.4772
 20
17.6527
 11
19.4772
 21
3.65319
  0
LINE
  5
FF
100
AcDbEntity
  8
0
  6
ByLayer
 62
    0
370
   -1
100
AcDbLine
 10
19.4772
 20
3.65319
 11
5.47769
 21
3.65319
  0
LINE
  5
100
100
AcDbEntity
  8
0
  6
ByLayer
 62
    0
370
   -1
100
AcDbLine
 10
5.47769
 20
3.65319
 11
5.47769
 21
17.6527
  0
LINE
  5
101
100
AcDbEntity
  8
0
  6
ByLayer
 62
    0
370
   -1
100
AcDbLine
 10
29.2902
 20
17.6527
 11
43.2911
 21
17.6527
  0
LINE
  5
102
100
AcDbEntity
  8
0
  6
ByLayer
 62
    0
370
   -1
100
AcDbLine
 10
43.2911
 20
17.6527
 11
43.2911
 21
3.65319
  0
LINE
  5
103
100
AcDbEntity
  8
0
  6
ByLayer
 62
    0
370
   -1
100
AcDbLine
 10
43.2911
 20
3.65319
 11
29.2902
 21
3.65319
  0
LINE
  5
104
100
AcDbEntity
  8
0
  6
ByLayer
 62
    0
370
   -1
100
AcDbLine
 10
29.2902
 20
3.65319
 11
29.2902
 21
17.6527
  0
LINE
  5
105
100
AcDbEntity
  8
0
  6
ByLayer
 62
    0
370
   -1
100
AcDbLine
 10
53.1026
 20
17.6527
 11
67.1022
 21
17.6527
  0
LINE
  5
106
100
AcDbEntity
  8
0
  6
ByLayer
 62
    0
370
   -1
100
AcDbLine
 10
67.1022
 20
17.6527
 11
67.1022
 21
3.65319
  0
LINE
  5
107
100
AcDbEntity
  8
0
  6
ByLayer
 62
    0
370
   -1
100
AcDbLine
 10
67.1022
 20
3.65319
 11
53.1026
 21
3.65319
  0
LINE
  5
108
100
AcDbEntity
  8
0
  6
ByLayer
 62
    0
370
   -1
100
AcDbLine
 10
53.1026
 20
3.65319
 11
53.1026
 21
17.6527
  0
LINE
  5
109
100
AcDbEntity
  8
0
  6
ByLayer
 62
    0
370
   -1
100
AcDbLine
 10
195.978
 20
17.6527
 11
209.977
 21
17.6527
  0
LINE
  5
10A
100
AcDbEntity
  8
0
  6
ByLayer
 62
    0
370
   -1
100
AcDbLine
 10
209.977
 20
17.6527
 11
209.977
 21
3.65319
  0
LINE
  5
10B
100
AcDbEntity
  8
0
  6
ByLayer
 62
    0
370
   -1
100
AcDbLine
 10
209.977
 20
3.65319
 11
195.978
 21
3.65319
  0
LINE
  5
10C
100
AcDbEntity
  8
0
  6
ByLayer
 62
    0
370
   -1
100
AcDbLine
 10
195.978
 20
3.65319
 11
195.978
 21
17.6527
  0
LINE
  5
10D
100
AcDbEntity
  8
0
  6
ByLayer
 62
    0
370
   -1
100
AcDbLine
 10
219.79
 20
17.6527
 11
233.791
 21
17.6527
  0
LINE
  5
10E
100
AcDbEntity
  8
0
  6
ByLayer
 62
    0
370
   -1
100
AcDbLine
 10
233.791
 20
17.6527
 11
233.791
 21
3.65319
  0
LINE
  5
10F
100
AcDbEntity
  8
0
  6
ByLayer
 62
    0
370
   -1
100
AcDbLine
 10
233.791
 20
3.65319
 11
219.79
 21
3.65319
  0
LINE
  5
110
100
AcDbEntity
  8
0
  6
ByLayer
 62
    0
370
   -1
100
AcDbLine
 10
219.79
 20
3.65319
 11
219.79
 21
17.6527
  0
LINE
  5
111
100
AcDbEntity
  8
0
  6
ByLayer
 62
    0
370
   -1
100
AcDbLine
 10
243.603
 20
17.6527
 11
257.602
 21
17.6527
  0
LINE
  5
112
100
AcDbEntity
  8
0
  6
ByLayer
 62
    0
370
   -1
100
AcDbLine
 10
257.602
 20
17.6527
 11
257.602
 21
3.65319
  0
LINE
  5
113
100
AcDbEntity
  8
0
  6
ByLayer
 62
    0
370
   -1
100
AcDbLine
 10
257.602
 20
3.65319
 11
243.603
 21
3.65319
  0
LINE
  5
114
100
AcDbEntity
  8
0
  6
ByLayer
 62
    0
370
   -1
100
AcDbLine
 10
243.603
 20
3.65319
 11
243.603
 21
17.6527
  0
LINE
  5
115
100
AcDbEntity
  8
0
  6
ByLayer
 62
    0
370
   -1
100
AcDbLine
 10
267.415
 20
17.6527
 11
281.416
 21
17.6527
  0
LINE
  5
116
100
AcDbEntity
  8
0
  6
ByLayer
 62
    0
370
   -1
100
AcDbLine
 10
281.416
 20
17.6527
 11
281.416
 21
3.65319
  0
LINE
  5
117
100
AcDbEntity
  8
0
  6
ByLayer
 62
    0
370
   -1
100
AcDbLine
 10
281.416
 20
3.65319
 11
267.415
 21
3.65319
  0
LINE
  5
118
100
AcDbEntity
  8
0
  6
ByLayer
 62
    0
370
   -1
100
AcDbLine
 10
267.415
 20
3.65319
 11
267.415
 21
17.6527
  0
LINE
  5
119
100
AcDbEntity
  8
0
  6
ByLayer
 62
    0
370
   -1
100
AcDbLine
 10
293.609
 20
17.6527
 11
307.61
 21
17.6527
  0
LINE
  5
11A
100
AcDbEntity
  8
0
  6
ByLayer
 62
    0
370
   -1
100
AcDbLine
 10
307.61
 20
17.6527
 11
307.61
 21
3.65319
  0
LINE
  5
11B
100
AcDbEntity
  8
0
  6
ByLayer
 62
    0
370
   -1
100
AcDbLine
 10
307.61
 20
3.65319
 11
293.609
 21
3.65319
  0
LINE
  5
11C
100
AcDbEntity
  8
0
  6
ByLayer
 62
    0
370
   -1
100
AcDbLine
 10
293.609
 20
3.65319
 11
293.609
 21
17.6527
  0
LINE
  5
11D
100
AcDbEntity
  8
0
  6
ByLayer
 62
    0
370
   -1
100
AcDbLine
 10
312.659
 20
17.6527
 11
326.66
 21
17.6527
  0
LINE
  5
11E
100
AcDbEntity
  8
0
  6
ByLayer
 62
    0
370
   -1
100
AcDbLine
 10
326.66
 20
17.6527
 11
326.66
 21
3.65319
  0
LINE
  5
11F
100
AcDbEntity
  8
0
  6
ByLayer
 62
    0
370
   -1
100
AcDbLine
 10
326.66
 20
3.65319
 11
312.659
 21
3.65319
  0
LINE
  5
120
100
AcDbEntity
  8
0
  6
ByLayer
 62
    0
370
   -1
100
AcDbLine
 10
312.659
 20
3.65319
 11
312.659
 21
17.6527
  0
LINE
  5
121
100
AcDbEntity
  8
0
  6
ByLayer
 62
    0
370
   -1
100
AcDbLine
 10
331.709
 20
17.6527
 11
345.71
 21
17.6527
  0
LINE
  5
122
100
AcDbEntity
  8
0
  6
ByLayer
 62
    0
370
   -1
100
AcDbLine
 10
345.71
 20
17.6527
 11
345.71
 21
3.65319
  0
LINE
  5
123
100
AcDbEntity
  8
0
  6
ByLayer
 62
    0
370
   -1
100
AcDbLine
 10
345.71
 20
3.65319
 11
331.709
 21
3.65319
  0
LINE
  5
124
100
AcDbEntity
  8
0
  6
ByLayer
 62
    0
370
   -1
100
AcDbLine
 10
331.709
 20
3.65319
 11
331.709
 21
17.6527
  0
LINE
  5
125
100
AcDbEntity
  8
0
  6
ByLayer
 62
    0
370
   -1
100
AcDbLine
 10
15.0027
 20
36.7026
 11
15.0027
 21
32.0036
  0
LINE
  5
126
100
AcDbEntity
  8
0
  6
ByLayer
 62
    0
370
   -1
100
AcDbLine
 10
15.0027
 20
32.0036
 11
13.4772
 21
32.0036
  0
LINE
  5
127
100
AcDbEntity
  8
0
  6
ByLayer
 62
    0
370
   -1
100
AcDbLine
 10
13.4772
 20
32.0036
 11
13.4772
 21
35.2337
  0
LINE
  5
128
100
AcDbEntity
  8
0
  6
ByLayer
 62
    0
370
   -1
100
AcDbLine
 10
13.4772
 20
35.2337
 11
6.72758
 21
35.2337
  0
LINE
  5
129
100
AcDbEntity
  8
0
  6
ByLayer
 62
    0
370
   -1
100
AcDbLine
 10
6.72758
 20
35.2337
 11
6.72758
 21
32.0036
  0
LINE
  5
12A
100
AcDbEntity
  8
0
  6
ByLayer
 62
    0
370
   -1
100
AcDbLine
 10
6.72758
 20
32.0036
 11
5.90215
 21
32.0036
  0
LINE
  5
12B
100
AcDbEntity
  8
0
  6
ByLayer
 62
    0
370
   -1
100
AcDbLine
 10
5.90215
 20
32.0036
 11
5.90215
 21
29.2034
  0
LINE
  5
12C
100
AcDbEntity
  8
0
  6
ByLayer
 62
    0
370
   -1
100
AcDbLine
 10
5.90215
 20
29.2034
 11
6.72758
 21
29.2034
  0
LINE
  5
12D
100
AcDbEntity
  8
0
  6
ByLayer
 62
    0
370
   -1
100
AcDbLine
 10
6.72758
 20
29.2034
 11
6.72758
 21
22.9333
  0
LINE
  5
12E
100
AcDbEntity
  8
0
  6
ByLayer
 62
    0
370
   -1
100
AcDbLine
 10
6.72758
 20
22.9333
 11
8.452870000000001
 21
22.9333
  0
LINE
  5
12F
100
AcDbEntity
  8
0
  6
ByLayer
 62
    0
370
   -1
100
AcDbLine
 10
8.452870000000001
 20
22.9333
 11
8.452870000000001
 21
21.7331
  0
LINE
  5
130
100
AcDbEntity
  8
0
  6
ByLayer
 62
    0
370
   -1
100
AcDbLine
 10
8.452870000000001
 20
21.7331
 11
11.7519
 21
21.7331
  0
LINE
  5
131
100
AcDbEntity
  8
0
  6
ByLayer
 62
    0
370
   -1
100
AcDbLine
 10
11.7519
 20
21.7331
 11
11.7519
 21
22.9333
  0
LINE
  5
132
100
AcDbEntity
  8
0
  6
ByLayer
 62
    0
370
   -1
100
AcDbLine
 10
11.7519
 20
22.9333
 11
13.4772
 21
22.9333
  0
LINE
  5
133
100
AcDbEntity
  8
0
  6
ByLayer
 62
    0
370
   -1
100
AcDbLine
 10
13.4772
 20
22.9333
 11
13.4772
 21
27.4037
  0
LINE
  5
134
100
AcDbEntity
  8
0
  6
ByLayer
 62
    0
370
   -1
100
AcDbLine
 10
13.4772
 20
27.4037
 11
15.0027
 21
27.4037
  0
LINE
  5
135
100
AcDbEntity
  8
0
  6
ByLayer
 62
    0
370
   -1
100
AcDbLine
 10
15.0027
 20
27.4037
 11
15.0027
 21
22.7032
  0
LINE
  5
136
100
AcDbEntity
  8
0
  6
ByLayer
 62
    0
370
   -1
100
AcDbLine
 10
15.0027
 20
22.7032
 11
29.0022
 21
22.7032
  0
LINE
  5
137
100
AcDbEntity
  8
0
  6
ByLayer
 62
    0
370
   -1
100
AcDbLine
 10
29.0022
 20
22.7032
 11
29.0022
 21
27.4037
  0
LINE
  5
138
100
AcDbEntity
  8
0
  6
ByLayer
 62
    0
370
   -1
100
AcDbLine
 10
29.0022
 20
27.4037
 11
30.5277
 21
27.4037
  0
LINE
  5
139
100
AcDbEntity
  8
0
  6
ByLayer
 62
    0
370
   -1
100
AcDbLine
 10
30.5277
 20
27.4037
 11
30.5277
 21
22.9333
  0
LINE
  5
13A
100
AcDbEntity
  8
0
  6
ByLayer
 62
    0
370
   -1
100
AcDbLine
 10
30.5277
 20
22.9333
 11
32.253
 21
22.9333
  0
LINE
  5
13B
100
AcDbEntity
  8
0
  6
ByLayer
 62
    0
370
   -1
100
AcDbLine
 10
32.253
 20
22.9333
 11
32.253
 21
21.7331
  0
LINE
  5
13C
100
AcDbEntity
  8
0
  6
ByLayer
 62
    0
370
   -1
100
AcDbLine
 10
32.253
 20
21.7331
 11
35.5519
 21
21.7331
  0
LINE
  5
13D
100
AcDbEntity
  8
0
  6
ByLayer
 62
    0
370
   -1
100
AcDbLine
 10
35.5519
 20
21.7331
 11
35.5519
 21
22.9333
  0
LINE
  5
13E
100
AcDbEntity
  8
0
  6
ByLayer
 62
    0
370
   -1
100
AcDbLine
 10
35.5519
 20
22.9333
 11
37.2773
 21
22.9333
  0
LINE
  5
13F
100
AcDbEntity
  8
0
  6
ByLayer
 62
    0
370
   -1
100
AcDbLine
 10
37.2773
 20
22.9333
 11
37.2773
 21
29.2034
  0
LINE
  5
140
100
AcDbEntity
  8
0
  6
ByLayer
 62
    0
370
   -1
100
AcDbLine
 10
37.2773
 20
29.2034
 11
38.1028
 21
29.2034
  0
LINE
  5
141
100
AcDbEntity
  8
0
  6
ByLayer
 62
    0
370
   -1
100
AcDbLine
 10
38.1028
 20
29.2034
 11
38.1028
 21
32.0036
  0
LINE
  5
142
100
AcDbEntity
  8
0
  6
ByLayer
 62
    0
370
   -1
100
AcDbLine
 10
38.1028
 20
32.0036
 11
37.2773
 21
32.0036
  0
LINE
  5
143
100
AcDbEntity
  8
0
  6
ByLayer
 62
    0
370
   -1
100
AcDbLine
 10
37.2773
 20
32.0036
 11
37.2773
 21
35.2337
  0
LINE
  5
144
100
AcDbEntity
  8
0
  6
ByLayer
 62
    0
370
   -1
100
AcDbLine
 10
37.2773
 20
35.2337
 11
30.5277
 21
35.2337
  0
LINE
  5
145
100
AcDbEntity
  8
0
  6
ByLayer
 62
    0
370
   -1
100
AcDbLine
 10
30.5277
 20
35.2337
 11
30.5277
 21
32.0036
  0
LINE
  5
146
100
AcDbEntity
  8
0
  6
ByLayer
 62
    0
370
   -1
100
AcDbLine
 10
30.5277
 20
32.0036
 11
29.0022
 21
32.0036
  0
LINE
  5
147
100
AcDbEntity
  8
0
  6
ByLayer
 62
    0
370
   -1
100
AcDbLine
 10
29.0022
 20
32.0036
 11
29.0022
 21
36.7026
  0
LINE
  5
148
100
AcDbEntity
  8
0
  6
ByLayer
 62
    0
370
   -1
100
AcDbLine
 10
29.0022
 20
36.7026
 11
15.0027
 21
36.7026
  0
LINE
  5
149
100
AcDbEntity
  8
0
  6
ByLayer
 62
    0
370
   -1
100
AcDbLine
 10
253.128
 20
36.7026
 11
253.128
 21
32.0036
  0
LINE
  5
14A
100
AcDbEntity
  8
0
  6
ByLayer
 62
    0
370
   -1
100
AcDbLine
 10
253.128
 20
32.0036
 11
251.601
 21
32.0036
  0
LINE
  5
14B
100
AcDbEntity
  8
0
  6
ByLayer
 62
    0
370
   -1
100
AcDbLine
 10
251.601
 20
32.0036
 11
251.601
 21
35.2337
  0
LINE
  5
14C
100
AcDbEntity
  8
0
  6
ByLayer
 62
    0
370
   -1
100
AcDbLine
 10
251.601
 20
35.2337
 11
244.852
 21
35.2337
  0
LINE
  5
14D
100
AcDbEntity
  8
0
  6
ByLayer
 62
    0
370
   -1
100
AcDbLine
 10
244.852
 20
35.2337
 11
244.852
 21
32.0036
  0
LINE
  5
14E
100
AcDbEntity
  8
0
  6
ByLayer
 62
    0
370
   -1
100
AcDbLine
 10
244.852
 20
32.0036
 11
244.027
 21
32.0036
  0
LINE
  5
14F
100
AcDbEntity
  8
0
  6
ByLayer
 62
    0
370
   -1
100
AcDbLine
 10
244.027
 20
32.0036
 11
244.027
 21
29.2034
  0
LINE
  5
150
100
AcDbEntity
  8
0
  6
ByLayer
 62
    0
370
   -1
100
AcDbLine
 10
244.027
 20
29.2034
 11
244.852
 21
29.2034
  0
LINE
  5
151
100
AcDbEntity
  8
0
  6
ByLayer
 62
    0
370
   -1
100
AcDbLine
 10
244.852
 20
29.2034
 11
244.852
 21
22.9333
  0
LINE
  5
152
100
AcDbEntity
  8
0
  6
ByLayer
 62
    0
370
   -1
100
AcDbLine
 10
244.852
 20
22.9333
 11
246.578
 21
22.9333
  0
LINE
  5
153
100
AcDbEntity
  8
0
  6
ByLayer
 62
    0
370
   -1
100
AcDbLine
 10
246.578
 20
22.9333
 11
246.578
 21
21.7331
  0
LINE
  5
154
100
AcDbEntity
  8
0
  6
ByLayer
 62
    0
370
   -1
100
AcDbLine
 10
246.578
 20
21.7331
 11
249.877
 21
21.7331
  0
LINE
  5
155
100
AcDbEntity
  8
0
  6
ByLayer
 62
    0
370
   -1
100
AcDbLine
 10
249.877
 20
21.7331
 11
249.877
 21
22.9333
  0
LINE
  5
156
100
AcDbEntity
  8
0
  6
ByLayer
 62
    0
370
   -1
100
AcDbLine
 10
249.877
 20
22.9333
 11
251.601
 21
22.9333
  0
LINE
  5
157
100
AcDbEntity
  8
0
  6
ByLayer
 62
    0
370
   -1
100
AcDbLine
 10
251.601
 20
22.9333
 11
251.601
 21
27.4037
  0
LINE
  5
158
100
AcDbEntity
  8
0
  6
ByLayer
 62
    0
370
   -1
100
AcDbLine
 10
251.601
 20
27.4037
 11
253.128
 21
27.4037
  0
LINE
  5
159
100
AcDbEntity
  8
0
  6
ByLayer
 62
    0
370
   -1
100
AcDbLine
 10
253.128
 20
27.4037
 11
253.128
 21
22.7032
  0
LINE
  5
15A
100
AcDbEntity
  8
0
  6
ByLayer
 62
    0
370
   -1
100
AcDbLine
 10
253.128
 20
22.7032
 11
267.127
 21
22.7032
  0
LINE
  5
15B
100
AcDbEntity
  8
0
  6
ByLayer
 62
    0
370
   -1
100
AcDbLine
 10
267.127
 20
22.7032
 11
267.127
 21
27.4037
  0
LINE
  5
15C
100
AcDbEntity
  8
0
  6
ByLayer
 62
    0
370
   -1
100
AcDbLine
 10
267.127
 20
27.4037
 11
268.653
 21
27.4037
  0
LINE
  5
15D
100
AcDbEntity
  8
0
  6
ByLayer
 62
    0
370
   -1
100
AcDbLine
 10
268.653
 20
27.4037
 11
268.653
 21
22.9333
  0
LINE
  5
15E
100
AcDbEntity
  8
0
  6
ByLayer
 62
    0
370
   -1
100
AcDbLine
 10
268.653
 20
22.9333
 11
270.378
 21
22.9333
  0
LINE
  5
15F
100
AcDbEntity
  8
0
  6
ByLayer
 62
    0
370
   -1
100
AcDbLine
 10
270.378
 20
22.9333
 11
270.378
 21
21.7331
  0
LINE
  5
160
100
AcDbEntity
  8
0
  6
ByLayer
 62
    0
370
   -1
100
AcDbLine
 10
270.378
 20
21.7331
 11
273.677
 21
21.7331
  0
LINE
  5
161
100
AcDbEntity
  8
0
  6
ByLayer
 62
    0
370
   -1
100
AcDbLine
 10
273.677
 20
21.7331
 11
273.677
 21
22.9333
  0
LINE
  5
162
100
AcDbEntity
  8
0
  6
ByLayer
 62
    0
370
   -1
100
AcDbLine
 10
273.677
 20
22.9333
 11
275.402
 21
22.9333
  0
LINE
  5
163
100
AcDbEntity
  8
0
  6
ByLayer
 62
    0
370
   -1
100
AcDbLine
 10
275.402
 20
22.9333
 11
275.402
 21
29.2034
  0
LINE
  5
164
100
AcDbEntity
  8
0
  6
ByLayer
 62
    0
370
   -1
100
AcDbLine
 10
275.402
 20
29.2034
 11
276.228
 21
29.2034
  0
LINE
  5
165
100
AcDbEntity
  8
0
  6
ByLayer
 62
    0
370
   -1
100
AcDbLine
 10
276.228
 20
29.2034
 11
276.228
 21
32.0036
  0
LINE
  5
166
100
AcDbEntity
  8
0
  6
ByLayer
 62
    0
370
   -1
100
AcDbLine
 10
276.228
 20
32.0036
 11
275.402
 21
32.0036
  0
LINE
  5
167
100
AcDbEntity
  8
0
  6
ByLayer
 62
    0
370
   -1
100
AcDbLine
 10
275.402
 20
32.0036
 11
275.402
 21
35.2337
  0
LINE
  5
168
100
AcDbEntity
  8
0
  6
ByLayer
 62
    0
370
   -1
100
AcDbLine
 10
275.402
 20
35.2337
 11
268.653
 21
35.2337
  0
LINE
  5
169
100
AcDbEntity
  8
0
  6
ByLayer
 62
    0
370
   -1
100
AcDbLine
 10
268.653
 20
35.2337
 11
268.653
 21
32.0036
  0
LINE
  5
16A
100
AcDbEntity
  8
0
  6
ByLayer
 62
    0
370
   -1
100
AcDbLine
 10
268.653
 20
32.0036
 11
267.127
 21
32.0036
  0
LINE
  5
16B
100
AcDbEntity
  8
0
  6
ByLayer
 62
    0
370
   -1
100
AcDbLine
 10
267.127
 20
32.0036
 11
267.127
 21
36.7026
  0
LINE
  5
16C
100
AcDbEntity
  8
0
  6
ByLayer
 62
    0
370
   -1
100
AcDbLine
 10
267.127
 20
36.7026
 11
253.128
 21
36.7026
  0
LINE
  5
16D
100
AcDbEntity
  8
0
  6
ByLayer
 62
    0
370
   -1
100
AcDbLine
 10
45.9588
 20
36.7026
 11
59.9585
 21
36.7026
  0
LINE
  5
16E
100
AcDbEntity
  8
0
  6
ByLayer
 62
    0
370
   -1
100
AcDbLine
 10
59.9585
 20
36.7026
 11
59.9585
 21
22.7032
  0
LINE
  5
16F
100
AcDbEntity
  8
0
  6
ByLayer
 62
    0
370
   -1
100
AcDbLine
 10
59.9585
 20
22.7032
 11
45.9588
 21
22.7032
  0
LINE
  5
170
100
AcDbEntity
  8
0
  6
ByLayer
 62
    0
370
   -1
100
AcDbLine
 10
45.9588
 20
22.7032
 11
45.9588
 21
36.7026
  0
LINE
  5
171
100
AcDbEntity
  8
0
  6
ByLayer
 62
    0
370
   -1
100
AcDbLine
 10
65.00879999999999
 20
36.7026
 11
79.0099
 21
36.7026
  0
LINE
  5
172
100
AcDbEntity
  8
0
  6
ByLayer
 62
    0
370
   -1
100
AcDbLine
 10
79.0099
 20
36.7026
 11
79.0099
 21
22.7032
  0
LINE
  5
173
100
AcDbEntity
  8
0
  6
ByLayer
 62
    0
370
   -1
100
AcDbLine
 10
79.0099
 20
22.7032
 11
65.00879999999999
 21
22.7032
  0
LINE
  5
174
100
AcDbEntity
  8
0
  6
ByLayer
 62
    0
370
   -1
100
AcDbLine
 10
65.00879999999999
 20
22.7032
 11
65.00879999999999
 21
36.7026
  0
LINE
  5
175
100
AcDbEntity
  8
0
  6
ByLayer
 62
    0
370
   -1
100
AcDbLine
 10
84.05880000000001
 20
36.7026
 11
98.0599
 21
36.7026
  0
LINE
  5
176
100
AcDbEntity
  8
0
  6
ByLayer
 62
    0
370
   -1
100
AcDbLine
 10
98.0599
 20
36.7026
 11
98.0599
 21
22.7032
  0
LINE
  5
177
100
AcDbEntity
  8
0
  6
ByLayer
 62
    0
370
   -1
100
AcDbLine
 10
98.0599
 20
22.7032
 11
84.05880000000001
 21
22.7032
  0
LINE
  5
178
100
AcDbEntity
  8
0
  6
ByLayer
 62
    0
370
   -1
100
AcDbLine
 10
84.05880000000001
 20
22.7032
 11
84.05880000000001
 21
36.7026
  0
LINE
  5
179
100
AcDbEntity
  8
0
  6
ByLayer
 62
    0
370
   -1
100
AcDbLine
 10
103.109
 20
36.7026
 11
117.11
 21
36.7026
  0
LINE
  5
17A
100
AcDbEntity
  8
0
  6
ByLayer
 62
    0
370
   -1
100
AcDbLine
 10
117.11
 20
36.7026
 11
117.11
 21
22.7032
  0
LINE
  5
17B
100
AcDbEntity
  8
0
  6
ByLayer
 62
    0
370
   -1
100
AcDbLine
 10
117.11
 20
22.7032
 11
103.109
 21
22.7032
  0
LINE
  5
17C
100
AcDbEntity
  8
0
  6
ByLayer
 62
    0
370
   -1
100
AcDbLine
 10
103.109
 20
22.7032
 11
103.109
 21
36.7026
  0
LINE
  5
17D
100
AcDbEntity
  8
0
  6
ByLayer
 62
    0
370
   -1
100
AcDbLine
 10
122.159
 20
36.7026
 11
136.16
 21
36.7026
  0
LINE
  5
17E
100
AcDbEntity
  8
0
  6
ByLayer
 62
    0
370
   -1
100
AcDbLine
 10
136.16
 20
36.7026
 11
136.16
 21
22.7032
  0
LINE
  5
17F
100
AcDbEntity
  8
0
  6
ByLayer
 62
    0
370
   -1
100
AcDbLine
 10
136.16
 20
22.7032
 11
122.159
 21
22.7032
  0
LINE
  5
180
100
AcDbEntity
  8
0
  6
ByLayer
 62
    0
370
   -1
100
AcDbLine
 10
122.159
 20
22.7032
 11
122.159
 21
36.7026
  0
LINE
  5
181
100
AcDbEntity
  8
0
  6
ByLayer
 62
    0
370
   -1
100
AcDbLine
 10
141.209
 20
36.7026
 11
155.21
 21
36.7026
  0
LINE
  5
182
100
AcDbEntity
  8
0
  6
ByLayer
 62
    0
370
   -1
100
AcDbLine
 10
155.21
 20
36.7026
 11
155.21
 21
22.7032
  0
LINE
  5
183
100
AcDbEntity
  8
0
  6
ByLayer
 62
    0
370
   -1
100
AcDbLine
 10
155.21
 20
22.7032
 11
141.209
 21
22.7032
  0
LINE
  5
184
100
AcDbEntity
  8
0
  6
ByLayer
 62
    0
370
   -1
100
AcDbLine
 10
141.209
 20
22.7032
 11
141.209
 21
36.7026
  0
LINE
  5
185
100
AcDbEntity
  8
0
  6
ByLayer
 62
    0
370
   -1
100
AcDbLine
 10
160.259
 20
36.7026
 11
174.26
 21
36.7026
  0
LINE
  5
186
100
AcDbEntity
  8
0
  6
ByLayer
 62
    0
370
   -1
100
AcDbLine
 10
174.26
 20
36.7026
 11
174.26
 21
22.7032
  0
LINE
  5
187
100
AcDbEntity
  8
0
  6
ByLayer
 62
    0
370
   -1
100
AcDbLine
 10
174.26
 20
22.7032
 11
160.259
 21
22.7032
  0
LINE
  5
188
100
AcDbEntity
  8
0
  6
ByLayer
 62
    0
370
   -1
100
AcDbLine
 10
160.259
 20
22.7032
 11
160.259
 21
36.7026
  0
LINE
  5
189
100
AcDbEntity
  8
0
  6
ByLayer
 62
    0
370
   -1
100
AcDbLine
 10
179.309
 20
36.7026
 11
193.31
 21
36.7026
  0
LINE
  5
18A
100
AcDbEntity
  8
0
  6
ByLayer
 62
    0
370
   -1
100
AcDbLine
 10
193.31
 20
36.7026
 11
193.31
 21
22.7032
  0
LINE
  5
18B
100
AcDbEntity
  8
0
  6
ByLayer
 62
    0
370
   -1
100
AcDbLine
 10
193.31
 20
22.7032
 11
179.309
 21
22.7032
  0
LINE
  5
18C
100
AcDbEntity
  8
0
  6
ByLayer
 62
    0
370
   -1
100
AcDbLine
 10
179.309
 20
22.7032
 11
179.309
 21
36.7026
  0
LINE
  5
18D
100
AcDbEntity
  8
0
  6
ByLayer
 62
    0
370
   -1
100
AcDbLine
 10
198.359
 20
36.7026
 11
212.36
 21
36.7026
  0
LINE
  5
18E
100
AcDbEntity
  8
0
  6
ByLayer
 62
    0
370
   -1
100
AcDbLine
 10
212.36
 20
36.7026
 11
212.36
 21
22.7032
  0
LINE
  5
18F
100
AcDbEntity
  8
0
  6
ByLayer
 62
    0
370
   -1
100
AcDbLine
 10
212.36
 20
22.7032
 11
198.359
 21
22.7032
  0
LINE
  5
190
100
AcDbEntity
  8
0
  6
ByLayer
 62
    0
370
   -1
100
AcDbLine
 10
198.359
 20
22.7032
 11
198.359
 21
36.7026
  0
LINE
  5
191
100
AcDbEntity
  8
0
  6
ByLayer
 62
    0
370
   -1
100
AcDbLine
 10
217.409
 20
36.7026
 11
231.41
 21
36.7026
  0
LINE
  5
192
100
AcDbEntity
  8
0
  6
ByLayer
 62
    0
370
   -1
100
AcDbLine
 10
231.41
 20
36.7026
 11
231.41
 21
22.7032
  0
LINE
  5
193
100
AcDbEntity
  8
0
  6
ByLayer
 62
    0
370
   -1
100
AcDbLine
 10
231.41
 20
22.7032
 11
217.409
 21
22.7032
  0
LINE
  5
194
100
AcDbEntity
  8
0
  6
ByLayer
 62
    0
370
   -1
100
AcDbLine
 10
217.409
 20
22.7032
 11
217.409
 21
36.7026
  0
LINE
  5
195
100
AcDbEntity
  8
0
  6
ByLayer
 62
    0
370
   -1
100
AcDbLine
 10
312.659
 20
36.7026
 11
326.66
 21
36.7026
  0
LINE
  5
196
100
AcDbEntity
  8
0
  6
ByLayer
 62
    0
370
   -1
100
AcDbLine
 10
326.66
 20
36.7026
 11
326.66
 21
22.7032
  0
LINE
  5
197
100
AcDbEntity
  8
0
  6
ByLayer
 62
    0
370
   -1
100
AcDbLine
 10
326.66
 20
22.7032
 11
312.659
 21
22.7032
  0
LINE
  5
198
100
AcDbEntity
  8
0
  6
ByLayer
 62
    0
370
   -1
100
AcDbLine
 10
312.659
 20
22.7032
 11
312.659
 21
36.7026
  0
LINE
  5
199
100
AcDbEntity
  8
0
  6
ByLayer
 62
    0
370
   -1
100
AcDbLine
 10
257.89
 20
55.7526
 11
257.89
 21
51.0536
  0
LINE
  5
19A
100
AcDbEntity
  8
0
  6
ByLayer
 62
    0
370
   -1
100
AcDbLine
 10
257.89
 20
51.0536
 11
256.366
 21
51.0536
  0
LINE
  5
19B
100
AcDbEntity
  8
0
  6
ByLayer
 62
    0
370
   -1
100
AcDbLine
 10
256.366
 20
51.0536
 11
256.366
 21
54.2837
  0
LINE
  5
19C
100
AcDbEntity
  8
0
  6
ByLayer
 62
    0
370
   -1
100
AcDbLine
 10
256.366
 20
54.2837
 11
249.615
 21
54.2837
  0
LINE
  5
19D
100
AcDbEntity
  8
0
  6
ByLayer
 62
    0
370
   -1
100
AcDbLine
 10
249.615
 20
54.2837
 11
249.615
 21
51.0536
  0
LINE
  5
19E
100
AcDbEntity
  8
0
  6
ByLayer
 62
    0
370
   -1
100
AcDbLine
 10
249.615
 20
51.0536
 11
248.791
 21
51.0536
  0
LINE
  5
19F
100
AcDbEntity
  8
0
  6
ByLayer
 62
    0
370
   -1
100
AcDbLine
 10
248.791
 20
51.0536
 11
248.791
 21
48.2533
  0
LINE
  5
1A0
100
AcDbEntity
  8
0
  6
ByLayer
 62
    0
370
   -1
100
AcDbLine
 10
248.791
 20
48.2533
 11
249.615
 21
48.2533
  0
LINE
  5
1A1
100
AcDbEntity
  8
0
  6
ByLayer
 62
    0
370
   -1
100
AcDbLine
 10
249.615
 20
48.2533
 11
249.615
 21
41.9834
  0
LINE
  5
1A2
100
AcDbEntity
  8
0
  6
ByLayer
 62
    0
370
   -1
100
AcDbLine
 10
249.615
 20
41.9834
 11
251.339
 21
41.9834
  0
LINE
  5
1A3
100
AcDbEntity
  8
0
  6
ByLayer
 62
    0
370
   -1
100
AcDbLine
 10
251.339
 20
41.9834
 11
251.339
 21
40.7829
  0
LINE
  5
1A4
100
AcDbEntity
  8
0
  6
ByLayer
 62
    0
370
   -1
100
AcDbLine
 10
251.339
 20
40.7829
 11
254.641
 21
40.7829
  0
LINE
  5
1A5
100
AcDbEntity
  8
0
  6
ByLayer
 62
    0
370
   -1
100
AcDbLine
 10
254.641
 20
40.7829
 11
254.641
 21
41.9834
  0
LINE
  5
1A6
100
AcDbEntity
  8
0
  6
ByLayer
 62
    0
370
   -1
100
AcDbLine
 10
254.641
 20
41.9834
 11
256.366
 21
41.9834
  0
LINE
  5
1A7
100
AcDbEntity
  8
0
  6
ByLayer
 62
    0
370
   -1
100
AcDbLine
 10
256.366
 20
41.9834
 11
256.366
 21
46.4538
  0
LINE
  5
1A8
100
AcDbEntity
  8
0
  6
ByLayer
 62
    0
370
   -1
100
AcDbLine
 10
256.366
 20
46.4538
 11
257.89
 21
46.4538
  0
LINE
  5
1A9
100
AcDbEntity
  8
0
  6
ByLayer
 62
    0
370
   -1
100
AcDbLine
 10
257.89
 20
46.4538
 11
257.89
 21
41.753
  0
LINE
  5
1AA
100
AcDbEntity
  8
0
  6
ByLayer
 62
    0
370
   -1
100
AcDbLine
 10
257.89
 20
41.753
 11
271.891
 21
41.753
  0
LINE
  5
1AB
100
AcDbEntity
  8
0
  6
ByLayer
 62
    0
370
   -1
100
AcDbLine
 10
271.891
 20
41.753
 11
271.891
 21
46.4538
  0
LINE
  5
1AC
100
AcDbEntity
  8
0
  6
ByLayer
 62
    0
370
   -1
100
AcDbLine
 10
271.891
 20
46.4538
 11
273.415
 21
46.4538
  0
LINE
  5
1AD
100
AcDbEntity
  8
0
  6
ByLayer
 62
    0
370
   -1
100
AcDbLine
 10
273.415
 20
46.4538
 11
273.415
 21
41.9834
  0
LINE
  5
1AE
100
AcDbEntity
  8
0
  6
ByLayer
 62
    0
370
   -1
100
AcDbLine
 10
273.415
 20
41.9834
 11
275.141
 21
41.9834
  0
LINE
  5
1AF
100
AcDbEntity
  8
0
  6
ByLayer
 62
    0
370
   -1
100
AcDbLine
 10
275.141
 20
41.9834
 11
275.141
 21
40.7829
  0
LINE
  5
1B0
100
AcDbEntity
  8
0
  6
ByLayer
 62
    0
370
   -1
100
AcDbLine
 10
275.141
 20
40.7829
 11
278.441
 21
40.7829
  0
LINE
  5
1B1
100
AcDbEntity
  8
0
  6
ByLayer
 62
    0
370
   -1
100
AcDbLine
 10
278.441
 20
40.7829
 11
278.441
 21
41.9834
  0
LINE
  5
1B2
100
AcDbEntity
  8
0
  6
ByLayer
 62
    0
370
   -1
100
AcDbLine
 10
278.441
 20
41.9834
 11
280.165
 21
41.9834
  0
LINE
  5
1B3
100
AcDbEntity
  8
0
  6
ByLayer
 62
    0
370
   -1
100
AcDbLine
 10
280.165
 20
41.9834
 11
280.165
 21
48.2533
  0
LINE
  5
1B4
100
AcDbEntity
  8
0
  6
ByLayer
 62
    0
370
   -1
100
AcDbLine
 10
280.165
 20
48.2533
 11
280.99
 21
48.2533
  0
LINE
  5
1B5
100
AcDbEntity
  8
0
  6
ByLayer
 62
    0
370
   -1
100
AcDbLine
 10
280.99
 20
48.2533
 11
280.99
 21
51.0536
  0
LINE
  5
1B6
100
AcDbEntity
  8
0
  6
ByLayer
 62
    0
370
   -1
100
AcDbLine
 10
280.99
 20
51.0536
 11
280.165
 21
51.0536
  0
LINE
  5
1B7
100
AcDbEntity
  8
0
  6
ByLayer
 62
    0
370
   -1
100
AcDbLine
 10
280.165
 20
51.0536
 11
280.165
 21
54.2837
  0
LINE
  5
1B8
100
AcDbEntity
  8
0
  6
ByLayer
 62
    0
370
   -1
100
AcDbLine
 10
280.165
 20
54.2837
 11
273.415
 21
54.2837
  0
LINE
  5
1B9
100
AcDbEntity
  8
0
  6
ByLayer
 62
    0
370
   -1
100
AcDbLine
 10
273.415
 20
54.2837
 11
273.415
 21
51.0536
  0
LINE
  5
1BA
100
AcDbEntity
  8
0
  6
ByLayer
 62
    0
370
   -1
100
AcDbLine
 10
273.415
 20
51.0536
 11
271.891
 21
51.0536
  0
LINE
  5
1BB
100
AcDbEntity
  8
0
  6
ByLayer
 62
    0
370
   -1
100
AcDbLine
 10
271.891
 20
51.0536
 11
271.891
 21
55.7526
  0
LINE
  5
1BC
100
AcDbEntity
  8
0
  6
ByLayer
 62
    0
370
   -1
100
AcDbLine
 10
271.891
 20
55.7526
 11
257.89
 21
55.7526
  0
LINE
  5
1BD
100
AcDbEntity
  8
0
  6
ByLayer
 62
    0
370
   -1
100
AcDbLine
 10
10.2402
 20
55.7526
 11
24.2411
 21
55.7526
  0
LINE
  5
1BE
100
AcDbEntity
  8
0
  6
ByLayer
 62
    0
370
   -1
100
AcDbLine
 10
24.2411
 20
55.7526
 11
24.2411
 21
41.753
  0
LINE
  5
1BF
100
AcDbEntity
  8
0
  6
ByLayer
 62
    0
370
   -1
100
AcDbLine
 10
24.2411
 20
41.753
 11
10.2402
 21
41.753
  0
LINE
  5
1C0
100
AcDbEntity
  8
0
  6
ByLayer
 62
    0
370
   -1
100
AcDbLine
 10
10.2402
 20
41.753
 11
10.2402
 21
55.7526
  0
LINE
  5
1C1
100
AcDbEntity
  8
0
  6
ByLayer
 62
    0
370
   -1
100
AcDbLine
 10
36.4338
 20
55.7526
 11
50.4349
 21
55.7526
  0
LINE
  5
1C2
100
AcDbEntity
  8
0
  6
ByLayer
 62
    0
370
   -1
100
AcDbLine
 10
50.4349
 20
55.7526
 11
50.4349
 21
41.753
  0
LINE
  5
1C3
100
AcDbEntity
  8
0
  6
ByLayer
 62
    0
370
   -1
100
AcDbLine
 10
50.4349
 20
41.753
 11
36.4338
 21
41.753
  0
LINE
  5
1C4
100
AcDbEntity
  8
0
  6
ByLayer
 62
    0
370
   -1
100
AcDbLine
 10
36.4338
 20
41.753
 11
36.4338
 21
55.7526
  0
LINE
  5
1C5
100
AcDbEntity
  8
0
  6
ByLayer
 62
    0
370
   -1
100
AcDbLine
 10
55.4838
 20
55.7526
 11
69.4849
 21
55.7526
  0
LINE
  5
1C6
100
AcDbEntity
  8
0
  6
ByLayer
 62
    0
370
   -1
100
AcDbLine
 10
69.4849
 20
55.7526
 11
69.4849
 21
41.753
  0
LINE
  5
1C7
100
AcDbEntity
  8
0
  6
ByLayer
 62
    0
370
   -1
100
AcDbLine
 10
69.4849
 20
41.753
 11
55.4838
 21
41.753
  0
LINE
  5
1C8
100
AcDbEntity
  8
0
  6
ByLayer
 62
    0
370
   -1
100
AcDbLine
 10
55.4838
 20
41.753
 11
55.4838
 21
55.7526
  0
LINE
  5
1C9
100
AcDbEntity
  8
0
  6
ByLayer
 62
    0
370
   -1
100
AcDbLine
 10
74.5338
 20
55.7526
 11
88.53489999999999
 21
55.7526
  0
LINE
  5
1CA
100
AcDbEntity
  8
0
  6
ByLayer
 62
    0
370
   -1
100
AcDbLine
 10
88.53489999999999
 20
55.7526
 11
88.53489999999999
 21
41.753
  0
LINE
  5
1CB
100
AcDbEntity
  8
0
  6
ByLayer
 62
    0
370
   -1
100
AcDbLine
 10
88.53489999999999
 20
41.753
 11
74.5338
 21
41.753
  0
LINE
  5
1CC
100
AcDbEntity
  8
0
  6
ByLayer
 62
    0
370
   -1
100
AcDbLine
 10
74.5338
 20
41.753
 11
74.5338
 21
55.7526
  0
LINE
  5
1CD
100
AcDbEntity
  8
0
  6
ByLayer
 62
    0
370
   -1
100
AcDbLine
 10
93.5838
 20
55.7526
 11
107.585
 21
55.7526
  0
LINE
  5
1CE
100
AcDbEntity
  8
0
  6
ByLayer
 62
    0
370
   -1
100
AcDbLine
 10
107.585
 20
55.7526
 11
107.585
 21
41.753
  0
LINE
  5
1CF
100
AcDbEntity
  8
0
  6
ByLayer
 62
    0
370
   -1
100
AcDbLine
 10
107.585
 20
41.753
 11
93.5838
 21
41.753
  0
LINE
  5
1D0
100
AcDbEntity
  8
0
  6
ByLayer
 62
    0
370
   -1
100
AcDbLine
 10
93.5838
 20
41.753
 11
93.5838
 21
55.7526
  0
LINE
  5
1D1
100
AcDbEntity
  8
0
  6
ByLayer
 62
    0
370
   -1
100
AcDbLine
 10
112.634
 20
55.7526
 11
126.635
 21
55.7526
  0
LINE
  5
1D2
100
AcDbEntity
  8
0
  6
ByLayer
 62
    0
370
   -1
100
AcDbLine
 10
126.635
 20
55.7526
 11
126.635
 21
41.753
  0
LINE
  5
1D3
100
AcDbEntity
  8
0
  6
ByLayer
 62
    0
370
   -1
100
AcDbLine
 10
126.635
 20
41.753
 11
112.634
 21
41.753
  0
LINE
  5
1D4
100
AcDbEntity
  8
0
  6
ByLayer
 62
    0
370
   -1
100
AcDbLine
 10
112.634
 20
41.753
 11
112.634
 21
55.7526
  0
LINE
  5
1D5
100
AcDbEntity
  8
0
  6
ByLayer
 62
    0
370
   -1
100
AcDbLine
 10
131.684
 20
55.7526
 11
145.685
 21
55.7526
  0
LINE
  5
1D6
100
AcDbEntity
  8
0
  6
ByLayer
 62
    0
370
   -1
100
AcDbLine
 10
145.685
 20
55.7526
 11
145.685
 21
41.753
  0
LINE
  5
1D7
100
AcDbEntity
  8
0
  6
ByLayer
 62
    0
370
   -1
100
AcDbLine
 10
145.685
 20
41.753
 11
131.684
 21
41.753
  0
LINE
  5
1D8
100
AcDbEntity
  8
0
  6
ByLayer
 62
    0
370
   -1
100
AcDbLine
 10
131.684
 20
41.753
 11
131.684
 21
55.7526
  0
LINE
  5
1D9
100
AcDbEntity
  8
0
  6
ByLayer
 62
    0
370
   -1
100
AcDbLine
 10
150.734
 20
55.7526
 11
164.735
 21
55.7526
  0
LINE
  5
1DA
100
AcDbEntity
  8
0
  6
ByLayer
 62
    0
370
   -1
100
AcDbLine
 10
164.735
 20
55.7526
 11
164.735
 21
41.753
  0
LINE
  5
1DB
100
AcDbEntity
  8
0
  6
ByLayer
 62
    0
370
   -1
100
AcDbLine
 10
164.735
 20
41.753
 11
150.734
 21
41.753
  0
LINE
  5
1DC
100
AcDbEntity
  8
0
  6
ByLayer
 62
    0
370
   -1
100
AcDbLine
 10
150.734
 20
41.753
 11
150.734
 21
55.7526
  0
LINE
  5
1DD
100
AcDbEntity
  8
0
  6
ByLayer
 62
    0
370
   -1
100
AcDbLine
 10
169.784
 20
55.7526
 11
183.785
 21
55.7526
  0
LINE
  5
1DE
100
AcDbEntity
  8
0
  6
ByLayer
 62
    0
370
   -1
100
AcDbLine
 10
183.785
 20
55.7526
 11
183.785
 21
41.753
  0
LINE
  5
1DF
100
AcDbEntity
  8
0
  6
ByLayer
 62
    0
370
   -1
100
AcDbLine
 10
183.785
 20
41.753
 11
169.784
 21
41.753
  0
LINE
  5
1E0
100
AcDbEntity
  8
0
  6
ByLayer
 62
    0
370
   -1
100
AcDbLine
 10
169.784
 20
41.753
 11
169.784
 21
55.7526
  0
LINE
  5
1E1
100
AcDbEntity
  8
0
  6
ByLayer
 62
    0
370
   -1
100
AcDbLine
 10
188.834
 20
55.7526
 11
202.835
 21
55.7526
  0
LINE
  5
1E2
100
AcDbEntity
  8
0
  6
ByLayer
 62
    0
370
   -1
100
AcDbLine
 10
202.835
 20
55.7526
 11
202.835
 21
41.753
  0
LINE
  5
1E3
100
AcDbEntity
  8
0
  6
ByLayer
 62
    0
370
   -1
100
AcDbLine
 10
202.835
 20
41.753
 11
188.834
 21
41.753
  0
LINE
  5
1E4
100
AcDbEntity
  8
0
  6
ByLayer
 62
    0
370
   -1
100
AcDbLine
 10
188.834
 20
41.753
 11
188.834
 21
55.7526
  0
LINE
  5
1E5
100
AcDbEntity
  8
0
  6
ByLayer
 62
    0
370
   -1
100
AcDbLine
 10
207.884
 20
55.7526
 11
221.885
 21
55.7526
  0
LINE
  5
1E6
100
AcDbEntity
  8
0
  6
ByLayer
 62
    0
370
   -1
100
AcDbLine
 10
221.885
 20
55.7526
 11
221.885
 21
41.753
  0
LINE
  5
1E7
100
AcDbEntity
  8
0
  6
ByLayer
 62
    0
370
   -1
100
AcDbLine
 10
221.885
 20
41.753
 11
207.884
 21
41.753
  0
LINE
  5
1E8
100
AcDbEntity
  8
0
  6
ByLayer
 62
    0
370
   -1
100
AcDbLine
 10
207.884
 20
41.753
 11
207.884
 21
55.7526
  0
LINE
  5
1E9
100
AcDbEntity
  8
0
  6
ByLayer
 62
    0
370
   -1
100
AcDbLine
 10
226.934
 20
55.7526
 11
240.935
 21
55.7526
  0
LINE
  5
1EA
100
AcDbEntity
  8
0
  6
ByLayer
 62
    0
370
   -1
100
AcDbLine
 10
240.935
 20
55.7526
 11
240.935
 21
41.753
  0
LINE
  5
1EB
100
AcDbEntity
  8
0
  6
ByLayer
 62
    0
370
   -1
100
AcDbLine
 10
240.935
 20
41.753
 11
226.934
 21
41.753
  0
LINE
  5
1EC
100
AcDbEntity
  8
0
  6
ByLayer
 62
    0
370
   -1
100
AcDbLine
 10
226.934
 20
41.753
 11
226.934
 21
55.7526
  0
LINE
  5
1ED
100
AcDbEntity
  8
0
  6
ByLayer
 62
    0
370
   -1
100
AcDbLine
 10
7.85894
 20
74.8026
 11
21.8598
 21
74.8026
  0
LINE
  5
1EE
100
AcDbEntity
  8
0
  6
ByLayer
 62
    0
370
   -1
100
AcDbLine
 10
21.8598
 20
74.8026
 11
21.8598
 21
60.803
  0
LINE
  5
1EF
100
AcDbEntity
  8
0
  6
ByLayer
 62
    0
370
   -1
100
AcDbLine
 10
21.8598
 20
60.803
 11
7.85894
 21
60.803
  0
LINE
  5
1F0
100
AcDbEntity
  8
0
  6
ByLayer
 62
    0
370
   -1
100
AcDbLine
 10
7.85894
 20
60.803
 11
7.85894
 21
74.8026
  0
LINE
  5
1F1
100
AcDbEntity
  8
0
  6
ByLayer
 62
    0
370
   -1
100
AcDbLine
 10
31.6714
 20
74.8026
 11
45.671
 21
74.8026
  0
LINE
  5
1F2
100
AcDbEntity
  8
0
  6
ByLayer
 62
    0
370
   -1
100
AcDbLine
 10
45.671
 20
74.8026
 11
45.671
 21
60.803
  0
LINE
  5
1F3
100
AcDbEntity
  8
0
  6
ByLayer
 62
    0
370
   -1
100
AcDbLine
 10
45.671
 20
60.803
 11
31.6714
 21
60.803
  0
LINE
  5
1F4
100
AcDbEntity
  8
0
  6
ByLayer
 62
    0
370
   -1
100
AcDbLine
 10
31.6714
 20
60.803
 11
31.6714
 21
74.8026
  0
LINE
  5
1F5
100
AcDbEntity
  8
0
  6
ByLayer
 62
    0
370
   -1
100
AcDbLine
 10
50.7213
 20
74.8026
 11
64.721
 21
74.8026
  0
LINE
  5
1F6
100
AcDbEntity
  8
0
  6
ByLayer
 62
    0
370
   -1
100
AcDbLine
 10
64.721
 20
74.8026
 11
64.721
 21
60.803
  0
LINE
  5
1F7
100
AcDbEntity
  8
0
  6
ByLayer
 62
    0
370
   -1
100
AcDbLine
 10
64.721
 20
60.803
 11
50.7213
 21
60.803
  0
LINE
  5
1F8
100
AcDbEntity
  8
0
  6
ByLayer
 62
    0
370
   -1
100
AcDbLine
 10
50.7213
 20
60.803
 11
50.7213
 21
74.8026
  0
LINE
  5
1F9
100
AcDbEntity
  8
0
  6
ByLayer
 62
    0
370
   -1
100
AcDbLine
 10
69.7713
 20
74.8026
 11
83.771
 21
74.8026
  0
LINE
  5
1FA
100
AcDbEntity
  8
0
  6
ByLayer
 62
    0
370
   -1
100
AcDbLine
 10
83.771
 20
74.8026
 11
83.771
 21
60.803
  0
LINE
  5
1FB
100
AcDbEntity
  8
0
  6
ByLayer
 62
    0
370
   -1
100
AcDbLine
 10
83.771
 20
60.803
 11
69.7713
 21
60.803
  0
LINE
  5
1FC
100
AcDbEntity
  8
0
  6
ByLayer
 62
    0
370
   -1
100
AcDbLine
 10
69.7713
 20
60.803
 11
69.7713
 21
74.8026
  0
LINE
  5
1FD
100
AcDbEntity
  8
0
  6
ByLayer
 62
    0
370
   -1
100
AcDbLine
 10
88.82129999999999
 20
74.8026
 11
102.821
 21
74.8026
  0
LINE
  5
1FE
100
AcDbEntity
  8
0
  6
ByLayer
 62
    0
370
   -1
100
AcDbLine
 10
102.821
 20
74.8026
 11
102.821
 21
60.803
  0
LINE
  5
1FF
100
AcDbEntity
  8
0
  6
ByLayer
 62
    0
370
   -1
100
AcDbLine
 10
102.821
 20
60.803
 11
88.82129999999999
 21
60.803
  0
LINE
  5
200
100
AcDbEntity
  8
0
  6
ByLayer
 62
    0
370
   -1
100
AcDbLine
 10
88.82129999999999
 20
60.803
 11
88.82129999999999
 21
74.8026
  0
LINE
  5
201
100
AcDbEntity
  8
0
  6
ByLayer
 62
    0
370
   -1
100
AcDbLine
 10
107.871
 20
74.8026
 11
121.871
 21
74.8026
  0
LINE
  5
202
100
AcDbEntity
  8
0
  6
ByLayer
 62
    0
370
   -1
100
AcDbLine
 10
121.871
 20
74.8026
 11
121.871
 21
60.803
  0
LINE
  5
203
100
AcDbEntity
  8
0
  6
ByLayer
 62
    0
370
   -1
100
AcDbLine
 10
121.871
 20
60.803
 11
107.871
 21
60.803
  0
LINE
  5
204
100
AcDbEntity
  8
0
  6
ByLayer
 62
    0
370
   -1
100
AcDbLine
 10
107.871
 20
60.803
 11
107.871
 21
74.8026
  0
LINE
  5
205
100
AcDbEntity
  8
0
  6
ByLayer
 62
    0
370
   -1
100
AcDbLine
 10
126.921
 20
74.8026
 11
140.921
 21
74.8026
  0
LINE
  5
206
100
AcDbEntity
  8
0
  6
ByLayer
 62
    0
370
   -1
100
AcDbLine
 10
140.921
 20
74.8026
 11
140.921
 21
60.803
  0
LINE
  5
207
100
AcDbEntity
  8
0
  6
ByLayer
 62
    0
370
   -1
100
AcDbLine
 10
140.921
 20
60.803
 11
126.921
 21
60.803
  0
LINE
  5
208
100
AcDbEntity
  8
0
  6
ByLayer
 62
    0
370
   -1
100
AcDbLine
 10
126.921
 20
60.803
 11
126.921
 21
74.8026
  0
LINE
  5
209
100
AcDbEntity
  8
0
  6
ByLayer
 62
    0
370
   -1
100
AcDbLine
 10
145.971
 20
74.8026
 11
159.971
 21
74.8026
  0
LINE
  5
20A
100
AcDbEntity
  8
0
  6
ByLayer
 62
    0
370
   -1
100
AcDbLine
 10
159.971
 20
74.8026
 11
159.971
 21
60.803
  0
LINE
  5
20B
100
AcDbEntity
  8
0
  6
ByLayer
 62
    0
370
   -1
100
AcDbLine
 10
159.971
 20
60.803
 11
145.971
 21
60.803
  0
LINE
  5
20C
100
AcDbEntity
  8
0
  6
ByLayer
 62
    0
370
   -1
100
AcDbLine
 10
145.971
 20
60.803
 11
145.971
 21
74.8026
  0
LINE
  5
20D
100
AcDbEntity
  8
0
  6
ByLayer
 62
    0
370
   -1
100
AcDbLine
 10
165.021
 20
74.8026
 11
179.021
 21
74.8026
  0
LINE
  5
20E
100
AcDbEntity
  8
0
  6
ByLayer
 62
    0
370
   -1
100
AcDbLine
 10
179.021
 20
74.8026
 11
179.021
 21
60.803
  0
LINE
  5
20F
100
AcDbEntity
  8
0
  6
ByLayer
 62
    0
370
   -1
100
AcDbLine
 10
179.021
 20
60.803
 11
165.021
 21
60.803
  0
LINE
  5
210
100
AcDbEntity
  8
0
  6
ByLayer
 62
    0
370
   -1
100
AcDbLine
 10
165.021
 20
60.803
 11
165.021
 21
74.8026
  0
LINE
  5
211
100
AcDbEntity
  8
0
  6
ByLayer
 62
    0
370
   -1
100
AcDbLine
 10
184.071
 20
74.8026
 11
198.071
 21
74.8026
  0
LINE
  5
212
100
AcDbEntity
  8
0
  6
ByLayer
 62
    0
370
   -1
100
AcDbLine
 10
198.071
 20
74.8026
 11
198.071
 21
60.803
  0
LINE
  5
213
100
AcDbEntity
  8
0
  6
ByLayer
 62
    0
370
   -1
100
AcDbLine
 10
198.071
 20
60.803
 11
184.071
 21
60.803
  0
LINE
  5
214
100
AcDbEntity
  8
0
  6
ByLayer
 62
    0
370
   -1
100
AcDbLine
 10
184.071
 20
60.803
 11
184.071
 21
74.8026
  0
LINE
  5
215
100
AcDbEntity
  8
0
  6
ByLayer
 62
    0
370
   -1
100
AcDbLine
 10
203.121
 20
74.8026
 11
217.121
 21
74.8026
  0
LINE
  5
216
100
AcDbEntity
  8
0
  6
ByLayer
 62
    0
370
   -1
100
AcDbLine
 10
217.121
 20
74.8026
 11
217.121
 21
60.803
  0
LINE
  5
217
100
AcDbEntity
  8
0
  6
ByLayer
 62
    0
370
   -1
100
AcDbLine
 10
217.121
 20
60.803
 11
203.121
 21
60.803
  0
LINE
  5
218
100
AcDbEntity
  8
0
  6
ByLayer
 62
    0
370
   -1
100
AcDbLine
 10
203.121
 20
60.803
 11
203.121
 21
74.8026
  0
LINE
  5
219
100
AcDbEntity
  8
0
  6
ByLayer
 62
    0
370
   -1
100
AcDbLine
 10
222.171
 20
74.8026
 11
236.171
 21
74.8026
  0
LINE
  5
21A
100
AcDbEntity
  8
0
  6
ByLayer
 62
    0
370
   -1
100
AcDbLine
 10
236.171
 20
74.8026
 11
236.171
 21
60.803
  0
LINE
  5
21B
100
AcDbEntity
  8
0
  6
ByLayer
 62
    0
370
   -1
100
AcDbLine
 10
236.171
 20
60.803
 11
222.171
 21
60.803
  0
LINE
  5
21C
100
AcDbEntity
  8
0
  6
ByLayer
 62
    0
370
   -1
100
AcDbLine
 10
222.171
 20
60.803
 11
222.171
 21
74.8026
  0
LINE
  5
21D
100
AcDbEntity
  8
0
  6
ByLayer
 62
    0
370
   -1
100
AcDbLine
 10
241.221
 20
74.8026
 11
255.221
 21
74.8026
  0
LINE
  5
21E
100
AcDbEntity
  8
0
  6
ByLayer
 62
    0
370
   -1
100
AcDbLine
 10
255.221
 20
74.8026
 11
255.221
 21
60.803
  0
LINE
  5
21F
100
AcDbEntity
  8
0
  6
ByLayer
 62
    0
370
   -1
100
AcDbLine
 10
255.221
 20
60.803
 11
241.221
 21
60.803
  0
LINE
  5
220
100
AcDbEntity
  8
0
  6
ByLayer
 62
    0
370
   -1
100
AcDbLine
 10
241.221
 20
60.803
 11
241.221
 21
74.8026
  0
LINE
  5
221
100
AcDbEntity
  8
0
  6
ByLayer
 62
    0
370
   -1
100
AcDbLine
 10
265.034
 20
74.8026
 11
279.035
 21
74.8026
  0
LINE
  5
222
100
AcDbEntity
  8
0
  6
ByLayer
 62
    0
370
   -1
100
AcDbLine
 10
279.035
 20
74.8026
 11
279.035
 21
60.803
  0
LINE
  5
223
100
AcDbEntity
  8
0
  6
ByLayer
 62
    0
370
   -1
100
AcDbLine
 10
279.035
 20
60.803
 11
265.034
 21
60.803
  0
LINE
  5
224
100
AcDbEntity
  8
0
  6
ByLayer
 62
    0
370
   -1
100
AcDbLine
 10
265.034
 20
60.803
 11
265.034
 21
74.8026
  0
LINE
  5
225
100
AcDbEntity
  8
0
  6
ByLayer
 62
    0
370
   -1
100
AcDbLine
 10
293.609
 20
74.8026
 11
307.61
 21
74.8026
  0
LINE
  5
226
100
AcDbEntity
  8
0
  6
ByLayer
 62
    0
370
   -1
100
AcDbLine
 10
307.61
 20
74.8026
 11
307.61
 21
60.803
  0
LINE
  5
227
100
AcDbEntity
  8
0
  6
ByLayer
 62
    0
370
   -1
100
AcDbLine
 10
307.61
 20
60.803
 11
293.609
 21
60.803
  0
LINE
  5
228
100
AcDbEntity
  8
0
  6
ByLayer
 62
    0
370
   -1
100
AcDbLine
 10
293.609
 20
60.803
 11
293.609
 21
74.8026
  0
LINE
  5
229
100
AcDbEntity
  8
0
  6
ByLayer
 62
    0
370
   -1
100
AcDbLine
 10
312.659
 20
74.8026
 11
326.66
 21
74.8026
  0
LINE
  5
22A
100
AcDbEntity
  8
0
  6
ByLayer
 62
    0
370
   -1
100
AcDbLine
 10
326.66
 20
74.8026
 11
326.66
 21
60.803
  0
LINE
  5
22B
100
AcDbEntity
  8
0
  6
ByLayer
 62
    0
370
   -1
100
AcDbLine
 10
326.66
 20
60.803
 11
312.659
 21
60.803
  0
LINE
  5
22C
100
AcDbEntity
  8
0
  6
ByLayer
 62
    0
370
   -1
100
AcDbLine
 10
312.659
 20
60.803
 11
312.659
 21
74.8026
  0
LINE
  5
22D
100
AcDbEntity
  8
0
  6
ByLayer
 62
    0
370
   -1
100
AcDbLine
 10
331.709
 20
74.8026
 11
345.71
 21
74.8026
  0
LINE
  5
22E
100
AcDbEntity
  8
0
  6
ByLayer
 62
    0
370
   -1
100
AcDbLine
 10
345.71
 20
74.8026
 11
345.71
 21
60.803
  0
LINE
  5
22F
100
AcDbEntity
  8
0
  6
ByLayer
 62
    0
370
   -1
100
AcDbLine
 10
345.71
 20
60.803
 11
331.709
 21
60.803
  0
LINE
  5
230
100
AcDbEntity
  8
0
  6
ByLayer
 62
    0
370
   -1
100
AcDbLine
 10
331.709
 20
60.803
 11
331.709
 21
74.8026
  0
LINE
  5
231
100
AcDbEntity
  8
0
  6
ByLayer
 62
    0
370
   -1
100
AcDbLine
 10
260.271
 20
93.8526
 11
260.271
 21
89.1536
  0
LINE
  5
232
100
AcDbEntity
  8
0
  6
ByLayer
 62
    0
370
   -1
100
AcDbLine
 10
260.271
 20
89.1536
 11
258.746
 21
89.1536
  0
LINE
  5
233
100
AcDbEntity
  8
0
  6
ByLayer
 62
    0
370
   -1
100
AcDbLine
 10
258.746
 20
89.1536
 11
258.746
 21
92.3837
  0
LINE
  5
234
100
AcDbEntity
  8
0
  6
ByLayer
 62
    0
370
   -1
100
AcDbLine
 10
258.746
 20
92.3837
 11
251.996
 21
92.3837
  0
LINE
  5
235
100
AcDbEntity
  8
0
  6
ByLayer
 62
    0
370
   -1
100
AcDbLine
 10
251.996
 20
92.3837
 11
251.996
 21
89.1536
  0
LINE
  5
236
100
AcDbEntity
  8
0
  6
ByLayer
 62
    0
370
   -1
100
AcDbLine
 10
251.996
 20
89.1536
 11
251.171
 21
89.1536
  0
LINE
  5
237
100
AcDbEntity
  8
0
  6
ByLayer
 62
    0
370
   -1
100
AcDbLine
 10
251.171
 20
89.1536
 11
251.171
 21
86.3533
  0
LINE
  5
238
100
AcDbEntity
  8
0
  6
ByLayer
 62
    0
370
   -1
100
AcDbLine
 10
251.171
 20
86.3533
 11
251.996
 21
86.3533
  0
LINE
  5
239
100
AcDbEntity
  8
0
  6
ByLayer
 62
    0
370
   -1
100
AcDbLine
 10
251.996
 20
86.3533
 11
251.996
 21
80.0834
  0
LINE
  5
23A
100
AcDbEntity
  8
0
  6
ByLayer
 62
    0
370
   -1
100
AcDbLine
 10
251.996
 20
80.0834
 11
253.722
 21
80.0834
  0
LINE
  5
23B
100
AcDbEntity
  8
0
  6
ByLayer
 62
    0
370
   -1
100
AcDbLine
 10
253.722
 20
80.0834
 11
253.722
 21
78.88290000000001
  0
LINE
  5
23C
100
AcDbEntity
  8
0
  6
ByLayer
 62
    0
370
   -1
100
AcDbLine
 10
253.722
 20
78.88290000000001
 11
257.022
 21
78.88290000000001
  0
LINE
  5
23D
100
AcDbEntity
  8
0
  6
ByLayer
 62
    0
370
   -1
100
AcDbLine
 10
257.022
 20
78.88290000000001
 11
257.022
 21
80.0834
  0
LINE
  5
23E
100
AcDbEntity
  8
0
  6
ByLayer
 62
    0
370
   -1
100
AcDbLine
 10
257.022
 20
80.0834
 11
258.746
 21
80.0834
  0
LINE
  5
23F
100
AcDbEntity
  8
0
  6
ByLayer
 62
    0
370
   -1
100
AcDbLine
 10
258.746
 20
80.0834
 11
258.746
 21
84.5538
  0
LINE
  5
240
100
AcDbEntity
  8
0
  6
ByLayer
 62
    0
370
   -1
100
AcDbLine
 10
258.746
 20
84.5538
 11
260.271
 21
84.5538
  0
LINE
  5
241
100
AcDbEntity
  8
0
  6
ByLayer
 62
    0
370
   -1
100
AcDbLine
 10
260.271
 20
84.5538
 11
260.271
 21
79.85299999999999
  0
LINE
  5
242
100
AcDbEntity
  8
0
  6
ByLayer
 62
    0
370
   -1
100
AcDbLine
 10
260.271
 20
79.85299999999999
 11
274.271
 21
79.85299999999999
  0
LINE
  5
243
100
AcDbEntity
  8
0
  6
ByLayer
 62
    0
370
   -1
100
AcDbLine
 10
274.271
 20
79.85299999999999
 11
274.271
 21
84.5538
  0
LINE
  5
244
100
AcDbEntity
  8
0
  6
ByLayer
 62
    0
370
   -1
100
AcDbLine
 10
274.271
 20
84.5538
 11
275.796
 21
84.5538
  0
LINE
  5
245
100
AcDbEntity
  8
0
  6
ByLayer
 62
    0
370
   -1
100
AcDbLine
 10
275.796
 20
84.5538
 11
275.796
 21
80.0834
  0
LINE
  5
246
100
AcDbEntity
  8
0
  6
ByLayer
 62
    0
370
   -1
100
AcDbLine
 10
275.796
 20
80.0834
 11
277.522
 21
80.0834
  0
LINE
  5
247
100
AcDbEntity
  8
0
  6
ByLayer
 62
    0
370
   -1
100
AcDbLine
 10
277.522
 20
80.0834
 11
277.522
 21
78.88290000000001
  0
LINE
  5
248
100
AcDbEntity
  8
0
  6
ByLayer
 62
    0
370
   -1
100
AcDbLine
 10
277.522
 20
78.88290000000001
 11
280.822
 21
78.88290000000001
  0
LINE
  5
249
100
AcDbEntity
  8
0
  6
ByLayer
 62
    0
370
   -1
100
AcDbLine
 10
280.822
 20
78.88290000000001
 11
280.822
 21
80.0834
  0
LINE
  5
24A
100
AcDbEntity
  8
0
  6
ByLayer
 62
    0
370
   -1
100
AcDbLine
 10
280.822
 20
80.0834
 11
282.546
 21
80.0834
  0
LINE
  5
24B
100
AcDbEntity
  8
0
  6
ByLayer
 62
    0
370
   -1
100
AcDbLine
 10
282.546
 20
80.0834
 11
282.546
 21
86.3533
  0
LINE
  5
24C
100
AcDbEntity
  8
0
  6
ByLayer
 62
    0
370
   -1
100
AcDbLine
 10
282.546
 20
86.3533
 11
283.372
 21
86.3533
  0
LINE
  5
24D
100
AcDbEntity
  8
0
  6
ByLayer
 62
    0
370
   -1
100
AcDbLine
 10
283.372
 20
86.3533
 11
283.372
 21
89.1536
  0
LINE
  5
24E
100
AcDbEntity
  8
0
  6
ByLayer
 62
    0
370
   -1
100
AcDbLine
 10
283.372
 20
89.1536
 11
282.546
 21
89.1536
  0
LINE
  5
24F
100
AcDbEntity
  8
0
  6
ByLayer
 62
    0
370
   -1
100
AcDbLine
 10
282.546
 20
89.1536
 11
282.546
 21
92.3837
  0
LINE
  5
250
100
AcDbEntity
  8
0
  6
ByLayer
 62
    0
370
   -1
100
AcDbLine
 10
282.546
 20
92.3837
 11
275.796
 21
92.3837
  0
LINE
  5
251
100
AcDbEntity
  8
0
  6
ByLayer
 62
    0
370
   -1
100
AcDbLine
 10
275.796
 20
92.3837
 11
275.796
 21
89.1536
  0
LINE
  5
252
100
AcDbEntity
  8
0
  6
ByLayer
 62
    0
370
   -1
100
AcDbLine
 10
275.796
 20
89.1536
 11
274.271
 21
89.1536
  0
LINE
  5
253
100
AcDbEntity
  8
0
  6
ByLayer
 62
    0
370
   -1
100
AcDbLine
 10
274.271
 20
89.1536
 11
274.271
 21
93.8526
  0
LINE
  5
254
100
AcDbEntity
  8
0
  6
ByLayer
 62
    0
370
   -1
100
AcDbLine
 10
274.271
 20
93.8526
 11
260.271
 21
93.8526
  0
LINE
  5
255
100
AcDbEntity
  8
0
  6
ByLayer
 62
    0
370
   -1
100
AcDbLine
 10
3.09645
 20
93.8526
 11
17.0959
 21
93.8526
  0
LINE
  5
256
100
AcDbEntity
  8
0
  6
ByLayer
 62
    0
370
   -1
100
AcDbLine
 10
17.0959
 20
93.8526
 11
17.0959
 21
79.85299999999999
  0
LINE
  5
257
100
AcDbEntity
  8
0
  6
ByLayer
 62
    0
370
   -1
100
AcDbLine
 10
17.0959
 20
79.85299999999999
 11
3.09645
 21
79.85299999999999
  0
LINE
  5
258
100
AcDbEntity
  8
0
  6
ByLayer
 62
    0
370
   -1
100
AcDbLine
 10
3.09645
 20
79.85299999999999
 11
3.09645
 21
93.8526
  0
LINE
  5
259
100
AcDbEntity
  8
0
  6
ByLayer
 62
    0
370
   -1
100
AcDbLine
 10
22.1464
 20
93.8526
 11
36.146
 21
93.8526
  0
LINE
  5
25A
100
AcDbEntity
  8
0
  6
ByLayer
 62
    0
370
   -1
100
AcDbLine
 10
36.146
 20
93.8526
 11
36.146
 21
79.85299999999999
  0
LINE
  5
25B
100
AcDbEntity
  8
0
  6
ByLayer
 62
    0
370
   -1
100
AcDbLine
 10
36.146
 20
79.85299999999999
 11
22.1464
 21
79.85299999999999
  0
LINE
  5
25C
100
AcDbEntity
  8
0
  6
ByLayer
 62
    0
370
   -1
100
AcDbLine
 10
22.1464
 20
79.85299999999999
 11
22.1464
 21
93.8526
  0
LINE
  5
25D
100
AcDbEntity
  8
0
  6
ByLayer
 62
    0
370
   -1
100
AcDbLine
 10
41.1963
 20
93.8526
 11
55.196
 21
93.8526
  0
LINE
  5
25E
100
AcDbEntity
  8
0
  6
ByLayer
 62
    0
370
   -1
100
AcDbLine
 10
55.196
 20
93.8526
 11
55.196
 21
79.85299999999999
  0
LINE
  5
25F
100
AcDbEntity
  8
0
  6
ByLayer
 62
    0
370
   -1
100
AcDbLine
 10
55.196
 20
79.85299999999999
 11
41.1963
 21
79.85299999999999
  0
LINE
  5
260
100
AcDbEntity
  8
0
  6
ByLayer
 62
    0
370
   -1
100
AcDbLine
 10
41.1963
 20
79.85299999999999
 11
41.1963
 21
93.8526
  0
LINE
  5
261
100
AcDbEntity
  8
0
  6
ByLayer
 62
    0
370
   -1
100
AcDbLine
 10
60.2463
 20
93.8526
 11
74.246
 21
93.8526
  0
LINE
  5
262
100
AcDbEntity
  8
0
  6
ByLayer
 62
    0
370
   -1
100
AcDbLine
 10
74.246
 20
93.8526
 11
74.246
 21
79.85299999999999
  0
LINE
  5
263
100
AcDbEntity
  8
0
  6
ByLayer
 62
    0
370
   -1
100
AcDbLine
 10
74.246
 20
79.85299999999999
 11
60.2463
 21
79.85299999999999
  0
LINE
  5
264
100
AcDbEntity
  8
0
  6
ByLayer
 62
    0
370
   -1
100
AcDbLine
 10
60.2463
 20
79.85299999999999
 11
60.2463
 21
93.8526
  0
LINE
  5
265
100
AcDbEntity
  8
0
  6
ByLayer
 62
    0
370
   -1
100
AcDbLine
 10
79.2963
 20
93.8526
 11
93.29600000000001
 21
93.8526
  0
LINE
  5
266
100
AcDbEntity
  8
0
  6
ByLayer
 62
    0
370
   -1
100
AcDbLine
 10
93.29600000000001
 20
93.8526
 11
93.29600000000001
 21
79.85299999999999
  0
LINE
  5
267
100
AcDbEntity
  8
0
  6
ByLayer
 62
    0
370
   -1
100
AcDbLine
 10
93.29600000000001
 20
79.85299999999999
 11
79.2963
 21
79.85299999999999
  0
LINE
  5
268
100
AcDbEntity
  8
0
  6
ByLayer
 62
    0
370
   -1
100
AcDbLine
 10
79.2963
 20
79.85299999999999
 11
79.2963
 21
93.8526
  0
LINE
  5
269
100
AcDbEntity
  8
0
  6
ByLayer
 62
    0
370
   -1
100
AcDbLine
 10
98.3463
 20
93.8526
 11
112.346
 21
93.8526
  0
LINE
  5
26A
100
AcDbEntity
  8
0
  6
ByLayer
 62
    0
370
   -1
100
AcDbLine
 10
112.346
 20
93.8526
 11
112.346
 21
79.85299999999999
  0
LINE
  5
26B
100
AcDbEntity
  8
0
  6
ByLayer
 62
    0
370
   -1
100
AcDbLine
 10
112.346
 20
79.85299999999999
 11
98.3463
 21
79.85299999999999
  0
LINE
  5
26C
100
AcDbEntity
  8
0
  6
ByLayer
 62
    0
370
   -1
100
AcDbLine
 10
98.3463
 20
79.85299999999999
 11
98.3463
 21
93.8526
  0
LINE
  5
26D
100
AcDbEntity
  8
0
  6
ByLayer
 62
    0
370
   -1
100
AcDbLine
 10
117.396
 20
93.8526
 11
131.396
 21
93.8526
  0
LINE
  5
26E
100
AcDbEntity
  8
0
  6
ByLayer
 62
    0
370
   -1
100
AcDbLine
 10
131.396
 20
93.8526
 11
131.396
 21
79.85299999999999
  0
LINE
  5
26F
100
AcDbEntity
  8
0
  6
ByLayer
 62
    0
370
   -1
100
AcDbLine
 10
131.396
 20
79.85299999999999
 11
117.396
 21
79.85299999999999
  0
LINE
  5
270
100
AcDbEntity
  8
0
  6
ByLayer
 62
    0
370
   -1
100
AcDbLine
 10
117.396
 20
79.85299999999999
 11
117.396
 21
93.8526
  0
LINE
  5
271
100
AcDbEntity
  8
0
  6
ByLayer
 62
    0
370
   -1
100
AcDbLine
 10
136.446
 20
93.8526
 11
150.446
 21
93.8526
  0
LINE
  5
272
100
AcDbEntity
  8
0
  6
ByLayer
 62
    0
370
   -1
100
AcDbLine
 10
150.446
 20
93.8526
 11
150.446
 21
79.85299999999999
  0
LINE
  5
273
100
AcDbEntity
  8
0
  6
ByLayer
 62
    0
370
   -1
100
AcDbLine
 10
150.446
 20
79.85299999999999
 11
136.446
 21
79.85299999999999
  0
LINE
  5
274
100
AcDbEntity
  8
0
  6
ByLayer
 62
    0
370
   -1
100
AcDbLine
 10
136.446
 20
79.85299999999999
 11
136.446
 21
93.8526
  0
LINE
  5
275
100
AcDbEntity
  8
0
  6
ByLayer
 62
    0
370
   -1
100
AcDbLine
 10
155.496
 20
93.8526
 11
169.496
 21
93.8526
  0
LINE
  5
276
100
AcDbEntity
  8
0
  6
ByLayer
 62
    0
370
   -1
100
AcDbLine
 10
169.496
 20
93.8526
 11
169.496
 21
79.85299999999999
  0
LINE
  5
277
100
AcDbEntity
  8
0
  6
ByLayer
 62
    0
370
   -1
100
AcDbLine
 10
169.496
 20
79.85299999999999
 11
155.496
 21
79.85299999999999
  0
LINE
  5
278
100
AcDbEntity
  8
0
  6
ByLayer
 62
    0
370
   -1
100
AcDbLine
 10
155.496
 20
79.85299999999999
 11
155.496
 21
93.8526
  0
LINE
  5
279
100
AcDbEntity
  8
0
  6
ByLayer
 62
    0
370
   -1
100
AcDbLine
 10
174.546
 20
93.8526
 11
188.546
 21
93.8526
  0
LINE
  5
27A
100
AcDbEntity
  8
0
  6
ByLayer
 62
    0
370
   -1
100
AcDbLine
 10
188.546
 20
93.8526
 11
188.546
 21
79.85299999999999
  0
LINE
  5
27B
100
AcDbEntity
  8
0
  6
ByLayer
 62
    0
370
   -1
100
AcDbLine
 10
188.546
 20
79.85299999999999
 11
174.546
 21
79.85299999999999
  0
LINE
  5
27C
100
AcDbEntity
  8
0
  6
ByLayer
 62
    0
370
   -1
100
AcDbLine
 10
174.546
 20
79.85299999999999
 11
174.546
 21
93.8526
  0
LINE
  5
27D
100
AcDbEntity
  8
0
  6
ByLayer
 62
    0
370
   -1
100
AcDbLine
 10
193.596
 20
93.8526
 11
207.596
 21
93.8526
  0
LINE
  5
27E
100
AcDbEntity
  8
0
  6
ByLayer
 62
    0
370
   -1
100
AcDbLine
 10
207.596
 20
93.8526
 11
207.596
 21
79.85299999999999
  0
LINE
  5
27F
100
AcDbEntity
  8
0
  6
ByLayer
 62
    0
370
   -1
100
AcDbLine
 10
207.596
 20
79.85299999999999
 11
193.596
 21
79.85299999999999
  0
LINE
  5
280
100
AcDbEntity
  8
0
  6
ByLayer
 62
    0
370
   -1
100
AcDbLine
 10
193.596
 20
79.85299999999999
 11
193.596
 21
93.8526
  0
LINE
  5
281
100
AcDbEntity
  8
0
  6
ByLayer
 62
    0
370
   -1
100
AcDbLine
 10
212.646
 20
93.8526
 11
226.646
 21
93.8526
  0
LINE
  5
282
100
AcDbEntity
  8
0
  6
ByLayer
 62
    0
370
   -1
100
AcDbLine
 10
226.646
 20
93.8526
 11
226.646
 21
79.85299999999999
  0
LINE
  5
283
100
AcDbEntity
  8
0
  6
ByLayer
 62
    0
370
   -1
100
AcDbLine
 10
226.646
 20
79.85299999999999
 11
212.646
 21
79.85299999999999
  0
LINE
  5
284
100
AcDbEntity
  8
0
  6
ByLayer
 62
    0
370
   -1
100
AcDbLine
 10
212.646
 20
79.85299999999999
 11
212.646
 21
93.8526
  0
LINE
  5
285
100
AcDbEntity
  8
0
  6
ByLayer
 62
    0
370
   -1
100
AcDbLine
 10
231.696
 20
93.8526
 11
245.696
 21
93.8526
  0
LINE
  5
286
100
AcDbEntity
  8
0
  6
ByLayer
 62
    0
370
   -1
100
AcDbLine
 10
245.696
 20
93.8526
 11
245.696
 21
79.85299999999999
  0
LINE
  5
287
100
AcDbEntity
  8
0
  6
ByLayer
 62
    0
370
   -1
100
AcDbLine
 10
245.696
 20
79.85299999999999
 11
231.696
 21
79.85299999999999
  0
LINE
  5
288
100
AcDbEntity
  8
0
  6
ByLayer
 62
    0
370
   -1
100
AcDbLine
 10
231.696
 20
79.85299999999999
 11
231.696
 21
93.8526
  0
LINE
  5
289
100
AcDbEntity
  8
0
  6
ByLayer
 62
    0
370
   -1
100
AcDbLine
 10
293.609
 20
93.8526
 11
307.61
 21
93.8526
  0
LINE
  5
28A
100
AcDbEntity
  8
0
  6
ByLayer
 62
    0
370
   -1
100
AcDbLine
 10
307.61
 20
93.8526
 11
307.61
 21
79.85299999999999
  0
LINE
  5
28B
100
AcDbEntity
  8
0
  6
ByLayer
 62
    0
370
   -1
100
AcDbLine
 10
307.61
 20
79.85299999999999
 11
293.609
 21
79.85299999999999
  0
LINE
  5
28C
100
AcDbEntity
  8
0
  6
ByLayer
 62
    0
370
   -1
100
AcDbLine
 10
293.609
 20
79.85299999999999
 11
293.609
 21
93.8526
  0
LINE
  5
28D
100
AcDbEntity
  8
0
  6
ByLayer
 62
    0
370
   -1
100
AcDbLine
 10
312.659
 20
93.8526
 11
326.66
 21
93.8526
  0
LINE
  5
28E
100
AcDbEntity
  8
0
  6
ByLayer
 62
    0
370
   -1
100
AcDbLine
 10
326.66
 20
93.8526
 11
326.66
 21
79.85299999999999
  0
LINE
  5
28F
100
AcDbEntity
  8
0
  6
ByLayer
 62
    0
370
   -1
100
AcDbLine
 10
326.66
 20
79.85299999999999
 11
312.659
 21
79.85299999999999
  0
LINE
  5
290
100
AcDbEntity
  8
0
  6
ByLayer
 62
    0
370
   -1
100
AcDbLine
 10
312.659
 20
79.85299999999999
 11
312.659
 21
93.8526
  0
LINE
  5
291
100
AcDbEntity
  8
0
  6
ByLayer
 62
    0
370
   -1
100
AcDbLine
 10
331.709
 20
93.8526
 11
345.71
 21
93.8526
  0
LINE
  5
292
100
AcDbEntity
  8
0
  6
ByLayer
 62
    0
370
   -1
100
AcDbLine
 10
345.71
 20
93.8526
 11
345.71
 21
79.85299999999999
  0
LINE
  5
293
100
AcDbEntity
  8
0
  6
ByLayer
 62
    0
370
   -1
100
AcDbLine
 10
345.71
 20
79.85299999999999
 11
331.709
 21
79.85299999999999
  0
LINE
  5
294
100
AcDbEntity
  8
0
  6
ByLayer
 62
    0
370
   -1
100
AcDbLine
 10
331.709
 20
79.85299999999999
 11
331.709
 21
93.8526
  0
LINE
  5
295
100
AcDbEntity
  8
0
  6
ByLayer
 62
    0
370
   -1
100
AcDbLine
 10
3.09645
 20
117.665
 11
17.0959
 21
117.665
  0
LINE
  5
296
100
AcDbEntity
  8
0
  6
ByLayer
 62
    0
370
   -1
100
AcDbLine
 10
17.0959
 20
117.665
 11
17.0959
 21
103.666
  0
LINE
  5
297
100
AcDbEntity
  8
0
  6
ByLayer
 62
    0
370
   -1
100
AcDbLine
 10
17.0959
 20
103.666
 11
3.09645
 21
103.666
  0
LINE
  5
298
100
AcDbEntity
  8
0
  6
ByLayer
 62
    0
370
   -1
100
AcDbLine
 10
3.09645
 20
103.666
 11
3.09645
 21
117.665
  0
LINE
  5
299
100
AcDbEntity
  8
0
  6
ByLayer
 62
    0
370
   -1
100
AcDbLine
 10
26.9089
 20
117.665
 11
40.9099
 21
117.665
  0
LINE
  5
29A
100
AcDbEntity
  8
0
  6
ByLayer
 62
    0
370
   -1
100
AcDbLine
 10
40.9099
 20
117.665
 11
40.9099
 21
103.666
  0
LINE
  5
29B
100
AcDbEntity
  8
0
  6
ByLayer
 62
    0
370
   -1
100
AcDbLine
 10
40.9099
 20
103.666
 11
26.9089
 21
103.666
  0
LINE
  5
29C
100
AcDbEntity
  8
0
  6
ByLayer
 62
    0
370
   -1
100
AcDbLine
 10
26.9089
 20
103.666
 11
26.9089
 21
117.665
  0
LINE
  5
29D
100
AcDbEntity
  8
0
  6
ByLayer
 62
    0
370
   -1
100
AcDbLine
 10
45.9588
 20
117.665
 11
59.9585
 21
117.665
  0
LINE
  5
29E
100
AcDbEntity
  8
0
  6
ByLayer
 62
    0
370
   -1
100
AcDbLine
 10
59.9585
 20
117.665
 11
59.9585
 21
103.666
  0
LINE
  5
29F
100
AcDbEntity
  8
0
  6
ByLayer
 62
    0
370
   -1
100
AcDbLine
 10
59.9585
 20
103.666
 11
45.9588
 21
103.666
  0
LINE
  5
2A0
100
AcDbEntity
  8
0
  6
ByLayer
 62
    0
370
   -1
100
AcDbLine
 10
45.9588
 20
103.666
 11
45.9588
 21
117.665
  0
LINE
  5
2A1
100
AcDbEntity
  8
0
  6
ByLayer
 62
    0
370
   -1
100
AcDbLine
 10
65.00879999999999
 20
117.665
 11
79.0085
 21
117.665
  0
LINE
  5
2A2
100
AcDbEntity
  8
0
  6
ByLayer
 62
    0
370
   -1
100
AcDbLine
 10
79.0085
 20
117.665
 11
79.0085
 21
103.666
  0
LINE
  5
2A3
100
AcDbEntity
  8
0
  6
ByLayer
 62
    0
370
   -1
100
AcDbLine
 10
79.0085
 20
103.666
 11
65.00879999999999
 21
103.666
  0
LINE
  5
2A4
100
AcDbEntity
  8
0
  6
ByLayer
 62
    0
370
   -1
100
AcDbLine
 10
65.00879999999999
 20
103.666
 11
65.00879999999999
 21
117.665
  0
LINE
  5
2A5
100
AcDbEntity
  8
0
  6
ByLayer
 62
    0
370
   -1
100
AcDbLine
 10
84.05880000000001
 20
117.665
 11
98.0585
 21
117.665
  0
LINE
  5
2A6
100
AcDbEntity
  8
0
  6
ByLayer
 62
    0
370
   -1
100
AcDbLine
 10
98.0585
 20
117.665
 11
98.0585
 21
103.666
  0
LINE
  5
2A7
100
AcDbEntity
  8
0
  6
ByLayer
 62
    0
370
   -1
100
AcDbLine
 10
98.0585
 20
103.666
 11
84.05880000000001
 21
103.666
  0
LINE
  5
2A8
100
AcDbEntity
  8
0
  6
ByLayer
 62
    0
370
   -1
100
AcDbLine
 10
84.05880000000001
 20
103.666
 11
84.05880000000001
 21
117.665
  0
LINE
  5
2A9
100
AcDbEntity
  8
0
  6
ByLayer
 62
    0
370
   -1
100
AcDbLine
 10
107.871
 20
117.665
 11
121.871
 21
117.665
  0
LINE
  5
2AA
100
AcDbEntity
  8
0
  6
ByLayer
 62
    0
370
   -1
100
AcDbLine
 10
121.871
 20
117.665
 11
121.871
 21
103.666
  0
LINE
  5
2AB
100
AcDbEntity
  8
0
  6
ByLayer
 62
    0
370
   -1
100
AcDbLine
 10
121.871
 20
103.666
 11
107.871
 21
103.666
  0
LINE
  5
2AC
100
AcDbEntity
  8
0
  6
ByLayer
 62
    0
370
   -1
100
AcDbLine
 10
107.871
 20
103.666
 11
107.871
 21
117.665
  0
LINE
  5
2AD
100
AcDbEntity
  8
0
  6
ByLayer
 62
    0
370
   -1
100
AcDbLine
 10
126.921
 20
117.665
 11
140.921
 21
117.665
  0
LINE
  5
2AE
100
AcDbEntity
  8
0
  6
ByLayer
 62
    0
370
   -1
100
AcDbLine
 10
140.921
 20
117.665
 11
140.921
 21
103.666
  0
LINE
  5
2AF
100
AcDbEntity
  8
0
  6
ByLayer
 62
    0
370
   -1
100
AcDbLine
 10
140.921
 20
103.666
 11
126.921
 21
103.666
  0
LINE
  5
2B0
100
AcDbEntity
  8
0
  6
ByLayer
 62
    0
370
   -1
100
AcDbLine
 10
126.921
 20
103.666
 11
126.921
 21
117.665
  0
LINE
  5
2B1
100
AcDbEntity
  8
0
  6
ByLayer
 62
    0
370
   -1
100
AcDbLine
 10
145.971
 20
117.665
 11
159.971
 21
117.665
  0
LINE
  5
2B2
100
AcDbEntity
  8
0
  6
ByLayer
 62
    0
370
   -1
100
AcDbLine
 10
159.971
 20
117.665
 11
159.971
 21
103.666
  0
LINE
  5
2B3
100
AcDbEntity
  8
0
  6
ByLayer
 62
    0
370
   -1
100
AcDbLine
 10
159.971
 20
103.666
 11
145.971
 21
103.666
  0
LINE
  5
2B4
100
AcDbEntity
  8
0
  6
ByLayer
 62
    0
370
   -1
100
AcDbLine
 10
145.971
 20
103.666
 11
145.971
 21
117.665
  0
LINE
  5
2B5
100
AcDbEntity
  8
0
  6
ByLayer
 62
    0
370
   -1
100
AcDbLine
 10
165.021
 20
117.665
 11
179.021
 21
117.665
  0
LINE
  5
2B6
100
AcDbEntity
  8
0
  6
ByLayer
 62
    0
370
   -1
100
AcDbLine
 10
179.021
 20
117.665
 11
179.021
 21
103.666
  0
LINE
  5
2B7
100
AcDbEntity
  8
0
  6
ByLayer
 62
    0
370
   -1
100
AcDbLine
 10
179.021
 20
103.666
 11
165.021
 21
103.666
  0
LINE
  5
2B8
100
AcDbEntity
  8
0
  6
ByLayer
 62
    0
370
   -1
100
AcDbLine
 10
165.021
 20
103.666
 11
165.021
 21
117.665
  0
LINE
  5
2B9
100
AcDbEntity
  8
0
  6
ByLayer
 62
    0
370
   -1
100
AcDbLine
 10
188.834
 20
117.665
 11
202.835
 21
117.665
  0
LINE
  5
2BA
100
AcDbEntity
  8
0
  6
ByLayer
 62
    0
370
   -1
100
AcDbLine
 10
202.835
 20
117.665
 11
202.835
 21
103.666
  0
LINE
  5
2BB
100
AcDbEntity
  8
0
  6
ByLayer
 62
    0
370
   -1
100
AcDbLine
 10
202.835
 20
103.666
 11
188.834
 21
103.666
  0
LINE
  5
2BC
100
AcDbEntity
  8
0
  6
ByLayer
 62
    0
370
   -1
100
AcDbLine
 10
188.834
 20
103.666
 11
188.834
 21
117.665
  0
LINE
  5
2BD
100
AcDbEntity
  8
0
  6
ByLayer
 62
    0
370
   -1
100
AcDbLine
 10
207.884
 20
117.665
 11
221.885
 21
117.665
  0
LINE
  5
2BE
100
AcDbEntity
  8
0
  6
ByLayer
 62
    0
370
   -1
100
AcDbLine
 10
221.885
 20
117.665
 11
221.885
 21
103.666
  0
LINE
  5
2BF
100
AcDbEntity
  8
0
  6
ByLayer
 62
    0
370
   -1
100
AcDbLine
 10
221.885
 20
103.666
 11
207.884
 21
103.666
  0
LINE
  5
2C0
100
AcDbEntity
  8
0
  6
ByLayer
 62
    0
370
   -1
100
AcDbLine
 10
207.884
 20
103.666
 11
207.884
 21
117.665
  0
LINE
  5
2C1
100
AcDbEntity
  8
0
  6
ByLayer
 62
    0
370
   -1
100
AcDbLine
 10
226.934
 20
117.665
 11
240.935
 21
117.665
  0
LINE
  5
2C2
100
AcDbEntity
  8
0
  6
ByLayer
 62
    0
370
   -1
100
AcDbLine
 10
240.935
 20
117.665
 11
240.935
 21
103.666
  0
LINE
  5
2C3
100
AcDbEntity
  8
0
  6
ByLayer
 62
    0
370
   -1
100
AcDbLine
 10
240.935
 20
103.666
 11
226.934
 21
103.666
  0
LINE
  5
2C4
100
AcDbEntity
  8
0
  6
ByLayer
 62
    0
370
   -1
100
AcDbLine
 10
226.934
 20
103.666
 11
226.934
 21
117.665
  0
LINE
  5
2C5
100
AcDbEntity
  8
0
  6
ByLayer
 62
    0
370
   -1
100
AcDbLine
 10
245.984
 20
117.665
 11
259.985
 21
117.665
  0
LINE
  5
2C6
100
AcDbEntity
  8
0
  6
ByLayer
 62
    0
370
   -1
100
AcDbLine
 10
259.985
 20
117.665
 11
259.985
 21
103.666
  0
LINE
  5
2C7
100
AcDbEntity
  8
0
  6
ByLayer
 62
    0
370
   -1
100
AcDbLine
 10
259.985
 20
103.666
 11
245.984
 21
103.666
  0
LINE
  5
2C8
100
AcDbEntity
  8
0
  6
ByLayer
 62
    0
370
   -1
100
AcDbLine
 10
245.984
 20
103.666
 11
245.984
 21
117.665
  0
LINE
  5
2C9
100
AcDbEntity
  8
0
  6
ByLayer
 62
    0
370
   -1
100
AcDbLine
 10
269.796
 20
117.665
 11
283.796
 21
117.665
  0
LINE
  5
2CA
100
AcDbEntity
  8
0
  6
ByLayer
 62
    0
370
   -1
100
AcDbLine
 10
283.796
 20
117.665
 11
283.796
 21
103.666
  0
LINE
  5
2CB
100
AcDbEntity
  8
0
  6
ByLayer
 62
    0
370
   -1
100
AcDbLine
 10
283.796
 20
103.666
 11
269.796
 21
103.666
  0
LINE
  5
2CC
100
AcDbEntity
  8
0
  6
ByLayer
 62
    0
370
   -1
100
AcDbLine
 10
269.796
 20
103.666
 11
269.796
 21
117.665
  0
LINE
  5
2CD
100
AcDbEntity
  8
0
  6
ByLayer
 62
    0
370
   -1
100
AcDbLine
 10
293.609
 20
117.665
 11
307.61
 21
117.665
  0
LINE
  5
2CE
100
AcDbEntity
  8
0
  6
ByLayer
 62
    0
370
   -1
100
AcDbLine
 10
307.61
 20
117.665
 11
307.61
 21
103.666
  0
LINE
  5
2CF
100
AcDbEntity
  8
0
  6
ByLayer
 62
    0
370
   -1
100
AcDbLine
 10
307.61
 20
103.666
 11
293.609
 21
103.666
  0
LINE
  5
2D0
100
AcDbEntity
  8
0
  6
ByLayer
 62
    0
370
   -1
100
AcDbLine
 10
293.609
 20
103.666
 11
293.609
 21
117.665
  0
LINE
  5
2D1
100
AcDbEntity
  8
0
  6
ByLayer
 62
    0
370
   -1
100
AcDbLine
 10
312.659
 20
117.665
 11
326.66
 21
117.665
  0
LINE
  5
2D2
100
AcDbEntity
  8
0
  6
ByLayer
 62
    0
370
   -1
100
AcDbLine
 10
326.66
 20
117.665
 11
326.66
 21
103.666
  0
LINE
  5
2D3
100
AcDbEntity
  8
0
  6
ByLayer
 62
    0
370
   -1
100
AcDbLine
 10
326.66
 20
103.666
 11
312.659
 21
103.666
  0
LINE
  5
2D4
100
AcDbEntity
  8
0
  6
ByLayer
 62
    0
370
   -1
100
AcDbLine
 10
312.659
 20
103.666
 11
312.659
 21
117.665
  0
LINE
  5
2D5
100
AcDbEntity
  8
0
  6
ByLayer
 62
    0
370
   -1
100
AcDbLine
 10
331.709
 20
117.665
 11
345.71
 21
117.665
  0
LINE
  5
2D6
100
AcDbEntity
  8
0
  6
ByLayer
 62
    0
370
   -1
100
AcDbLine
 10
345.71
 20
117.665
 11
345.71
 21
103.666
  0
LINE
  5
2D7
100
AcDbEntity
  8
0
  6
ByLayer
 62
    0
370
   -1
100
AcDbLine
 10
345.71
 20
103.666
 11
331.709
 21
103.666
  0
LINE
  5
2D8
100
AcDbEntity
  8
0
  6
ByLayer
 62
    0
370
   -1
100
AcDbLine
 10
331.709
 20
103.666
 11
331.709
 21
117.665
  0
ENDBLK
  5
80
330
7E
100
AcDbEntity
  8
0
100
AcDbBlockEnd
  0
ENDSEC
  0
SECTION
  2
ENTITIES
  0
LINE
  5
2D9
100
AcDbEntity
  8
outline
  6
ByLayer
 62
  256
370
   -1
100
AcDbLine
 10
0
 20
0
 11
420
 21
0
  0
LINE
  5
2DA
100
AcDbEntity
  8
outline
  6
ByLayer
 62
  256
370
   -1
100
AcDbLine
 10
420
 20
0
 11
420
 21
297
  0
LINE
  5
2DB
100
AcDbEntity
  8
outline
  6
ByLayer
 62
  256
370
   -1
100
AcDbLine
 10
420
 20
297
 11
0
 21
297
  0
LINE
  5
2DC
100
AcDbEntity
  8
outline
  6
ByLayer
 62
  256
370
   -1
100
AcDbLine
 10
0
 20
297
 11
0
 21
0
  0
LINE
  5
2DD
100
AcDbEntity
  8
outline
  6
ByLayer
 62
  256
370
   -1
100
AcDbLine
 10
410
 20
287
 11
10
 21
287
  0
LINE
  5
2DE
100
AcDbEntity
  8
outline
  6
ByLayer
 62
  256
370
   -1
100
AcDbLine
 10
10
 20
287
 11
10
 21
10
  0
LINE
  5
2DF
100
AcDbEntity
  8
outline
  6
ByLayer
 62
  256
370
   -1
100
AcDbLine
 10
10
 20
10
 11
410
 21
10
  0
LINE
  5
2E0
100
AcDbEntity
  8
outline
  6
ByLayer
 62
  256
370
   -1
100
AcDbLine
 10
410
 20
10
 11
410
 21
287
  0
LINE
  5
2E1
100
AcDbEntity
  8
outline
  6
ByLayer
 62
  256
370
   -1
100
AcDbLine
 10
260
 20
10
 11
260
 21
34
  0
LINE
  5
2E2
100
AcDbEntity
  8
outline
  6
ByLayer
 62
  256
370
   -1
100
AcDbLine
 10
260
 20
34
 11
410
 21
34
  0
LINE
  5
2E3
100
AcDbEntity
  8
outline
  6
ByLayer
 62
  256
370
   -1
100
AcDbLine
 10
275
 20
10
 11
275
 21
34
  0
LINE
  5
2E4
100
AcDbEntity
  8
outline
  6
ByLayer
 62
  256
370
   -1
100
AcDbLine
 10
290
 20
10
 11
290
 21
34
  0
LINE
  5
2E5
100
AcDbEntity
  8
outline
  6
ByLayer
 62
  256
370
   -1
100
AcDbLine
 10
305
 20
10
 11
305
 21
34
  0
LINE
  5
2E6
100
AcDbEntity
  8
outline
  6
ByLayer
 62
  256
370
   -1
100
AcDbLine
 10
360
 20
10
 11
360
 21
34
  0
LINE
  5
2E7
100
AcDbEntity
  8
outline
  6
ByLayer
 62
  256
370
   -1
100
AcDbLine
 10
380
 20
10
 11
380
 21
34
  0
LINE
  5
2E8
100
AcDbEntity
  8
outline
  6
ByLayer
 62
  256
370
   -1
100
AcDbLine
 10
260
 20
26
 11
290
 21
26
  0
LINE
  5
2E9
100
AcDbEntity
  8
outline
  6
ByLayer
 62
  256
370
   -1
100
AcDbLine
 10
260
 20
18
 11
290
 21
18
  0
LINE
  5
2EA
100
AcDbEntity
  8
outline
  6
ByLayer
 62
  256
370
   -1
100
AcDbLine
 10
360
 20
26
 11
410
 21
26
  0
LINE
  5
2EB
100
AcDbEntity
  8
outline
  6
ByLayer
 62
  256
370
   -1
100
AcDbLine
 10
360
 20
18
 11
410
 21
18
  0
LINE
  5
2EC
100
AcDbEntity
  8
outline
  6
ByLayer
 62
  256
370
   -1
100
AcDbLine
 10
290
 20
22
 11
360
 21
22
  0
MTEXT
  5
2ED
100
AcDbEntity
  8
outline
  6
ByLayer
 62
  256
370
   -1
100
AcDbMText
 10
280.4203251588429
 20
15.44974243988276
 30
0
 40
3.5
 41
3.888888888888889
 71
    1
 72
    1
  1
1:1
  7
unicode
210
0
220
0
230
1
 50
0
 73
    2
 44
0.5
  0
MTEXT
  5
2EE
100
AcDbEntity
  8
outline
  6
ByLayer
 62
  256
370
   -1
100
AcDbMText
 10
279.145346413804
 20
24.07459865632216
 30
0
 40
3.5
 41
5.833333333333333
 71
    1
 72
    1
  1
mm
  7
unicode
210
0
220
0
230
1
 50
0
 73
    2
 44
0.5
  0
MTEXT
  5
2EF
100
AcDbEntity
  8
outline
  6
ByLayer
 62
  256
370
   -1
100
AcDbMText
 10
262.7163855514598
 20
23.56425595595155
 30
0
 40
3.5
 41
8.166666666666666
 71
    1
 72
    1
  1
Unit
  7
unicode
210
0
220
0
230
1
 50
0
 73
    2
 44
0.1
  0
MTEXT
  5
2F0
100
AcDbEntity
  8
outline
  6
ByLayer
 62
  256
370
   -1
100
AcDbMText
 10
261.8389930424617
 20
15.79306516196753
 30
0
 40
3.5
 41
11.28058112766841
 71
    1
 72
    1
  1
Scale
  7
unicode
210
0
220
0
230
1
 50
0
 73
    2
 44
0.1
  0
MTEXT
  5
2F1
100
AcDbEntity
  8
outline
  6
ByLayer
 62
  256
370
   -1
100
AcDbMText
 10
307.0104457382328
 20
32.58339602793723
 30
0
 40
2
 41
36.44524540155605
 71
    1
 72
    1
  1
Owlab Mr. Suit Plate 6.25u\P(AKA Suit80)\PPlate Mounted stabilizers
  7
unicode
210
0
220
0
230
1
 50
0
 73
    2
 44
1
  0
MTEXT
  5
2F2
100
AcDbEntity
  8
outline
  6
ByLayer
 62
  256
370
   -1
100
AcDbMText
 10
361.8617390682572
 20
16.16909052296681
 30
0
 40
3.5
 41
15.16666666666667
 71
    1
 72
    1
  1
Format
  7
unicode
210
0
220
0
230
1
 50
0
 73
    2
 44
0.5
  0
MTEXT
  5
2F3
100
AcDbEntity
  8
outline
  6
ByLayer
 62
  256
370
   -1
100
AcDbMText
 10
383.9218935802119
 20
15.66772337496784
 30
0
 40
3.5
 41
5.055555555555556
 71
    1
 72
    1
  1
A3
  7
unicode
210
0
220
0
230
1
 50
0
 73
    2
 44
0.5
  0
MTEXT
  5
2F4
100
AcDbEntity
  8
outline
  6
ByLayer
 62
  256
370
   -1
100
AcDbMText
 10
261.5583991035432
 20
32.95627934985039
 30
0
 40
2
 41
11.94604635866766
 71
    1
 72
    1
  1
Drawing\PSheet No
  7
unicode
210
0
220
0
230
1
 50
0
 73
    2
 44
1
  0
MTEXT
  5
2F5
100
AcDbEntity
  8
outline
  6
ByLayer
 62
  256
370
   -1
100
AcDbMText
 10
361.6694324097547
 20
24.07611578142631
 30
0
 40
3.5
 41
9.722222222222223
 71
    1
 72
    1
  1
Date
  7
unicode
210
0
220
0
230
1
 50
0
 73
    2
 44
1
  0
MTEXT
  5
2F6
100
AcDbEntity
  8
outline
  6
ByLayer
 62
  256
370
   -1
100
AcDbMText
 10
278.8581960521281
 20
31.86181512665127
 30
0
 40
3.5
 41
6.222222222222222
 71
    1
 72
    1
  1
001
  7
unicode
210
0
220
0
230
1
 50
0
 73
    2
 44
1
  0
MTEXT
  5
2F7
100
AcDbEntity
  8
outline
  6
ByLayer
 62
  256
370
   -1
100
AcDbMText
 10
360.9141313811127
 20
32.18684676003882
 30
0
 40
2
 41
17.05555555555555
 71
    1
 72
    1
  1
Author Name
  7
unicode
210
0
220
0
230
1
 50
0
 73
    2
 44
0.5
  0
INSERT
  5
2F8
100
AcDbEntity
  8
0
  6
ByLayer
 62
  256
370
   -1
100
AcDbBlockReference
  2
suit80_6.25u_plate_references
 10
36.31426650793823
 20
101.698915878124
 30
0
 41
1
 42
1
 43
0
 50
0
 70
    1
 71
    1
 44
0
 45
0
  0
LWPOLYLINE
  5
2F9
100
AcDbEntity
  8
plate
  6
ByLayer
 62
  256
370
   -1
100
AcDbPolyline
 90
    4
 70
    1
 43
0
 10
39.41071650793823
 20
219.363915878124
 10
53.41016650793823
 20
219.363915878124
 10
53.41016650793823
 20
205.3649158781239
 10
39.41071650793823
 20
205.3649158781239
  0
LWPOLYLINE
  5
2FA
100
AcDbEntity
  8
plate
  6
ByLayer
 62
  256
370
   -1
100
AcDbPolyline
 90
    4
 70
    1
 43
0
 10
63.22316650793823
 20
219.363915878124
 10
77.22416650793824
 20
219.363915878124
 10
77.22416650793824
 20
205.3649158781239
 10
63.22316650793823
 20
205.3649158781239
  0
LWPOLYLINE
  5
2FB
100
AcDbEntity
  8
plate
  6
ByLayer
 62
  256
370
   -1
100
AcDbPolyline
 90
    4
 70
    1
 43
0
 10
82.27306650793824
 20
219.363915878124
 10
96.27276650793823
 20
219.363915878124
 10
96.27276650793823
 20
205.3649158781239
 10
82.27306650793824
 20
205.3649158781239
  0
LWPOLYLINE
  5
2FC
100
AcDbEntity
  8
plate
  6
ByLayer
 62
  256
370
   -1
100
AcDbPolyline
 90
    4
 70
    1
 43
0
 10
101.3230665079382
 20
219.363915878124
 10
115.3227665079382
 20
219.363915878124
 10
115.3227665079382
 20
205.3649158781239
 10
101.3230665079382
 20
205.3649158781239
  0
LWPOLYLINE
  5
2FD
100
AcDbEntity
  8
plate
  6
ByLayer
 62
  256
370
   -1
100
AcDbPolyline
 90
    4
 70
    1
 43
0
 10
120.3730665079382
 20
219.363915878124
 10
134.3727665079382
 20
219.363915878124
 10
134.3727665079382
 20
205.3649158781239
 10
120.3730665079382
 20
205.3649158781239
  0
LWPOLYLINE
  5
2FE
100
AcDbEntity
  8
plate
  6
ByLayer
 62
  256
370
   -1
100
AcDbPolyline
 90
    4
 70
    1
 43
0
 10
144.1852665079382
 20
219.363915878124
 10
158.1852665079382
 20
219.363915878124
 10
158.1852665079382
 20
205.3649158781239
 10
144.1852665079382
 20
205.3649158781239
  0
LWPOLYLINE
  5
2FF
100
AcDbEntity
  8
plate
  6
ByLayer
 62
  256
370
   -1
100
AcDbPolyline
 90
    4
 70
    1
 43
0
 10
163.2352665079382
 20
219.363915878124
 10
177.2352665079382
 20
219.363915878124
 10
177.2352665079382
 20
205.3649158781239
 10
163.2352665079382
 20
205.3649158781239
  0
LWPOLYLINE
  5
300
100
AcDbEntity
  8
plate
  6
ByLayer
 62
  256
370
   -1
100
AcDbPolyline
 90
    4
 70
    1
 43
0
 10
182.2852665079382
 20
219.363915878124
 10
196.2852665079382
 20
219.363915878124
 10
196.2852665079382
 20
205.3649158781239
 10
182.2852665079382
 20
205.3649158781239
  0
LWPOLYLINE
  5
301
100
AcDbEntity
  8
plate
  6
ByLayer
 62
  256
370
   -1
100
AcDbPolyline
 90
    4
 70
    1
 43
0
 10
201.3352665079382
 20
219.363915878124
 10
215.3352665079382
 20
219.363915878124
 10
215.3352665079382
 20
205.3649158781239
 10
201.3352665079382
 20
205.3649158781239
  0
LWPOLYLINE
  5
302
100
AcDbEntity
  8
plate
  6
ByLayer
 62
  256
370
   -1
100
AcDbPolyline
 90
    4
 70
    1
 43
0
 10
225.1482665079382
 20
219.363915878124
 10
239.1492665079382
 20
219.363915878124
 10
239.1492665079382
 20
205.3649158781239
 10
225.1482665079382
 20
205.3649158781239
  0
LWPOLYLINE
  5
303
100
AcDbEntity
  8
plate
  6
ByLayer
 62
  256
370
   -1
100
AcDbPolyline
 90
    4
 70
    1
 43
0
 10
244.1982665079382
 20
219.363915878124
 10
258.1992665079382
 20
219.363915878124
 10
258.1992665079382
 20
205.3649158781239
 10
244.1982665079382
 20
205.3649158781239
  0
LWPOLYLINE
  5
304
100
AcDbEntity
  8
plate
  6
ByLayer
 62
  256
370
   -1
100
AcDbPolyline
 90
    4
 70
    1
 43
0
 10
263.2482665079382
 20
219.363915878124
 10
277.2492665079382
 20
219.363915878124
 10
277.2492665079382
 20
205.3649158781239
 10
263.2482665079382
 20
205.3649158781239
  0
LWPOLYLINE
  5
305
100
AcDbEntity
  8
plate
  6
ByLayer
 62
  256
370
   -1
100
AcDbPolyline
 90
    4
 70
    1
 43
0
 10
282.2982665079382
 20
219.3639158781239
 10
296.2992665079382
 20
219.3639158781239
 10
296.2992665079382
 20
205.3649158781239
 10
282.2982665079382
 20
205.3649158781239
  0
LWPOLYLINE
  5
306
100
AcDbEntity
  8
plate
  6
ByLayer
 62
  256
370
   -1
100
AcDbPolyline
 90
    4
 70
    1
 43
0
 10
306.1102665079382
 20
219.363915878124
 10
320.1102665079382
 20
219.363915878124
 10
320.1102665079382
 20
205.3649158781239
 10
306.1102665079382
 20
205.3649158781239
  0
LWPOLYLINE
  5
307
100
AcDbEntity
  8
plate
  6
ByLayer
 62
  256
370
   -1
100
AcDbPolyline
 90
    4
 70
    1
 43
0
 10
329.9232665079382
 20
219.3639158781239
 10
343.9242665079382
 20
219.3639158781239
 10
343.9242665079382
 20
205.3649158781239
 10
329.9232665079382
 20
205.3649158781239
  0
LWPOLYLINE
  5
308
100
AcDbEntity
  8
plate
  6
ByLayer
 62
  256
370
   -1
100
AcDbPolyline
 90
    4
 70
    1
 43
0
 10
348.9732665079382
 20
219.3639158781239
 10
362.9742665079382
 20
219.3639158781239
 10
362.9742665079382
 20
205.3649158781239
 10
348.9732665079382
 20
205.3649158781239
  0
LWPOLYLINE
  5
309
100
AcDbEntity
  8
plate
  6
ByLayer
 62
  256
370
   -1
100
AcDbPolyline
 90
    4
 70
    1
 43
0
 10
368.0232665079382
 20
219.363915878124
 10
382.0242665079382
 20
219.363915878124
 10
382.0242665079382
 20
205.3649158781239
 10
368.0232665079382
 20
205.3649158781239
  0
LWPOLYLINE
  5
30A
100
AcDbEntity
  8
plate
  6
ByLayer
 62
  256
370
   -1
100
AcDbPolyline
 90
    4
 70
    1
 43
0
 10
329.9232665079382
 20
195.5515158781239
 10
343.9242665079382
 20
195.5515158781239
 10
343.9242665079382
 20
181.551915878124
 10
329.9232665079382
 20
181.551915878124
  0
LWPOLYLINE
  5
30B
100
AcDbEntity
  8
plate
  6
ByLayer
 62
  256
370
   -1
100
AcDbPolyline
 90
    4
 70
    1
 43
0
 10
348.9732665079382
 20
195.5515158781239
 10
362.9742665079382
 20
195.5515158781239
 10
362.9742665079382
 20
181.551915878124
 10
348.9732665079382
 20
181.551915878124
  0
LWPOLYLINE
  5
30C
100
AcDbEntity
  8
plate
  6
ByLayer
 62
  256
370
   -1
100
AcDbPolyline
 90
    4
 70
    1
 43
0
 10
368.0232665079382
 20
195.5515158781239
 10
382.0242665079382
 20
195.5515158781239
 10
382.0242665079382
 20
181.551915878124
 10
368.0232665079382
 20
181.551915878124
  0
LWPOLYLINE
  5
30D
100
AcDbEntity
  8
plate
  6
ByLayer
 62
  256
370
   -1
100
AcDbPolyline
 90
    4
 70
    1
 43
0
 10
329.9232665079382
 20
176.501515878124
 10
343.9242665079382
 20
176.501515878124
 10
343.9242665079382
 20
162.501915878124
 10
329.9232665079382
 20
162.501915878124
  0
LWPOLYLINE
  5
30E
100
AcDbEntity
  8
plate
  6
ByLayer
 62
  256
370
   -1
100
AcDbPolyline
 90
    4
 70
    1
 43
0
 10
348.9732665079382
 20
176.501515878124
 10
362.9742665079382
 20
176.501515878124
 10
362.9742665079382
 20
162.501915878124
 10
348.9732665079382
 20
162.501915878124
  0
LWPOLYLINE
  5
30F
100
AcDbEntity
  8
plate
  6
ByLayer
 62
  256
370
   -1
100
AcDbPolyline
 90
    4
 70
    1
 43
0
 10
368.0232665079382
 20
176.501515878124
 10
382.0242665079382
 20
176.501515878124
 10
382.0242665079382
 20
162.501915878124
 10
368.0232665079382
 20
162.501915878124
  0
LWPOLYLINE
  5
310
100
AcDbEntity
  8
plate
  6
ByLayer
 62
  256
370
   -1
100
AcDbPolyline
 90
    4
 70
    1
 43
0
 10
348.9732665079382
 20
138.401515878124
 10
362.9742665079382
 20
138.401515878124
 10
362.9742665079382
 20
124.402115878124
 10
348.9732665079382
 20
124.402115878124
  0
LWPOLYLINE
  5
311
100
AcDbEntity
  8
plate
  6
ByLayer
 62
  256
370
   -1
100
AcDbPolyline
 90
    4
 70
    1
 43
0
 10
329.9232665079382
 20
119.351615878124
 10
343.9242665079382
 20
119.351615878124
 10
343.9242665079382
 20
105.352105878124
 10
329.9232665079382
 20
105.352105878124
  0
LWPOLYLINE
  5
312
100
AcDbEntity
  8
plate
  6
ByLayer
 62
  256
370
   -1
100
AcDbPolyline
 90
    4
 70
    1
 43
0
 10
348.9732665079382
 20
119.351615878124
 10
362.9742665079382
 20
119.351615878124
 10
362.9742665079382
 20
105.352105878124
 10
348.9732665079382
 20
105.352105878124
  0
LWPOLYLINE
  5
313
100
AcDbEntity
  8
plate
  6
ByLayer
 62
  256
370
   -1
100
AcDbPolyline
 90
    4
 70
    1
 43
0
 10
368.0232665079382
 20
119.351615878124
 10
382.0242665079382
 20
119.351615878124
 10
382.0242665079382
 20
105.352105878124
 10
368.0232665079382
 20
105.352105878124
  0
LWPOLYLINE
  5
314
100
AcDbEntity
  8
plate
  6
ByLayer
 62
  256
370
   -1
100
AcDbPolyline
 90
    4
 70
    1
 43
0
 10
39.41071650793825
 20
195.5515158781239
 10
53.41016650793823
 20
195.5515158781239
 10
53.41016650793823
 20
181.551915878124
 10
39.41071650793825
 20
181.551915878124
  0
LWPOLYLINE
  5
315
100
AcDbEntity
  8
plate
  6
ByLayer
 62
  256
370
   -1
100
AcDbPolyline
 90
    4
 70
    1
 43
0
 10
58.46066650793823
 20
195.5515158781239
 10
72.46026650793823
 20
195.5515158781239
 10
72.46026650793823
 20
181.551915878124
 10
58.46066650793823
 20
181.551915878124
  0
LWPOLYLINE
  5
316
100
AcDbEntity
  8
plate
  6
ByLayer
 62
  256
370
   -1
100
AcDbPolyline
 90
    4
 70
    1
 43
0
 10
77.51056650793825
 20
195.5515158781239
 10
91.51026650793824
 20
195.5515158781239
 10
91.51026650793824
 20
181.551915878124
 10
77.51056650793825
 20
181.551915878124
  0
LWPOLYLINE
  5
317
100
AcDbEntity
  8
plate
  6
ByLayer
 62
  256
370
   -1
100
AcDbPolyline
 90
    4
 70
    1
 43
0
 10
44.17320650793823
 20
176.501515878124
 10
58.17406650793825
 20
176.501515878124
 10
58.17406650793825
 20
162.501915878124
 10
44.17320650793823
 20
162.501915878124
  0
LWPOLYLINE
  5
318
100
AcDbEntity
  8
plate
  6
ByLayer
 62
  256
370
   -1
100
AcDbPolyline
 90
    4
 70
    1
 43
0
 10
46.55446650793823
 20
157.451515878124
 10
60.55536650793823
 20
157.451515878124
 10
60.55536650793823
 20
143.451915878124
 10
46.55446650793823
 20
143.451915878124
  0
LWPOLYLINE
  5
319
100
AcDbEntity
  8
plate
  6
ByLayer
 62
  256
370
   -1
100
AcDbPolyline
 90
    4
 70
    1
 43
0
 10
301.3482665079382
 20
176.501515878124
 10
315.3492665079382
 20
176.501515878124
 10
315.3492665079382
 20
162.501915878124
 10
301.3482665079382
 20
162.501915878124
  0
LWPOLYLINE
  5
31A
100
AcDbEntity
  8
plate
  6
ByLayer
 62
  256
370
   -1
100
AcDbPolyline
 90
    4
 70
    1
 43
0
 10
303.7292665079382
 20
119.351615878124
 10
317.7302665079382
 20
119.351615878124
 10
317.7302665079382
 20
105.352105878124
 10
303.7292665079382
 20
105.352105878124
  0
LWPOLYLINE
  5
31B
100
AcDbEntity
  8
plate
  6
ByLayer
 62
  256
370
   -1
100
AcDbPolyline
 90
    4
 70
    1
 43
0
 10
279.9172665079382
 20
119.351615878124
 10
293.9162665079382
 20
119.351615878124
 10
293.9162665079382
 20
105.352105878124
 10
279.9172665079382
 20
105.352105878124
  0
LWPOLYLINE
  5
31C
100
AcDbEntity
  8
plate
  6
ByLayer
 62
  256
370
   -1
100
AcDbPolyline
 90
    4
 70
    1
 43
0
 10
256.1042665079382
 20
119.351615878124
 10
270.1052665079382
 20
119.351615878124
 10
270.1052665079382
 20
105.352105878124
 10
256.1042665079382
 20
105.352105878124
  0
LWPOLYLINE
  5
31D
100
AcDbEntity
  8
plate
  6
ByLayer
 62
  256
370
   -1
100
AcDbPolyline
 90
    4
 70
    1
 43
0
 10
232.2922665079382
 20
119.351615878124
 10
246.2912665079382
 20
119.351615878124
 10
246.2912665079382
 20
105.352105878124
 10
232.2922665079382
 20
105.352105878124
  0
LWPOLYLINE
  5
31E
100
AcDbEntity
  8
plate
  6
ByLayer
 62
  256
370
   -1
100
AcDbPolyline
 90
    4
 70
    1
 43
0
 10
41.79195650793824
 20
119.351615878124
 10
55.79146650793824
 20
119.351615878124
 10
55.79146650793824
 20
105.352105878124
 10
41.79195650793824
 20
105.352105878124
  0
LWPOLYLINE
  5
31F
100
AcDbEntity
  8
plate
  6
ByLayer
 62
  256
370
   -1
100
AcDbPolyline
 90
    4
 70
    1
 43
0
 10
65.60446650793824
 20
119.351615878124
 10
79.60536650793824
 20
119.351615878124
 10
79.60536650793824
 20
105.352105878124
 10
65.60446650793824
 20
105.352105878124
  0
LWPOLYLINE
  5
320
100
AcDbEntity
  8
plate
  6
ByLayer
 62
  256
370
   -1
100
AcDbPolyline
 90
    4
 70
    1
 43
0
 10
89.41686650793824
 20
119.351615878124
 10
103.4164665079382
 20
119.351615878124
 10
103.4164665079382
 20
105.352105878124
 10
89.41686650793824
 20
105.352105878124
  0
LWPOLYLINE
  5
321
100
AcDbEntity
  8
plate
  6
ByLayer
 62
  256
370
   -1
100
AcDbPolyline
 90
    4
 70
    1
 43
0
 10
96.56056650793823
 20
195.5515158781239
 10
110.5602665079382
 20
195.5515158781239
 10
110.5602665079382
 20
181.551915878124
 10
96.56056650793823
 20
181.551915878124
  0
LWPOLYLINE
  5
322
100
AcDbEntity
  8
plate
  6
ByLayer
 62
  256
370
   -1
100
AcDbPolyline
 90
    4
 70
    1
 43
0
 10
115.6105665079382
 20
195.5515158781239
 10
129.6102665079382
 20
195.5515158781239
 10
129.6102665079382
 20
181.551915878124
 10
115.6105665079382
 20
181.551915878124
  0
LWPOLYLINE
  5
323
100
AcDbEntity
  8
plate
  6
ByLayer
 62
  256
370
   -1
100
AcDbPolyline
 90
    4
 70
    1
 43
0
 10
134.6605665079382
 20
195.5515158781239
 10
148.6602665079382
 20
195.5515158781239
 10
148.6602665079382
 20
181.551915878124
 10
134.6605665079382
 20
181.551915878124
  0
LWPOLYLINE
  5
324
100
AcDbEntity
  8
plate
  6
ByLayer
 62
  256
370
   -1
100
AcDbPolyline
 90
    4
 70
    1
 43
0
 10
153.7102665079382
 20
195.5515158781239
 10
167.7102665079382
 20
195.5515158781239
 10
167.7102665079382
 20
181.551915878124
 10
153.7102665079382
 20
181.551915878124
  0
LWPOLYLINE
  5
325
100
AcDbEntity
  8
plate
  6
ByLayer
 62
  256
370
   -1
100
AcDbPolyline
 90
    4
 70
    1
 43
0
 10
172.7602665079382
 20
195.5515158781239
 10
186.7602665079382
 20
195.5515158781239
 10
186.7602665079382
 20
181.551915878124
 10
172.7602665079382
 20
181.551915878124
  0
LWPOLYLINE
  5
326
100
AcDbEntity
  8
plate
  6
ByLayer
 62
  256
370
   -1
100
AcDbPolyline
 90
    4
 70
    1
 43
0
 10
191.8102665079382
 20
195.5515158781239
 10
205.8102665079382
 20
195.5515158781239
 10
205.8102665079382
 20
181.551915878124
 10
191.8102665079382
 20
181.551915878124
  0
LWPOLYLINE
  5
327
100
AcDbEntity
  8
plate
  6
ByLayer
 62
  256
370
   -1
100
AcDbPolyline
 90
    4
 70
    1
 43
0
 10
210.8602665079382
 20
195.5515158781239
 10
224.8602665079382
 20
195.5515158781239
 10
224.8602665079382
 20
181.551915878124
 10
210.8602665079382
 20
181.551915878124
  0
LWPOLYLINE
  5
328
100
AcDbEntity
  8
plate
  6
ByLayer
 62
  256
370
   -1
100
AcDbPolyline
 90
    4
 70
    1
 43
0
 10
229.9102665079382
 20
195.5515158781239
 10
243.9102665079382
 20
195.5515158781239
 10
243.9102665079382
 20
181.551915878124
 10
229.9102665079382
 20
181.551915878124
  0
LWPOLYLINE
  5
329
100
AcDbEntity
  8
plate
  6
ByLayer
 62
  256
370
   -1
100
AcDbPolyline
 90
    4
 70
    1
 43
0
 10
248.9602665079382
 20
195.5515158781239
 10
262.9602665079382
 20
195.5515158781239
 10
262.9602665079382
 20
181.551915878124
 10
248.9602665079382
 20
181.551915878124
  0
LWPOLYLINE
  5
32A
100
AcDbEntity
  8
plate
  6
ByLayer
 62
  256
370
   -1
100
AcDbPolyline
 90
    4
 70
    1
 43
0
 10
268.0102665079382
 20
195.5515158781239
 10
282.0102665079382
 20
195.5515158781239
 10
282.0102665079382
 20
181.551915878124
 10
268.0102665079382
 20
181.551915878124
  0
LWPOLYLINE
  5
32B
100
AcDbEntity
  8
plate
  6
ByLayer
 62
  256
370
   -1
100
AcDbPolyline
 90
    4
 70
    1
 43
0
 10
82.27306650793824
 20
138.401515878124
 10
96.27276650793823
 20
138.401515878124
 10
96.27276650793823
 20
124.402115878124
 10
82.27306650793824
 20
124.402115878124
  0
LWPOLYLINE
  5
32C
100
AcDbEntity
  8
plate
  6
ByLayer
 62
  256
370
   -1
100
AcDbPolyline
 90
    4
 70
    1
 43
0
 10
101.3230665079382
 20
138.401515878124
 10
115.3241665079382
 20
138.401515878124
 10
115.3241665079382
 20
124.402115878124
 10
101.3230665079382
 20
124.402115878124
  0
LWPOLYLINE
  5
32D
100
AcDbEntity
  8
plate
  6
ByLayer
 62
  256
370
   -1
100
AcDbPolyline
 90
    4
 70
    1
 43
0
 10
120.3730665079382
 20
138.401515878124
 10
134.3741665079382
 20
138.401515878124
 10
134.3741665079382
 20
124.402115878124
 10
120.3730665079382
 20
124.402115878124
  0
LWPOLYLINE
  5
32E
100
AcDbEntity
  8
plate
  6
ByLayer
 62
  256
370
   -1
100
AcDbPolyline
 90
    4
 70
    1
 43
0
 10
143.8992665079382
 20
143.451915878124
 10
129.8980665079382
 20
143.451915878124
 10
129.8980665079382
 20
157.451515878124
 10
143.8992665079382
 20
157.451515878124
  0
LWPOLYLINE
  5
32F
100
AcDbEntity
  8
plate
  6
ByLayer
 62
  256
370
   -1
100
AcDbPolyline
 90
    4
 70
    1
 43
0
 10
110.8480665079383
 20
157.451515878124
 10
124.8491665079382
 20
157.451515878124
 10
124.8491665079382
 20
143.451915878124
 10
110.8480665079383
 20
143.451915878124
  0
LWPOLYLINE
  5
330
100
AcDbEntity
  8
plate
  6
ByLayer
 62
  256
370
   -1
100
AcDbPolyline
 90
    4
 70
    1
 43
0
 10
91.79806650793824
 20
157.451515878124
 10
105.7991665079382
 20
157.451515878124
 10
105.7991665079382
 20
143.451915878124
 10
91.79806650793824
 20
143.451915878124
  0
LWPOLYLINE
  5
331
100
AcDbEntity
  8
plate
  6
ByLayer
 62
  256
370
   -1
100
AcDbPolyline
 90
    4
 70
    1
 43
0
 10
72.74806650793823
 20
157.451515878124
 10
86.74916650793824
 20
157.451515878124
 10
86.74916650793824
 20
143.451915878124
 10
72.74806650793823
 20
143.451915878124
  0
LWPOLYLINE
  5
332
100
AcDbEntity
  8
plate
  6
ByLayer
 62
  256
370
   -1
100
AcDbPolyline
 90
    4
 70
    1
 43
0
 10
148.9482665079382
 20
157.451515878124
 10
162.9492665079382
 20
157.451515878124
 10
162.9492665079382
 20
143.451915878124
 10
148.9482665079382
 20
143.451915878124
  0
LWPOLYLINE
  5
333
100
AcDbEntity
  8
plate
  6
ByLayer
 62
  256
370
   -1
100
AcDbPolyline
 90
    4
 70
    1
 43
0
 10
67.98566650793825
 20
176.501515878124
 10
81.98526650793826
 20
176.501515878124
 10
81.98526650793826
 20
162.501915878124
 10
67.98566650793825
 20
162.501915878124
  0
LWPOLYLINE
  5
334
100
AcDbEntity
  8
plate
  6
ByLayer
 62
  256
370
   -1
100
AcDbPolyline
 90
    4
 70
    1
 43
0
 10
87.03556650793823
 20
176.501515878124
 10
101.0352665079382
 20
176.501515878124
 10
101.0352665079382
 20
162.501915878124
 10
87.03556650793823
 20
162.501915878124
  0
LWPOLYLINE
  5
335
100
AcDbEntity
  8
plate
  6
ByLayer
 62
  256
370
   -1
100
AcDbPolyline
 90
    4
 70
    1
 43
0
 10
106.0855665079382
 20
176.501515878124
 10
120.0852665079382
 20
176.501515878124
 10
120.0852665079382
 20
162.501915878124
 10
106.0855665079382
 20
162.501915878124
  0
LWPOLYLINE
  5
336
100
AcDbEntity
  8
plate
  6
ByLayer
 62
  256
370
   -1
100
AcDbPolyline
 90
    4
 70
    1
 43
0
 10
125.1355665079382
 20
176.501515878124
 10
139.1352665079382
 20
176.501515878124
 10
139.1352665079382
 20
162.501915878124
 10
125.1355665079382
 20
162.501915878124
  0
LWPOLYLINE
  5
337
100
AcDbEntity
  8
plate
  6
ByLayer
 62
  256
370
   -1
100
AcDbPolyline
 90
    4
 70
    1
 43
0
 10
144.1852665079382
 20
176.501515878124
 10
158.1852665079382
 20
176.501515878124
 10
158.1852665079382
 20
162.501915878124
 10
144.1852665079382
 20
162.501915878124
  0
LWPOLYLINE
  5
338
100
AcDbEntity
  8
plate
  6
ByLayer
 62
  256
370
   -1
100
AcDbPolyline
 90
    4
 70
    1
 43
0
 10
163.2352665079382
 20
176.501515878124
 10
177.2352665079382
 20
176.501515878124
 10
177.2352665079382
 20
162.501915878124
 10
163.2352665079382
 20
162.501915878124
  0
LWPOLYLINE
  5
339
100
AcDbEntity
  8
plate
  6
ByLayer
 62
  256
370
   -1
100
AcDbPolyline
 90
    4
 70
    1
 43
0
 10
182.2852665079382
 20
176.501515878124
 10
196.2852665079382
 20
176.501515878124
 10
196.2852665079382
 20
162.501915878124
 10
182.2852665079382
 20
162.501915878124
  0
LWPOLYLINE
  5
33A
100
AcDbEntity
  8
plate
  6
ByLayer
 62
  256
370
   -1
100
AcDbPolyline
 90
    4
 70
    1
 43
0
 10
201.3352665079382
 20
176.501515878124
 10
215.3352665079382
 20
176.501515878124
 10
215.3352665079382
 20
162.501915878124
 10
201.3352665079382
 20
162.501915878124
  0
LWPOLYLINE
  5
33B
100
AcDbEntity
  8
plate
  6
ByLayer
 62
  256
370
   -1
100
AcDbPolyline
 90
    4
 70
    1
 43
0
 10
220.3852665079382
 20
176.501515878124
 10
234.3852665079382
 20
176.501515878124
 10
234.3852665079382
 20
162.501915878124
 10
220.3852665079382
 20
162.501915878124
  0
LWPOLYLINE
  5
33C
100
AcDbEntity
  8
plate
  6
ByLayer
 62
  256
370
   -1
100
AcDbPolyline
 90
    4
 70
    1
 43
0
 10
239.4352665079382
 20
176.501515878124
 10
253.4352665079382
 20
176.501515878124
 10
253.4352665079382
 20
162.501915878124
 10
239.4352665079382
 20
162.501915878124
  0
LWPOLYLINE
  5
33D
100
AcDbEntity
  8
plate
  6
ByLayer
 62
  256
370
   -1
100
AcDbPolyline
 90
    4
 70
    1
 43
0
 10
258.4852665079382
 20
176.501515878124
 10
272.4852665079382
 20
176.501515878124
 10
272.4852665079382
 20
162.501915878124
 10
258.4852665079382
 20
162.501915878124
  0
LWPOLYLINE
  5
33E
100
AcDbEntity
  8
plate
  6
ByLayer
 62
  256
370
   -1
100
AcDbPolyline
 90
    4
 70
    1
 43
0
 10
277.5352665079382
 20
176.501515878124
 10
291.5352665079382
 20
176.501515878124
 10
291.5352665079382
 20
162.501915878124
 10
277.5352665079382
 20
162.501915878124
  0
LWPOLYLINE
  5
33F
100
AcDbEntity
  8
plate
  6
ByLayer
 62
  256
370
   -1
100
AcDbPolyline
 90
    4
 70
    1
 43
0
 10
167.9982665079382
 20
157.451515878124
 10
181.9992665079382
 20
157.451515878124
 10
181.9992665079382
 20
143.451915878124
 10
167.9982665079382
 20
143.451915878124
  0
LWPOLYLINE
  5
340
100
AcDbEntity
  8
plate
  6
ByLayer
 62
  256
370
   -1
100
AcDbPolyline
 90
    4
 70
    1
 43
0
 10
187.0482665079382
 20
157.451515878124
 10
201.0492665079382
 20
157.451515878124
 10
201.0492665079382
 20
143.451915878124
 10
187.0482665079382
 20
143.451915878124
  0
LWPOLYLINE
  5
341
100
AcDbEntity
  8
plate
  6
ByLayer
 62
  256
370
   -1
100
AcDbPolyline
 90
    4
 70
    1
 43
0
 10
206.0982665079382
 20
157.451515878124
 10
220.0992665079382
 20
157.451515878124
 10
220.0992665079382
 20
143.451915878124
 10
206.0982665079382
 20
143.451915878124
  0
LWPOLYLINE
  5
342
100
AcDbEntity
  8
plate
  6
ByLayer
 62
  256
370
   -1
100
AcDbPolyline
 90
    4
 70
    1
 43
0
 10
225.1482665079382
 20
157.451515878124
 10
239.1492665079382
 20
157.451515878124
 10
239.1492665079382
 20
143.451915878124
 10
225.1482665079382
 20
143.451915878124
  0
LWPOLYLINE
  5
343
100
AcDbEntity
  8
plate
  6
ByLayer
 62
  256
370
   -1
100
AcDbPolyline
 90
    4
 70
    1
 43
0
 10
244.1982665079382
 20
157.451515878124
 10
258.1992665079382
 20
157.451515878124
 10
258.1992665079382
 20
143.451915878124
 10
244.1982665079382
 20
143.451915878124
  0
LWPOLYLINE
  5
344
100
AcDbEntity
  8
plate
  6
ByLayer
 62
  256
370
   -1
100
AcDbPolyline
 90
    4
 70
    1
 43
0
 10
263.2482665079382
 20
157.451515878124
 10
277.2492665079382
 20
157.451515878124
 10
277.2492665079382
 20
143.451915878124
 10
263.2482665079382
 20
143.451915878124
  0
LWPOLYLINE
  5
345
100
AcDbEntity
  8
plate
  6
ByLayer
 62
  256
370
   -1
100
AcDbPolyline
 90
    4
 70
    1
 43
0
 10
139.4232665079382
 20
138.401515878124
 10
153.4242665079382
 20
138.401515878124
 10
153.4242665079382
 20
124.402115878124
 10
139.4232665079382
 20
124.402115878124
  0
LWPOLYLINE
  5
346
100
AcDbEntity
  8
plate
  6
ByLayer
 62
  256
370
   -1
100
AcDbPolyline
 90
    4
 70
    1
 43
0
 10
158.4732665079382
 20
138.401515878124
 10
172.4742665079382
 20
138.401515878124
 10
172.4742665079382
 20
124.402115878124
 10
158.4732665079382
 20
124.402115878124
  0
LWPOLYLINE
  5
347
100
AcDbEntity
  8
plate
  6
ByLayer
 62
  256
370
   -1
100
AcDbPolyline
 90
    4
 70
    1
 43
0
 10
177.5232665079382
 20
138.401515878124
 10
191.5242665079382
 20
138.401515878124
 10
191.5242665079382
 20
124.402115878124
 10
177.5232665079382
 20
124.402115878124
  0
LWPOLYLINE
  5
348
100
AcDbEntity
  8
plate
  6
ByLayer
 62
  256
370
   -1
100
AcDbPolyline
 90
    4
 70
    1
 43
0
 10
196.5732665079382
 20
138.401515878124
 10
210.5742665079382
 20
138.401515878124
 10
210.5742665079382
 20
124.402115878124
 10
196.5732665079382
 20
124.402115878124
  0
LWPOLYLINE
  5
349
100
AcDbEntity
  8
plate
  6
ByLayer
 62
  256
370
   -1
100
AcDbPolyline
 90
    4
 70
    1
 43
0
 10
215.6232665079382
 20
138.401515878124
 10
229.6242665079382
 20
138.401515878124
 10
229.6242665079382
 20
124.402115878124
 10
215.6232665079382
 20
124.402115878124
  0
LWPOLYLINE
  5
34A
100
AcDbEntity
  8
plate
  6
ByLayer
 62
  256
370
   -1
100
AcDbPolyline
 90
    4
 70
    1
 43
0
 10
234.6732665079382
 20
138.401515878124
 10
248.6742665079382
 20
138.401515878124
 10
248.6742665079382
 20
124.402115878124
 10
234.6732665079382
 20
124.402115878124
  0
LWPOLYLINE
  5
34B
100
AcDbEntity
  8
plate
  6
ByLayer
 62
  256
370
   -1
100
AcDbPolyline
 90
    4
 70
    1
 43
0
 10
253.7232665079382
 20
138.401515878124
 10
267.7242665079382
 20
138.401515878124
 10
267.7242665079382
 20
124.402115878124
 10
253.7232665079382
 20
124.402115878124
  0
LINE
  5
34C
100
AcDbEntity
  8
plate
  6
ByLayer
 62
  256
370
   -1
100
AcDbLine
 10
296.5852665079382
 20
195.5515158781239
 11
310.5852665079382
 21
195.5515158781239
  0
LINE
  5
34D
100
AcDbEntity
  8
plate
  6
ByLayer
 62
  256
370
   -1
100
AcDbLine
 10
310.5852665079382
 20
195.5515158781239
 11
310.5852665079382
 21
190.852515878124
  0
LINE
  5
34E
100
AcDbEntity
  8
plate
  6
ByLayer
 62
  256
370
   -1
100
AcDbLine
 10
310.5852665079382
 20
190.852515878124
 11
312.1102665079382
 21
190.852515878124
  0
LINE
  5
34F
100
AcDbEntity
  8
plate
  6
ByLayer
 62
  256
370
   -1
100
AcDbLine
 10
312.1102665079382
 20
190.852515878124
 11
312.1102665079382
 21
194.082615878124
  0
LINE
  5
350
100
AcDbEntity
  8
plate
  6
ByLayer
 62
  256
370
   -1
100
AcDbLine
 10
312.1102665079382
 20
194.082615878124
 11
318.8602665079382
 21
194.082615878124
  0
LINE
  5
351
100
AcDbEntity
  8
plate
  6
ByLayer
 62
  256
370
   -1
100
AcDbLine
 10
318.8602665079382
 20
194.082615878124
 11
318.8602665079382
 21
190.852515878124
  0
LINE
  5
352
100
AcDbEntity
  8
plate
  6
ByLayer
 62
  256
370
   -1
100
AcDbLine
 10
318.8602665079382
 20
190.852515878124
 11
319.6862665079382
 21
190.852515878124
  0
LINE
  5
353
100
AcDbEntity
  8
plate
  6
ByLayer
 62
  256
370
   -1
100
AcDbLine
 10
319.6862665079382
 20
190.852515878124
 11
319.6862665079382
 21
188.052215878124
  0
LINE
  5
354
100
AcDbEntity
  8
plate
  6
ByLayer
 62
  256
370
   -1
100
AcDbLine
 10
319.6862665079382
 20
188.052215878124
 11
318.8602665079382
 21
188.052215878124
  0
LINE
  5
355
100
AcDbEntity
  8
plate
  6
ByLayer
 62
  256
370
   -1
100
AcDbLine
 10
318.8602665079382
 20
188.052215878124
 11
318.8602665079382
 21
181.782315878124
  0
LINE
  5
356
100
AcDbEntity
  8
plate
  6
ByLayer
 62
  256
370
   -1
100
AcDbLine
 10
318.8602665079382
 20
181.782315878124
 11
317.1362665079382
 21
181.782315878124
  0
LINE
  5
357
100
AcDbEntity
  8
plate
  6
ByLayer
 62
  256
370
   -1
100
AcDbLine
 10
317.1362665079382
 20
181.782315878124
 11
317.1362665079382
 21
180.581815878124
  0
LINE
  5
358
100
AcDbEntity
  8
plate
  6
ByLayer
 62
  256
370
   -1
100
AcDbLine
 10
317.1362665079382
 20
180.581815878124
 11
313.8362665079382
 21
180.581815878124
  0
LINE
  5
359
100
AcDbEntity
  8
plate
  6
ByLayer
 62
  256
370
   -1
100
AcDbLine
 10
313.8362665079382
 20
180.581815878124
 11
313.8362665079382
 21
181.782315878124
  0
LINE
  5
35A
100
AcDbEntity
  8
plate
  6
ByLayer
 62
  256
370
   -1
100
AcDbLine
 10
313.8362665079382
 20
181.782315878124
 11
312.1102665079382
 21
181.782315878124
  0
LINE
  5
35B
100
AcDbEntity
  8
plate
  6
ByLayer
 62
  256
370
   -1
100
AcDbLine
 10
312.1102665079382
 20
181.782315878124
 11
312.1102665079382
 21
186.252715878124
  0
LINE
  5
35C
100
AcDbEntity
  8
plate
  6
ByLayer
 62
  256
370
   -1
100
AcDbLine
 10
312.1102665079382
 20
186.252715878124
 11
310.5852665079382
 21
186.252715878124
  0
LINE
  5
35D
100
AcDbEntity
  8
plate
  6
ByLayer
 62
  256
370
   -1
100
AcDbLine
 10
310.5852665079382
 20
186.252715878124
 11
310.5852665079382
 21
181.551915878124
  0
LINE
  5
35E
100
AcDbEntity
  8
plate
  6
ByLayer
 62
  256
370
   -1
100
AcDbLine
 10
310.5852665079382
 20
181.551915878124
 11
296.5852665079382
 21
181.551915878124
  0
LINE
  5
35F
100
AcDbEntity
  8
plate
  6
ByLayer
 62
  256
370
   -1
100
AcDbLine
 10
296.5852665079382
 20
181.551915878124
 11
296.5852665079382
 21
186.252715878124
  0
LINE
  5
360
100
AcDbEntity
  8
plate
  6
ByLayer
 62
  256
370
   -1
100
AcDbLine
 10
296.5852665079382
 20
186.252715878124
 11
295.0602665079382
 21
186.252715878124
  0
LINE
  5
361
100
AcDbEntity
  8
plate
  6
ByLayer
 62
  256
370
   -1
100
AcDbLine
 10
295.0602665079382
 20
186.252715878124
 11
295.0602665079382
 21
181.782315878124
  0
LINE
  5
362
100
AcDbEntity
  8
plate
  6
ByLayer
 62
  256
370
   -1
100
AcDbLine
 10
295.0602665079382
 20
181.782315878124
 11
293.3362665079382
 21
181.782315878124
  0
LINE
  5
363
100
AcDbEntity
  8
plate
  6
ByLayer
 62
  256
370
   -1
100
AcDbLine
 10
293.3362665079382
 20
181.782315878124
 11
293.3362665079382
 21
180.581815878124
  0
LINE
  5
364
100
AcDbEntity
  8
plate
  6
ByLayer
 62
  256
370
   -1
100
AcDbLine
 10
293.3362665079382
 20
180.581815878124
 11
290.0362665079382
 21
180.581815878124
  0
LINE
  5
365
100
AcDbEntity
  8
plate
  6
ByLayer
 62
  256
370
   -1
100
AcDbLine
 10
290.0362665079382
 20
180.581815878124
 11
290.0362665079382
 21
181.782315878124
  0
LINE
  5
366
100
AcDbEntity
  8
plate
  6
ByLayer
 62
  256
370
   -1
100
AcDbLine
 10
290.0362665079382
 20
181.782315878124
 11
288.3102665079382
 21
181.782315878124
  0
LINE
  5
367
100
AcDbEntity
  8
plate
  6
ByLayer
 62
  256
370
   -1
100
AcDbLine
 10
288.3102665079382
 20
181.782315878124
 11
288.3102665079382
 21
188.052215878124
  0
LINE
  5
368
100
AcDbEntity
  8
plate
  6
ByLayer
 62
  256
370
   -1
100
AcDbLine
 10
288.3102665079382
 20
188.052215878124
 11
287.4852665079382
 21
188.052215878124
  0
LINE
  5
369
100
AcDbEntity
  8
plate
  6
ByLayer
 62
  256
370
   -1
100
AcDbLine
 10
287.4852665079382
 20
188.052215878124
 11
287.4852665079382
 21
190.852515878124
  0
LINE
  5
36A
100
AcDbEntity
  8
plate
  6
ByLayer
 62
  256
370
   -1
100
AcDbLine
 10
287.4852665079382
 20
190.852515878124
 11
288.3102665079382
 21
190.852515878124
  0
LINE
  5
36B
100
AcDbEntity
  8
plate
  6
ByLayer
 62
  256
370
   -1
100
AcDbLine
 10
288.3102665079382
 20
190.852515878124
 11
288.3102665079382
 21
194.082615878124
  0
LINE
  5
36C
100
AcDbEntity
  8
plate
  6
ByLayer
 62
  256
370
   -1
100
AcDbLine
 10
288.3102665079382
 20
194.082615878124
 11
295.0602665079382
 21
194.082615878124
  0
LINE
  5
36D
100
AcDbEntity
  8
plate
  6
ByLayer
 62
  256
370
   -1
100
AcDbLine
 10
295.0602665079382
 20
194.082615878124
 11
295.0602665079382
 21
190.852515878124
  0
LINE
  5
36E
100
AcDbEntity
  8
plate
  6
ByLayer
 62
  256
370
   -1
100
AcDbLine
 10
295.0602665079382
 20
190.852515878124
 11
296.5852665079382
 21
190.852515878124
  0
LINE
  5
36F
100
AcDbEntity
  8
plate
  6
ByLayer
 62
  256
370
   -1
100
AcDbLine
 10
296.5852665079382
 20
190.852515878124
 11
296.5852665079382
 21
195.5515158781239
  0
LINE
  5
370
100
AcDbEntity
  8
plate
  6
ByLayer
 62
  256
370
   -1
100
AcDbLine
 10
294.2042665079382
 20
157.451515878124
 11
308.2052665079382
 21
157.451515878124
  0
LINE
  5
371
100
AcDbEntity
  8
plate
  6
ByLayer
 62
  256
370
   -1
100
AcDbLine
 10
308.2052665079382
 20
157.451515878124
 11
308.2052665079382
 21
152.752515878124
  0
LINE
  5
372
100
AcDbEntity
  8
plate
  6
ByLayer
 62
  256
370
   -1
100
AcDbLine
 10
308.2052665079382
 20
152.752515878124
 11
309.7292665079382
 21
152.752515878124
  0
LINE
  5
373
100
AcDbEntity
  8
plate
  6
ByLayer
 62
  256
370
   -1
100
AcDbLine
 10
309.7292665079382
 20
152.752515878124
 11
309.7292665079382
 21
155.982615878124
  0
LINE
  5
374
100
AcDbEntity
  8
plate
  6
ByLayer
 62
  256
370
   -1
100
AcDbLine
 10
309.7292665079382
 20
155.982615878124
 11
316.4792665079382
 21
155.982615878124
  0
LINE
  5
375
100
AcDbEntity
  8
plate
  6
ByLayer
 62
  256
370
   -1
100
AcDbLine
 10
316.4792665079382
 20
155.982615878124
 11
316.4792665079382
 21
152.752515878124
  0
LINE
  5
376
100
AcDbEntity
  8
plate
  6
ByLayer
 62
  256
370
   -1
100
AcDbLine
 10
316.4792665079382
 20
152.752515878124
 11
317.3042665079382
 21
152.752515878124
  0
LINE
  5
377
100
AcDbEntity
  8
plate
  6
ByLayer
 62
  256
370
   -1
100
AcDbLine
 10
317.3042665079382
 20
152.752515878124
 11
317.3042665079382
 21
149.952215878124
  0
LINE
  5
378
100
AcDbEntity
  8
plate
  6
ByLayer
 62
  256
370
   -1
100
AcDbLine
 10
317.3042665079382
 20
149.952215878124
 11
316.4792665079382
 21
149.952215878124
  0
LINE
  5
379
100
AcDbEntity
  8
plate
  6
ByLayer
 62
  256
370
   -1
100
AcDbLine
 10
316.4792665079382
 20
149.952215878124
 11
316.4792665079382
 21
143.682315878124
  0
LINE
  5
37A
100
AcDbEntity
  8
plate
  6
ByLayer
 62
  256
370
   -1
100
AcDbLine
 10
316.4792665079382
 20
143.682315878124
 11
314.7552665079382
 21
143.682315878124
  0
LINE
  5
37B
100
AcDbEntity
  8
plate
  6
ByLayer
 62
  256
370
   -1
100
AcDbLine
 10
314.7552665079382
 20
143.682315878124
 11
314.7552665079382
 21
142.481815878124
  0
LINE
  5
37C
100
AcDbEntity
  8
plate
  6
ByLayer
 62
  256
370
   -1
100
AcDbLine
 10
314.7552665079382
 20
142.481815878124
 11
311.4552665079382
 21
142.481815878124
  0
LINE
  5
37D
100
AcDbEntity
  8
plate
  6
ByLayer
 62
  256
370
   -1
100
AcDbLine
 10
311.4552665079382
 20
142.481815878124
 11
311.4552665079382
 21
143.682315878124
  0
LINE
  5
37E
100
AcDbEntity
  8
plate
  6
ByLayer
 62
  256
370
   -1
100
AcDbLine
 10
311.4552665079382
 20
143.682315878124
 11
309.7292665079382
 21
143.682315878124
  0
LINE
  5
37F
100
AcDbEntity
  8
plate
  6
ByLayer
 62
  256
370
   -1
100
AcDbLine
 10
309.7292665079382
 20
143.682315878124
 11
309.7292665079382
 21
148.152715878124
  0
LINE
  5
380
100
AcDbEntity
  8
plate
  6
ByLayer
 62
  256
370
   -1
100
AcDbLine
 10
309.7292665079382
 20
148.152715878124
 11
308.2052665079382
 21
148.152715878124
  0
LINE
  5
381
100
AcDbEntity
  8
plate
  6
ByLayer
 62
  256
370
   -1
100
AcDbLine
 10
308.2052665079382
 20
148.152715878124
 11
308.2052665079382
 21
143.451915878124
  0
LINE
  5
382
100
AcDbEntity
  8
plate
  6
ByLayer
 62
  256
370
   -1
100
AcDbLine
 10
308.2052665079382
 20
143.451915878124
 11
294.2042665079382
 21
143.451915878124
  0
LINE
  5
383
100
AcDbEntity
  8
plate
  6
ByLayer
 62
  256
370
   -1
100
AcDbLine
 10
294.2042665079382
 20
143.451915878124
 11
294.2042665079382
 21
148.152715878124
  0
LINE
  5
384
100
AcDbEntity
  8
plate
  6
ByLayer
 62
  256
370
   -1
100
AcDbLine
 10
294.2042665079382
 20
148.152715878124
 11
292.6802665079382
 21
148.152715878124
  0
LINE
  5
385
100
AcDbEntity
  8
plate
  6
ByLayer
 62
  256
370
   -1
100
AcDbLine
 10
292.6802665079382
 20
148.152715878124
 11
292.6802665079382
 21
143.682315878124
  0
LINE
  5
386
100
AcDbEntity
  8
plate
  6
ByLayer
 62
  256
370
   -1
100
AcDbLine
 10
292.6802665079382
 20
143.682315878124
 11
290.9552665079382
 21
143.682315878124
  0
LINE
  5
387
100
AcDbEntity
  8
plate
  6
ByLayer
 62
  256
370
   -1
100
AcDbLine
 10
290.9552665079382
 20
143.682315878124
 11
290.9552665079382
 21
142.481815878124
  0
LINE
  5
388
100
AcDbEntity
  8
plate
  6
ByLayer
 62
  256
370
   -1
100
AcDbLine
 10
290.9552665079382
 20
142.481815878124
 11
287.6532665079382
 21
142.481815878124
  0
LINE
  5
389
100
AcDbEntity
  8
plate
  6
ByLayer
 62
  256
370
   -1
100
AcDbLine
 10
287.6532665079382
 20
142.481815878124
 11
287.6532665079382
 21
143.682315878124
  0
LINE
  5
38A
100
AcDbEntity
  8
plate
  6
ByLayer
 62
  256
370
   -1
100
AcDbLine
 10
287.6532665079382
 20
143.682315878124
 11
285.9292665079382
 21
143.682315878124
  0
LINE
  5
38B
100
AcDbEntity
  8
plate
  6
ByLayer
 62
  256
370
   -1
100
AcDbLine
 10
285.9292665079382
 20
143.682315878124
 11
285.9292665079382
 21
149.952215878124
  0
LINE
  5
38C
100
AcDbEntity
  8
plate
  6
ByLayer
 62
  256
370
   -1
100
AcDbLine
 10
285.9292665079382
 20
149.952215878124
 11
285.1052665079382
 21
149.952215878124
  0
LINE
  5
38D
100
AcDbEntity
  8
plate
  6
ByLayer
 62
  256
370
   -1
100
AcDbLine
 10
285.1052665079382
 20
149.952215878124
 11
285.1052665079382
 21
152.752515878124
  0
LINE
  5
38E
100
AcDbEntity
  8
plate
  6
ByLayer
 62
  256
370
   -1
100
AcDbLine
 10
285.1052665079382
 20
152.752515878124
 11
285.9292665079382
 21
152.752515878124
  0
LINE
  5
38F
100
AcDbEntity
  8
plate
  6
ByLayer
 62
  256
370
   -1
100
AcDbLine
 10
285.9292665079382
 20
152.752515878124
 11
285.9292665079382
 21
155.982615878124
  0
LINE
  5
390
100
AcDbEntity
  8
plate
  6
ByLayer
 62
  256
370
   -1
100
AcDbLine
 10
285.9292665079382
 20
155.982615878124
 11
292.6802665079382
 21
155.982615878124
  0
LINE
  5
391
100
AcDbEntity
  8
plate
  6
ByLayer
 62
  256
370
   -1
100
AcDbLine
 10
292.6802665079382
 20
155.982615878124
 11
292.6802665079382
 21
152.752515878124
  0
LINE
  5
392
100
AcDbEntity
  8
plate
  6
ByLayer
 62
  256
370
   -1
100
AcDbLine
 10
292.6802665079382
 20
152.752515878124
 11
294.2042665079382
 21
152.752515878124
  0
LINE
  5
393
100
AcDbEntity
  8
plate
  6
ByLayer
 62
  256
370
   -1
100
AcDbLine
 10
294.2042665079382
 20
152.752515878124
 11
294.2042665079382
 21
157.451515878124
  0
LINE
  5
394
100
AcDbEntity
  8
plate
  6
ByLayer
 62
  256
370
   -1
100
AcDbLine
 10
289.4422665079382
 20
138.401515878124
 11
303.4412665079382
 21
138.401515878124
  0
LINE
  5
395
100
AcDbEntity
  8
plate
  6
ByLayer
 62
  256
370
   -1
100
AcDbLine
 10
303.4412665079382
 20
138.401515878124
 11
303.4412665079382
 21
133.702515878124
  0
LINE
  5
396
100
AcDbEntity
  8
plate
  6
ByLayer
 62
  256
370
   -1
100
AcDbLine
 10
303.4412665079382
 20
133.702515878124
 11
304.9672665079382
 21
133.702515878124
  0
LINE
  5
397
100
AcDbEntity
  8
plate
  6
ByLayer
 62
  256
370
   -1
100
AcDbLine
 10
304.9672665079382
 20
133.702515878124
 11
304.9672665079382
 21
136.932615878124
  0
LINE
  5
398
100
AcDbEntity
  8
plate
  6
ByLayer
 62
  256
370
   -1
100
AcDbLine
 10
304.9672665079382
 20
136.932615878124
 11
311.7162665079382
 21
136.932615878124
  0
LINE
  5
399
100
AcDbEntity
  8
plate
  6
ByLayer
 62
  256
370
   -1
100
AcDbLine
 10
311.7162665079382
 20
136.932615878124
 11
311.7162665079382
 21
133.702515878124
  0
LINE
  5
39A
100
AcDbEntity
  8
plate
  6
ByLayer
 62
  256
370
   -1
100
AcDbLine
 10
311.7162665079382
 20
133.702515878124
 11
312.5422665079382
 21
133.702515878124
  0
LINE
  5
39B
100
AcDbEntity
  8
plate
  6
ByLayer
 62
  256
370
   -1
100
AcDbLine
 10
312.5422665079382
 20
133.702515878124
 11
312.5422665079382
 21
130.902315878124
  0
LINE
  5
39C
100
AcDbEntity
  8
plate
  6
ByLayer
 62
  256
370
   -1
100
AcDbLine
 10
312.5422665079382
 20
130.902315878124
 11
311.7162665079382
 21
130.902315878124
  0
LINE
  5
39D
100
AcDbEntity
  8
plate
  6
ByLayer
 62
  256
370
   -1
100
AcDbLine
 10
311.7162665079382
 20
130.902315878124
 11
311.7162665079382
 21
124.632215878124
  0
LINE
  5
39E
100
AcDbEntity
  8
plate
  6
ByLayer
 62
  256
370
   -1
100
AcDbLine
 10
311.7162665079382
 20
124.632215878124
 11
309.9912665079382
 21
124.632215878124
  0
LINE
  5
39F
100
AcDbEntity
  8
plate
  6
ByLayer
 62
  256
370
   -1
100
AcDbLine
 10
309.9912665079382
 20
124.632215878124
 11
309.9912665079382
 21
123.432015878124
  0
LINE
  5
3A0
100
AcDbEntity
  8
plate
  6
ByLayer
 62
  256
370
   -1
100
AcDbLine
 10
309.9912665079382
 20
123.432015878124
 11
306.6922665079382
 21
123.432015878124
  0
LINE
  5
3A1
100
AcDbEntity
  8
plate
  6
ByLayer
 62
  256
370
   -1
100
AcDbLine
 10
306.6922665079382
 20
123.432015878124
 11
306.6922665079382
 21
124.632215878124
  0
LINE
  5
3A2
100
AcDbEntity
  8
plate
  6
ByLayer
 62
  256
370
   -1
100
AcDbLine
 10
306.6922665079382
 20
124.632215878124
 11
304.9672665079382
 21
124.632215878124
  0
LINE
  5
3A3
100
AcDbEntity
  8
plate
  6
ByLayer
 62
  256
370
   -1
100
AcDbLine
 10
304.9672665079382
 20
124.632215878124
 11
304.9672665079382
 21
129.102615878124
  0
LINE
  5
3A4
100
AcDbEntity
  8
plate
  6
ByLayer
 62
  256
370
   -1
100
AcDbLine
 10
304.9672665079382
 20
129.102615878124
 11
303.4412665079382
 21
129.102615878124
  0
LINE
  5
3A5
100
AcDbEntity
  8
plate
  6
ByLayer
 62
  256
370
   -1
100
AcDbLine
 10
303.4412665079382
 20
129.102615878124
 11
303.4412665079382
 21
124.402115878124
  0
LINE
  5
3A6
100
AcDbEntity
  8
plate
  6
ByLayer
 62
  256
370
   -1
100
AcDbLine
 10
303.4412665079382
 20
124.402115878124
 11
289.4422665079382
 21
124.402115878124
  0
LINE
  5
3A7
100
AcDbEntity
  8
plate
  6
ByLayer
 62
  256
370
   -1
100
AcDbLine
 10
289.4422665079382
 20
124.402115878124
 11
289.4422665079382
 21
129.102615878124
  0
LINE
  5
3A8
100
AcDbEntity
  8
plate
  6
ByLayer
 62
  256
370
   -1
100
AcDbLine
 10
289.4422665079382
 20
129.102615878124
 11
287.9152665079382
 21
129.102615878124
  0
LINE
  5
3A9
100
AcDbEntity
  8
plate
  6
ByLayer
 62
  256
370
   -1
100
AcDbLine
 10
287.9152665079382
 20
129.102615878124
 11
287.9152665079382
 21
124.632215878124
  0
LINE
  5
3AA
100
AcDbEntity
  8
plate
  6
ByLayer
 62
  256
370
   -1
100
AcDbLine
 10
287.9152665079382
 20
124.632215878124
 11
286.1912665079382
 21
124.632215878124
  0
LINE
  5
3AB
100
AcDbEntity
  8
plate
  6
ByLayer
 62
  256
370
   -1
100
AcDbLine
 10
286.1912665079382
 20
124.632215878124
 11
286.1912665079382
 21
123.432015878124
  0
LINE
  5
3AC
100
AcDbEntity
  8
plate
  6
ByLayer
 62
  256
370
   -1
100
AcDbLine
 10
286.1912665079382
 20
123.432015878124
 11
282.8922665079382
 21
123.432015878124
  0
LINE
  5
3AD
100
AcDbEntity
  8
plate
  6
ByLayer
 62
  256
370
   -1
100
AcDbLine
 10
282.8922665079382
 20
123.432015878124
 11
282.8922665079382
 21
124.632215878124
  0
LINE
  5
3AE
100
AcDbEntity
  8
plate
  6
ByLayer
 62
  256
370
   -1
100
AcDbLine
 10
282.8922665079382
 20
124.632215878124
 11
281.1662665079382
 21
124.632215878124
  0
LINE
  5
3AF
100
AcDbEntity
  8
plate
  6
ByLayer
 62
  256
370
   -1
100
AcDbLine
 10
281.1662665079382
 20
124.632215878124
 11
281.1662665079382
 21
130.902315878124
  0
LINE
  5
3B0
100
AcDbEntity
  8
plate
  6
ByLayer
 62
  256
370
   -1
100
AcDbLine
 10
281.1662665079382
 20
130.902315878124
 11
280.3412665079382
 21
130.902315878124
  0
LINE
  5
3B1
100
AcDbEntity
  8
plate
  6
ByLayer
 62
  256
370
   -1
100
AcDbLine
 10
280.3412665079382
 20
130.902315878124
 11
280.3412665079382
 21
133.702515878124
  0
LINE
  5
3B2
100
AcDbEntity
  8
plate
  6
ByLayer
 62
  256
370
   -1
100
AcDbLine
 10
280.3412665079382
 20
133.702515878124
 11
281.1662665079382
 21
133.702515878124
  0
LINE
  5
3B3
100
AcDbEntity
  8
plate
  6
ByLayer
 62
  256
370
   -1
100
AcDbLine
 10
281.1662665079382
 20
133.702515878124
 11
281.1662665079382
 21
136.932615878124
  0
LINE
  5
3B4
100
AcDbEntity
  8
plate
  6
ByLayer
 62
  256
370
   -1
100
AcDbLine
 10
281.1662665079382
 20
136.932615878124
 11
287.9152665079382
 21
136.932615878124
  0
LINE
  5
3B5
100
AcDbEntity
  8
plate
  6
ByLayer
 62
  256
370
   -1
100
AcDbLine
 10
287.9152665079382
 20
136.932615878124
 11
287.9152665079382
 21
133.702515878124
  0
LINE
  5
3B6
100
AcDbEntity
  8
plate
  6
ByLayer
 62
  256
370
   -1
100
AcDbLine
 10
287.9152665079382
 20
133.702515878124
 11
289.4422665079382
 21
133.702515878124
  0
LINE
  5
3B7
100
AcDbEntity
  8
plate
  6
ByLayer
 62
  256
370
   -1
100
AcDbLine
 10
289.4422665079382
 20
133.702515878124
 11
289.4422665079382
 21
138.401515878124
  0
LINE
  5
3B8
100
AcDbEntity
  8
plate
  6
ByLayer
 62
  256
370
   -1
100
AcDbLine
 10
43.04184650793823
 20
136.932615878124
 11
49.79146650793824
 21
136.932615878124
  0
LINE
  5
3B9
100
AcDbEntity
  8
plate
  6
ByLayer
 62
  256
370
   -1
100
AcDbLine
 10
49.79146650793824
 20
136.932615878124
 11
49.79146650793824
 21
133.702515878124
  0
LINE
  5
3BA
100
AcDbEntity
  8
plate
  6
ByLayer
 62
  256
370
   -1
100
AcDbLine
 10
49.79146650793824
 20
133.702515878124
 11
51.31696650793823
 21
133.702515878124
  0
LINE
  5
3BB
100
AcDbEntity
  8
plate
  6
ByLayer
 62
  256
370
   -1
100
AcDbLine
 10
51.31696650793823
 20
133.702515878124
 11
51.31696650793823
 21
138.401515878124
  0
LINE
  5
3BC
100
AcDbEntity
  8
plate
  6
ByLayer
 62
  256
370
   -1
100
AcDbLine
 10
51.31696650793823
 20
138.401515878124
 11
65.31646650793823
 21
138.401515878124
  0
LINE
  5
3BD
100
AcDbEntity
  8
plate
  6
ByLayer
 62
  256
370
   -1
100
AcDbLine
 10
65.31646650793823
 20
138.401515878124
 11
65.31646650793823
 21
133.702515878124
  0
LINE
  5
3BE
100
AcDbEntity
  8
plate
  6
ByLayer
 62
  256
370
   -1
100
AcDbLine
 10
65.31646650793823
 20
133.702515878124
 11
66.84196650793825
 21
133.702515878124
  0
LINE
  5
3BF
100
AcDbEntity
  8
plate
  6
ByLayer
 62
  256
370
   -1
100
AcDbLine
 10
66.84196650793825
 20
133.702515878124
 11
66.84196650793825
 21
136.932615878124
  0
LINE
  5
3C0
100
AcDbEntity
  8
plate
  6
ByLayer
 62
  256
370
   -1
100
AcDbLine
 10
66.84196650793825
 20
136.932615878124
 11
73.59156650793824
 21
136.932615878124
  0
LINE
  5
3C1
100
AcDbEntity
  8
plate
  6
ByLayer
 62
  256
370
   -1
100
AcDbLine
 10
73.59156650793824
 20
136.932615878124
 11
73.59156650793824
 21
133.702515878124
  0
LINE
  5
3C2
100
AcDbEntity
  8
plate
  6
ByLayer
 62
  256
370
   -1
100
AcDbLine
 10
73.59156650793824
 20
133.702515878124
 11
74.41706650793822
 21
133.702515878124
  0
LINE
  5
3C3
100
AcDbEntity
  8
plate
  6
ByLayer
 62
  256
370
   -1
100
AcDbLine
 10
74.41706650793822
 20
133.702515878124
 11
74.41706650793824
 21
130.902315878124
  0
LINE
  5
3C4
100
AcDbEntity
  8
plate
  6
ByLayer
 62
  256
370
   -1
100
AcDbLine
 10
74.41706650793824
 20
130.902315878124
 11
73.59156650793824
 21
130.902315878124
  0
LINE
  5
3C5
100
AcDbEntity
  8
plate
  6
ByLayer
 62
  256
370
   -1
100
AcDbLine
 10
73.59156650793824
 20
130.902315878124
 11
73.59156650793824
 21
124.632215878124
  0
LINE
  5
3C6
100
AcDbEntity
  8
plate
  6
ByLayer
 62
  256
370
   -1
100
AcDbLine
 10
73.59156650793824
 20
124.632215878124
 11
71.86616650793823
 21
124.632215878124
  0
LINE
  5
3C7
100
AcDbEntity
  8
plate
  6
ByLayer
 62
  256
370
   -1
100
AcDbLine
 10
71.86616650793823
 20
124.632215878124
 11
71.86616650793823
 21
123.432015878124
  0
LINE
  5
3C8
100
AcDbEntity
  8
plate
  6
ByLayer
 62
  256
370
   -1
100
AcDbLine
 10
71.86616650793823
 20
123.432015878124
 11
68.56726650793823
 21
123.432015878124
  0
LINE
  5
3C9
100
AcDbEntity
  8
plate
  6
ByLayer
 62
  256
370
   -1
100
AcDbLine
 10
68.56726650793823
 20
123.432015878124
 11
68.56726650793823
 21
124.632215878124
  0
LINE
  5
3CA
100
AcDbEntity
  8
plate
  6
ByLayer
 62
  256
370
   -1
100
AcDbLine
 10
68.56726650793823
 20
124.632215878124
 11
66.84196650793825
 21
124.632215878124
  0
LINE
  5
3CB
100
AcDbEntity
  8
plate
  6
ByLayer
 62
  256
370
   -1
100
AcDbLine
 10
66.84196650793825
 20
124.632215878124
 11
66.84196650793825
 21
129.102615878124
  0
LINE
  5
3CC
100
AcDbEntity
  8
plate
  6
ByLayer
 62
  256
370
   -1
100
AcDbLine
 10
66.84196650793825
 20
129.102615878124
 11
65.31646650793823
 21
129.102615878124
  0
LINE
  5
3CD
100
AcDbEntity
  8
plate
  6
ByLayer
 62
  256
370
   -1
100
AcDbLine
 10
65.31646650793823
 20
129.102615878124
 11
65.31646650793823
 21
124.402115878124
  0
LINE
  5
3CE
100
AcDbEntity
  8
plate
  6
ByLayer
 62
  256
370
   -1
100
AcDbLine
 10
65.31646650793823
 20
124.402115878124
 11
51.31696650793825
 21
124.402115878124
  0
LINE
  5
3CF
100
AcDbEntity
  8
plate
  6
ByLayer
 62
  256
370
   -1
100
AcDbLine
 10
51.31696650793825
 20
124.402115878124
 11
51.31696650793823
 21
129.102615878124
  0
LINE
  5
3D0
100
AcDbEntity
  8
plate
  6
ByLayer
 62
  256
370
   -1
100
AcDbLine
 10
51.31696650793823
 20
129.102615878124
 11
49.79146650793824
 21
129.102615878124
  0
LINE
  5
3D1
100
AcDbEntity
  8
plate
  6
ByLayer
 62
  256
370
   -1
100
AcDbLine
 10
49.79146650793824
 20
129.102615878124
 11
49.79146650793824
 21
124.632215878124
  0
LINE
  5
3D2
100
AcDbEntity
  8
plate
  6
ByLayer
 62
  256
370
   -1
100
AcDbLine
 10
49.79146650793824
 20
124.632215878124
 11
48.06616650793823
 21
124.632215878124
  0
LINE
  5
3D3
100
AcDbEntity
  8
plate
  6
ByLayer
 62
  256
370
   -1
100
AcDbLine
 10
48.06616650793823
 20
124.632215878124
 11
48.06616650793823
 21
123.432015878124
  0
LINE
  5
3D4
100
AcDbEntity
  8
plate
  6
ByLayer
 62
  256
370
   -1
100
AcDbLine
 10
48.06616650793823
 20
123.432015878124
 11
44.76713650793823
 21
123.432015878124
  0
LINE
  5
3D5
100
AcDbEntity
  8
plate
  6
ByLayer
 62
  256
370
   -1
100
AcDbLine
 10
44.76713650793823
 20
123.432015878124
 11
44.76713650793823
 21
124.632215878124
  0
LINE
  5
3D6
100
AcDbEntity
  8
plate
  6
ByLayer
 62
  256
370
   -1
100
AcDbLine
 10
44.76713650793823
 20
124.632215878124
 11
43.04184650793823
 21
124.632215878124
  0
LINE
  5
3D7
100
AcDbEntity
  8
plate
  6
ByLayer
 62
  256
370
   -1
100
AcDbLine
 10
43.04184650793823
 20
124.632215878124
 11
43.04184650793823
 21
130.902315878124
  0
LINE
  5
3D8
100
AcDbEntity
  8
plate
  6
ByLayer
 62
  256
370
   -1
100
AcDbLine
 10
43.04184650793823
 20
130.902315878124
 11
42.21641650793823
 21
130.902315878124
  0
LINE
  5
3D9
100
AcDbEntity
  8
plate
  6
ByLayer
 62
  256
370
   -1
100
AcDbLine
 10
42.21641650793823
 20
130.902315878124
 11
42.21641650793823
 21
133.702515878124
  0
LINE
  5
3DA
100
AcDbEntity
  8
plate
  6
ByLayer
 62
  256
370
   -1
100
AcDbLine
 10
42.21641650793823
 20
133.702515878124
 11
43.04184650793823
 21
133.702515878124
  0
LINE
  5
3DB
100
AcDbEntity
  8
plate
  6
ByLayer
 62
  256
370
   -1
100
AcDbLine
 10
43.04184650793823
 20
133.702515878124
 11
43.04184650793823
 21
136.932615878124
  0
LINE
  5
3DC
100
AcDbEntity
  8
plate
  6
ByLayer
 62
  256
370
   -1
100
AcDbLine
 10
160.8542665079382
 20
119.351615878124
 11
174.8552665079382
 21
119.351615878124
  0
LINE
  5
3DD
100
AcDbEntity
  8
plate
  6
ByLayer
 62
  256
370
   -1
100
AcDbLine
 10
174.8552665079382
 20
119.351615878124
 11
174.8552665079382
 21
114.652515878124
  0
LINE
  5
3DE
100
AcDbEntity
  8
plate
  6
ByLayer
 62
  256
370
   -1
100
AcDbLine
 10
174.8552665079382
 20
114.652515878124
 11
214.4792665079382
 21
114.652515878124
  0
LINE
  5
3DF
100
AcDbEntity
  8
plate
  6
ByLayer
 62
  256
370
   -1
100
AcDbLine
 10
214.4792665079382
 20
114.652515878124
 11
214.4792665079382
 21
117.882615878124
  0
LINE
  5
3E0
100
AcDbEntity
  8
plate
  6
ByLayer
 62
  256
370
   -1
100
AcDbLine
 10
214.4792665079382
 20
117.882615878124
 11
221.2292665079382
 21
117.882615878124
  0
LINE
  5
3E1
100
AcDbEntity
  8
plate
  6
ByLayer
 62
  256
370
   -1
100
AcDbLine
 10
221.2292665079382
 20
117.882615878124
 11
221.2292665079382
 21
114.652515878124
  0
LINE
  5
3E2
100
AcDbEntity
  8
plate
  6
ByLayer
 62
  256
370
   -1
100
AcDbLine
 10
221.2292665079382
 20
114.652515878124
 11
222.0542665079382
 21
114.652515878124
  0
LINE
  5
3E3
100
AcDbEntity
  8
plate
  6
ByLayer
 62
  256
370
   -1
100
AcDbLine
 10
222.0542665079382
 20
114.652515878124
 11
222.0542665079382
 21
111.852315878124
  0
LINE
  5
3E4
100
AcDbEntity
  8
plate
  6
ByLayer
 62
  256
370
   -1
100
AcDbLine
 10
222.0542665079382
 20
111.852315878124
 11
221.2292665079382
 21
111.852315878124
  0
LINE
  5
3E5
100
AcDbEntity
  8
plate
  6
ByLayer
 62
  256
370
   -1
100
AcDbLine
 10
221.2292665079382
 20
111.852315878124
 11
221.2292665079382
 21
105.582225878124
  0
LINE
  5
3E6
100
AcDbEntity
  8
plate
  6
ByLayer
 62
  256
370
   -1
100
AcDbLine
 10
221.2292665079382
 20
105.582225878124
 11
219.5052665079382
 21
105.582225878124
  0
LINE
  5
3E7
100
AcDbEntity
  8
plate
  6
ByLayer
 62
  256
370
   -1
100
AcDbLine
 10
219.5052665079382
 20
105.582225878124
 11
219.5052665079382
 21
104.381955878124
  0
LINE
  5
3E8
100
AcDbEntity
  8
plate
  6
ByLayer
 62
  256
370
   -1
100
AcDbLine
 10
219.5052665079382
 20
104.381955878124
 11
216.2052665079382
 21
104.381955878124
  0
LINE
  5
3E9
100
AcDbEntity
  8
plate
  6
ByLayer
 62
  256
370
   -1
100
AcDbLine
 10
216.2052665079382
 20
104.381955878124
 11
216.2052665079382
 21
105.582225878124
  0
LINE
  5
3EA
100
AcDbEntity
  8
plate
  6
ByLayer
 62
  256
370
   -1
100
AcDbLine
 10
216.2052665079382
 20
105.582225878124
 11
214.4792665079382
 21
105.582225878124
  0
LINE
  5
3EB
100
AcDbEntity
  8
plate
  6
ByLayer
 62
  256
370
   -1
100
AcDbLine
 10
214.4792665079382
 20
105.582225878124
 11
214.4792665079382
 21
110.052585878124
  0
LINE
  5
3EC
100
AcDbEntity
  8
plate
  6
ByLayer
 62
  256
370
   -1
100
AcDbLine
 10
214.4792665079382
 20
110.052585878124
 11
174.8552665079382
 21
110.052585878124
  0
LINE
  5
3ED
100
AcDbEntity
  8
plate
  6
ByLayer
 62
  256
370
   -1
100
AcDbLine
 10
174.8552665079382
 20
110.052585878124
 11
174.8552665079382
 21
105.352105878124
  0
LINE
  5
3EE
100
AcDbEntity
  8
plate
  6
ByLayer
 62
  256
370
   -1
100
AcDbLine
 10
174.8552665079382
 20
105.352105878124
 11
160.8542665079382
 21
105.352105878124
  0
LINE
  5
3EF
100
AcDbEntity
  8
plate
  6
ByLayer
 62
  256
370
   -1
100
AcDbLine
 10
160.8542665079382
 20
105.352105878124
 11
160.8542665079382
 21
110.052585878124
  0
LINE
  5
3F0
100
AcDbEntity
  8
plate
  6
ByLayer
 62
  256
370
   -1
100
AcDbLine
 10
160.8542665079382
 20
110.052585878124
 11
121.2303665079382
 21
110.052585878124
  0
LINE
  5
3F1
100
AcDbEntity
  8
plate
  6
ByLayer
 62
  256
370
   -1
100
AcDbLine
 10
121.2303665079382
 20
110.052585878124
 11
121.2303665079382
 21
105.582225878124
  0
LINE
  5
3F2
100
AcDbEntity
  8
plate
  6
ByLayer
 62
  256
370
   -1
100
AcDbLine
 10
121.2303665079382
 20
105.582225878124
 11
119.5048665079382
 21
105.582225878124
  0
LINE
  5
3F3
100
AcDbEntity
  8
plate
  6
ByLayer
 62
  256
370
   -1
100
AcDbLine
 10
119.5048665079382
 20
105.582225878124
 11
119.5048665079382
 21
104.381955878124
  0
LINE
  5
3F4
100
AcDbEntity
  8
plate
  6
ByLayer
 62
  256
370
   -1
100
AcDbLine
 10
119.5048665079382
 20
104.381955878124
 11
116.2046665079382
 21
104.381955878124
  0
LINE
  5
3F5
100
AcDbEntity
  8
plate
  6
ByLayer
 62
  256
370
   -1
100
AcDbLine
 10
116.2046665079382
 20
104.381955878124
 11
116.2046665079382
 21
105.582225878124
  0
LINE
  5
3F6
100
AcDbEntity
  8
plate
  6
ByLayer
 62
  256
370
   -1
100
AcDbLine
 10
116.2046665079382
 20
105.582225878124
 11
114.4792665079382
 21
105.582225878124
  0
LINE
  5
3F7
100
AcDbEntity
  8
plate
  6
ByLayer
 62
  256
370
   -1
100
AcDbLine
 10
114.4792665079382
 20
105.582225878124
 11
114.4792665079382
 21
111.852315878124
  0
LINE
  5
3F8
100
AcDbEntity
  8
plate
  6
ByLayer
 62
  256
370
   -1
100
AcDbLine
 10
114.4792665079382
 20
111.852315878124
 11
113.6551665079382
 21
111.852315878124
  0
LINE
  5
3F9
100
AcDbEntity
  8
plate
  6
ByLayer
 62
  256
370
   -1
100
AcDbLine
 10
113.6551665079382
 20
111.852315878124
 11
113.6551665079382
 21
114.652515878124
  0
LINE
  5
3FA
100
AcDbEntity
  8
plate
  6
ByLayer
 62
  256
370
   -1
100
AcDbLine
 10
113.6551665079382
 20
114.652515878124
 11
114.4792665079382
 21
114.652515878124
  0
LINE
  5
3FB
100
AcDbEntity
  8
plate
  6
ByLayer
 62
  256
370
   -1
100
AcDbLine
 10
114.4792665079382
 20
114.652515878124
 11
114.4792665079382
 21
117.882615878124
  0
LINE
  5
3FC
100
AcDbEntity
  8
plate
  6
ByLayer
 62
  256
370
   -1
100
AcDbLine
 10
114.4792665079382
 20
117.882615878124
 11
121.2303665079382
 21
117.882615878124
  0
LINE
  5
3FD
100
AcDbEntity
  8
plate
  6
ByLayer
 62
  256
370
   -1
100
AcDbLine
 10
121.2303665079382
 20
117.882615878124
 11
121.2303665079382
 21
114.652515878124
  0
LINE
  5
3FE
100
AcDbEntity
  8
plate
  6
ByLayer
 62
  256
370
   -1
100
AcDbLine
 10
121.2303665079382
 20
114.652515878124
 11
160.8542665079382
 21
114.652515878124
  0
LINE
  5
3FF
100
AcDbEntity
  8
plate
  6
ByLayer
 62
  256
370
   -1
100
AcDbLine
 10
160.8542665079382
 20
114.652515878124
 11
160.8542665079382
 21
119.351615878124
  0
ARC
  5
400
100
AcDbEntity
  8
plate
  6
ByLayer
 62
  256
370
   -1
100
AcDbCircle
 10
50.90935110793824
 20
223.606915878124
 40
1
100
AcDbArc
 50
270
 51
90
  0
ARC
  5
401
100
AcDbEntity
  8
plate
  6
ByLayer
 62
  256
370
   -1
100
AcDbCircle
 10
82.90935110793822
 20
223.606915878121
 40
1
100
AcDbArc
 50
90
 51
270
  0
LINE
  5
402
100
AcDbEntity
  8
plate
  6
ByLayer
 62
  256
370
   -1
100
AcDbLine
 10
82.90935238196855
 20
222.606915878124
 11
121.7193523819685
 21
222.606915878124
  0
ARC
  5
403
100
AcDbEntity
  8
plate
  6
ByLayer
 62
  256
370
   -1
100
AcDbCircle
 10
121.7193523819685
 20
223.606915878124
 40
1
100
AcDbArc
 50
270
 51
90
  0
ARC
  5
404
100
AcDbEntity
  8
plate
  6
ByLayer
 62
  256
370
   -1
100
AcDbCircle
 10
39.40935110793824
 20
226.606915878121
 40
1
100
AcDbArc
 50
90
 51
180
  0
LINE
  5
405
100
AcDbEntity
  8
plate
  6
ByLayer
 62
  256
370
   -1
100
AcDbLine
 10
38.40935110793823
 20
225.606915878121
 11
38.40935110793823
 21
226.606915878121
  0
LINE
  5
406
100
AcDbEntity
  8
plate
  6
ByLayer
 62
  256
370
   -1
100
AcDbLine
 10
50.90935110793824
 20
224.606915878121
 11
39.40935110793824
 21
224.606915878121
  0
ARC
  5
407
100
AcDbEntity
  8
plate
  6
ByLayer
 62
  256
370
   -1
100
AcDbCircle
 10
39.40935110793824
 20
225.606915878121
 40
1
100
AcDbArc
 50
180
 51
270
  0
LINE
  5
408
100
AcDbEntity
  8
plate
  6
ByLayer
 62
  256
370
   -1
100
AcDbLine
 10
39.40935110793824
 20
227.606915878121
 11
94.40935110793822
 21
227.606915878121
  0
ARC
  5
409
100
AcDbEntity
  8
plate
  6
ByLayer
 62
  256
370
   -1
100
AcDbCircle
 10
94.40935110793822
 20
226.606915878121
 40
1
100
AcDbArc
 50
0
 51
90
  0
LINE
  5
40A
100
AcDbEntity
  8
plate
  6
ByLayer
 62
  256
370
   -1
100
AcDbLine
 10
95.40935110793822
 20
226.606915878121
 11
95.40935110793822
 21
225.606915878121
  0
LINE
  5
40B
100
AcDbEntity
  8
plate
  6
ByLayer
 62
  256
370
   -1
100
AcDbLine
 10
94.40935110793822
 20
224.606915878121
 11
82.90935110793822
 21
224.606915878121
  0
ARC
  5
40C
100
AcDbEntity
  8
plate
  6
ByLayer
 62
  256
370
   -1
100
AcDbCircle
 10
94.40935110793822
 20
225.606915878121
 40
1
100
AcDbArc
 50
270
 51
0
  0
ARC
  5
40D
100
AcDbEntity
  8
plate
  6
ByLayer
 62
  256
370
   -1
100
AcDbCircle
 10
189.7193523819685
 20
223.606915878124
 40
1
100
AcDbArc
 50
90
 51
270
  0
LINE
  5
40E
100
AcDbEntity
  8
plate
  6
ByLayer
 62
  256
370
   -1
100
AcDbLine
 10
189.7193523819685
 20
222.606915878124
 11
231.7193523819685
 21
222.606915878124
  0
ARC
  5
40F
100
AcDbEntity
  8
plate
  6
ByLayer
 62
  256
370
   -1
100
AcDbCircle
 10
107.7193523819685
 20
226.606915878124
 40
1
100
AcDbArc
 50
90
 51
180
  0
LINE
  5
410
100
AcDbEntity
  8
plate
  6
ByLayer
 62
  256
370
   -1
100
AcDbLine
 10
106.7193523819685
 20
225.606915878124
 11
106.7193523819685
 21
226.606915878124
  0
LINE
  5
411
100
AcDbEntity
  8
plate
  6
ByLayer
 62
  256
370
   -1
100
AcDbLine
 10
121.7193523819685
 20
224.606915878124
 11
107.7193523819685
 21
224.606915878124
  0
ARC
  5
412
100
AcDbEntity
  8
plate
  6
ByLayer
 62
  256
370
   -1
100
AcDbCircle
 10
107.7193523819685
 20
225.606915878124
 40
1
100
AcDbArc
 50
180
 51
270
  0
LINE
  5
413
100
AcDbEntity
  8
plate
  6
ByLayer
 62
  256
370
   -1
100
AcDbLine
 10
107.7193523819685
 20
227.606915878124
 11
203.7193523819685
 21
227.606915878124
  0
ARC
  5
414
100
AcDbEntity
  8
plate
  6
ByLayer
 62
  256
370
   -1
100
AcDbCircle
 10
203.7193523819685
 20
226.606915878124
 40
1
100
AcDbArc
 50
0
 51
90
  0
LINE
  5
415
100
AcDbEntity
  8
plate
  6
ByLayer
 62
  256
370
   -1
100
AcDbLine
 10
204.7193523819685
 20
226.606915878124
 11
204.7193523819685
 21
225.606915878124
  0
LINE
  5
416
100
AcDbEntity
  8
plate
  6
ByLayer
 62
  256
370
   -1
100
AcDbLine
 10
203.7193523819685
 20
224.606915878124
 11
189.7193523819685
 21
224.606915878124
  0
ARC
  5
417
100
AcDbEntity
  8
plate
  6
ByLayer
 62
  256
370
   -1
100
AcDbCircle
 10
203.7193523819685
 20
225.606915878124
 40
1
100
AcDbArc
 50
270
 51
0
  0
ARC
  5
418
100
AcDbEntity
  8
plate
  6
ByLayer
 62
  256
370
   -1
100
AcDbCircle
 10
231.7193523819685
 20
223.606915878124
 40
1
100
AcDbArc
 50
270
 51
90
  0
ARC
  5
419
100
AcDbEntity
  8
plate
  6
ByLayer
 62
  256
370
   -1
100
AcDbCircle
 10
299.7193523819685
 20
223.606915878124
 40
1
100
AcDbArc
 50
90
 51
270
  0
ARC
  5
41A
100
AcDbEntity
  8
plate
  6
ByLayer
 62
  256
370
   -1
100
AcDbCircle
 10
217.7193523819685
 20
226.606915878124
 40
1
100
AcDbArc
 50
90
 51
180
  0
LINE
  5
41B
100
AcDbEntity
  8
plate
  6
ByLayer
 62
  256
370
   -1
100
AcDbLine
 10
216.7193523819685
 20
225.606915878124
 11
216.7193523819685
 21
226.606915878124
  0
LINE
  5
41C
100
AcDbEntity
  8
plate
  6
ByLayer
 62
  256
370
   -1
100
AcDbLine
 10
231.7193523819685
 20
224.606915878124
 11
217.7193523819685
 21
224.606915878124
  0
ARC
  5
41D
100
AcDbEntity
  8
plate
  6
ByLayer
 62
  256
370
   -1
100
AcDbCircle
 10
217.7193523819685
 20
225.606915878124
 40
1
100
AcDbArc
 50
180
 51
270
  0
LINE
  5
41E
100
AcDbEntity
  8
plate
  6
ByLayer
 62
  256
370
   -1
100
AcDbLine
 10
217.7193523819685
 20
227.606915878124
 11
313.7193523819685
 21
227.606915878124
  0
ARC
  5
41F
100
AcDbEntity
  8
plate
  6
ByLayer
 62
  256
370
   -1
100
AcDbCircle
 10
313.7193523819685
 20
226.606915878124
 40
1
100
AcDbArc
 50
0
 51
90
  0
LINE
  5
420
100
AcDbEntity
  8
plate
  6
ByLayer
 62
  256
370
   -1
100
AcDbLine
 10
314.7193523819685
 20
226.606915878124
 11
314.7193523819685
 21
225.606915878124
  0
LINE
  5
421
100
AcDbEntity
  8
plate
  6
ByLayer
 62
  256
370
   -1
100
AcDbLine
 10
313.7193523819685
 20
224.606915878124
 11
299.7193523819685
 21
224.606915878124
  0
ARC
  5
422
100
AcDbEntity
  8
plate
  6
ByLayer
 62
  256
370
   -1
100
AcDbCircle
 10
313.7193523819685
 20
225.606915878124
 40
1
100
AcDbArc
 50
270
 51
0
  0
LINE
  5
423
100
AcDbEntity
  8
plate
  6
ByLayer
 62
  256
370
   -1
100
AcDbLine
 10
299.7193489707415
 20
222.606915878124
 11
338.5293489707415
 21
222.606915878124
  0
ARC
  5
424
100
AcDbEntity
  8
plate
  6
ByLayer
 62
  256
370
   -1
100
AcDbCircle
 10
338.5293489707415
 20
223.606915878124
 40
1
100
AcDbArc
 50
270
 51
90
  0
ARC
  5
425
100
AcDbEntity
  8
plate
  6
ByLayer
 62
  256
370
   -1
100
AcDbCircle
 10
370.5293489707414
 20
223.606915878121
 40
1
100
AcDbArc
 50
90
 51
270
  0
ARC
  5
426
100
AcDbEntity
  8
plate
  6
ByLayer
 62
  256
370
   -1
100
AcDbCircle
 10
327.0293489707415
 20
226.606915878121
 40
1
100
AcDbArc
 50
90
 51
180
  0
LINE
  5
427
100
AcDbEntity
  8
plate
  6
ByLayer
 62
  256
370
   -1
100
AcDbLine
 10
326.0293489707415
 20
225.606915878121
 11
326.0293489707415
 21
226.606915878121
  0
LINE
  5
428
100
AcDbEntity
  8
plate
  6
ByLayer
 62
  256
370
   -1
100
AcDbLine
 10
338.5293489707415
 20
224.606915878121
 11
327.0293489707415
 21
224.606915878121
  0
ARC
  5
429
100
AcDbEntity
  8
plate
  6
ByLayer
 62
  256
370
   -1
100
AcDbCircle
 10
327.0293489707415
 20
225.606915878121
 40
1
100
AcDbArc
 50
180
 51
270
  0
LINE
  5
42A
100
AcDbEntity
  8
plate
  6
ByLayer
 62
  256
370
   -1
100
AcDbLine
 10
327.0293489707415
 20
227.606915878121
 11
382.0293489707414
 21
227.606915878121
  0
ARC
  5
42B
100
AcDbEntity
  8
plate
  6
ByLayer
 62
  256
370
   -1
100
AcDbCircle
 10
382.0293489707414
 20
226.606915878121
 40
1
100
AcDbArc
 50
0
 51
90
  0
LINE
  5
42C
100
AcDbEntity
  8
plate
  6
ByLayer
 62
  256
370
   -1
100
AcDbLine
 10
383.0293489707414
 20
226.606915878121
 11
383.0293489707414
 21
225.606915878121
  0
LINE
  5
42D
100
AcDbEntity
  8
plate
  6
ByLayer
 62
  256
370
   -1
100
AcDbLine
 10
382.0293489707414
 20
224.606915878121
 11
370.5293489707414
 21
224.606915878121
  0
ARC
  5
42E
100
AcDbEntity
  8
plate
  6
ByLayer
 62
  256
370
   -1
100
AcDbCircle
 10
382.0293489707414
 20
225.606915878121
 40
1
100
AcDbArc
 50
270
 51
0
  0
ARC
  5
42F
100
AcDbEntity
  8
plate
  6
ByLayer
 62
  256
370
   -1
100
AcDbCircle
 10
370.5272665079382
 20
101.108194878124
 40
1
100
AcDbArc
 50
90
 51
270
  0
ARC
  5
430
100
AcDbEntity
  8
plate
  6
ByLayer
 62
  256
370
   -1
100
AcDbCircle
 10
338.5272665079382
 20
101.1081948781269
 40
1
100
AcDbArc
 50
270
 51
90
  0
LINE
  5
431
100
AcDbEntity
  8
plate
  6
ByLayer
 62
  256
370
   -1
100
AcDbLine
 10
338.5272652339079
 20
102.108194878124
 11
299.717265233908
 21
102.108194878124
  0
ARC
  5
432
100
AcDbEntity
  8
plate
  6
ByLayer
 62
  256
370
   -1
100
AcDbCircle
 10
299.717265233908
 20
101.108194878124
 40
1
100
AcDbArc
 50
90
 51
270
  0
ARC
  5
433
100
AcDbEntity
  8
plate
  6
ByLayer
 62
  256
370
   -1
100
AcDbCircle
 10
382.0272665079382
 20
98.10819487812691
 40
1
100
AcDbArc
 50
270
 51
0
  0
LINE
  5
434
100
AcDbEntity
  8
plate
  6
ByLayer
 62
  256
370
   -1
100
AcDbLine
 10
383.0272665079382
 20
99.10819487812691
 11
383.0272665079382
 21
98.10819487812691
  0
LINE
  5
435
100
AcDbEntity
  8
plate
  6
ByLayer
 62
  256
370
   -1
100
AcDbLine
 10
370.5272665079382
 20
100.1081948781269
 11
382.0272665079382
 21
100.1081948781269
  0
ARC
  5
436
100
AcDbEntity
  8
plate
  6
ByLayer
 62
  256
370
   -1
100
AcDbCircle
 10
382.0272665079382
 20
99.10819487812691
 40
1
100
AcDbArc
 50
0
 51
90
  0
LINE
  5
437
100
AcDbEntity
  8
plate
  6
ByLayer
 62
  256
370
   -1
100
AcDbLine
 10
382.0272665079382
 20
97.10819487812691
 11
327.0272665079382
 21
97.10819487812691
  0
ARC
  5
438
100
AcDbEntity
  8
plate
  6
ByLayer
 62
  256
370
   -1
100
AcDbCircle
 10
327.0272665079382
 20
98.10819487812691
 40
1
100
AcDbArc
 50
180
 51
270
  0
LINE
  5
439
100
AcDbEntity
  8
plate
  6
ByLayer
 62
  256
370
   -1
100
AcDbLine
 10
326.0272665079382
 20
98.10819487812691
 11
326.0272665079382
 21
99.10819487812691
  0
LINE
  5
43A
100
AcDbEntity
  8
plate
  6
ByLayer
 62
  256
370
   -1
100
AcDbLine
 10
327.0272665079382
 20
100.1081948781269
 11
338.5272665079382
 21
100.1081948781269
  0
ARC
  5
43B
100
AcDbEntity
  8
plate
  6
ByLayer
 62
  256
370
   -1
100
AcDbCircle
 10
327.0272665079382
 20
99.10819487812691
 40
1
100
AcDbArc
 50
90
 51
180
  0
ARC
  5
43C
100
AcDbEntity
  8
plate
  6
ByLayer
 62
  256
370
   -1
100
AcDbCircle
 10
231.717265233908
 20
101.108194878124
 40
1
100
AcDbArc
 50
270
 51
90
  0
LINE
  5
43D
100
AcDbEntity
  8
plate
  6
ByLayer
 62
  256
370
   -1
100
AcDbLine
 10
231.717265233908
 20
102.108194878124
 11
189.717265233908
 21
102.108194878124
  0
ARC
  5
43E
100
AcDbEntity
  8
plate
  6
ByLayer
 62
  256
370
   -1
100
AcDbCircle
 10
313.7172652339079
 20
98.10819487812398
 40
1
100
AcDbArc
 50
270
 51
0
  0
LINE
  5
43F
100
AcDbEntity
  8
plate
  6
ByLayer
 62
  256
370
   -1
100
AcDbLine
 10
314.717265233908
 20
99.10819487812398
 11
314.717265233908
 21
98.10819487812398
  0
LINE
  5
440
100
AcDbEntity
  8
plate
  6
ByLayer
 62
  256
370
   -1
100
AcDbLine
 10
299.717265233908
 20
100.108194878124
 11
313.717265233908
 21
100.108194878124
  0
ARC
  5
441
100
AcDbEntity
  8
plate
  6
ByLayer
 62
  256
370
   -1
100
AcDbCircle
 10
313.717265233908
 20
99.10819487812398
 40
1
100
AcDbArc
 50
0
 51
90
  0
LINE
  5
442
100
AcDbEntity
  8
plate
  6
ByLayer
 62
  256
370
   -1
100
AcDbLine
 10
313.7172652339079
 20
97.10819487812398
 11
217.717265233908
 21
97.10819487812401
  0
ARC
  5
443
100
AcDbEntity
  8
plate
  6
ByLayer
 62
  256
370
   -1
100
AcDbCircle
 10
217.717265233908
 20
98.10819487812401
 40
1
100
AcDbArc
 50
180
 51
270
  0
LINE
  5
444
100
AcDbEntity
  8
plate
  6
ByLayer
 62
  256
370
   -1
100
AcDbLine
 10
216.717265233908
 20
98.10819487812401
 11
216.717265233908
 21
99.10819487812398
  0
LINE
  5
445
100
AcDbEntity
  8
plate
  6
ByLayer
 62
  256
370
   -1
100
AcDbLine
 10
217.717265233908
 20
100.108194878124
 11
231.717265233908
 21
100.108194878124
  0
ARC
  5
446
100
AcDbEntity
  8
plate
  6
ByLayer
 62
  256
370
   -1
100
AcDbCircle
 10
217.717265233908
 20
99.10819487812398
 40
1
100
AcDbArc
 50
90
 51
180
  0
ARC
  5
447
100
AcDbEntity
  8
plate
  6
ByLayer
 62
  256
370
   -1
100
AcDbCircle
 10
189.717265233908
 20
101.108194878124
 40
1
100
AcDbArc
 50
90
 51
270
  0
ARC
  5
448
100
AcDbEntity
  8
plate
  6
ByLayer
 62
  256
370
   -1
100
AcDbCircle
 10
121.717265233908
 20
101.108194878124
 40
1
100
AcDbArc
 50
270
 51
90
  0
ARC
  5
449
100
AcDbEntity
  8
plate
  6
ByLayer
 62
  256
370
   -1
100
AcDbCircle
 10
203.717265233908
 20
98.10819487812401
 40
1
100
AcDbArc
 50
270
 51
0
  0
LINE
  5
44A
100
AcDbEntity
  8
plate
  6
ByLayer
 62
  256
370
   -1
100
AcDbLine
 10
204.717265233908
 20
99.10819487812401
 11
204.717265233908
 21
98.10819487812401
  0
LINE
  5
44B
100
AcDbEntity
  8
plate
  6
ByLayer
 62
  256
370
   -1
100
AcDbLine
 10
189.717265233908
 20
100.108194878124
 11
203.717265233908
 21
100.108194878124
  0
ARC
  5
44C
100
AcDbEntity
  8
plate
  6
ByLayer
 62
  256
370
   -1
100
AcDbCircle
 10
203.717265233908
 20
99.10819487812401
 40
1
100
AcDbArc
 50
0
 51
90
  0
LINE
  5
44D
100
AcDbEntity
  8
plate
  6
ByLayer
 62
  256
370
   -1
100
AcDbLine
 10
203.717265233908
 20
97.10819487812401
 11
107.717265233908
 21
97.10819487812401
  0
ARC
  5
44E
100
AcDbEntity
  8
plate
  6
ByLayer
 62
  256
370
   -1
100
AcDbCircle
 10
107.717265233908
 20
98.10819487812401
 40
1
100
AcDbArc
 50
180
 51
270
  0
LINE
  5
44F
100
AcDbEntity
  8
plate
  6
ByLayer
 62
  256
370
   -1
100
AcDbLine
 10
106.717265233908
 20
98.10819487812401
 11
106.717265233908
 21
99.10819487812401
  0
LINE
  5
450
100
AcDbEntity
  8
plate
  6
ByLayer
 62
  256
370
   -1
100
AcDbLine
 10
107.717265233908
 20
100.108194878124
 11
121.717265233908
 21
100.108194878124
  0
ARC
  5
451
100
AcDbEntity
  8
plate
  6
ByLayer
 62
  256
370
   -1
100
AcDbCircle
 10
107.717265233908
 20
99.10819487812401
 40
1
100
AcDbArc
 50
90
 51
180
  0
LINE
  5
452
100
AcDbEntity
  8
plate
  6
ByLayer
 62
  256
370
   -1
100
AcDbLine
 10
121.7172686451351
 20
102.108194878124
 11
82.90726864513508
 21
102.108194878124
  0
ARC
  5
453
100
AcDbEntity
  8
plate
  6
ByLayer
 62
  256
370
   -1
100
AcDbCircle
 10
82.90726864513508
 20
101.108194878124
 40
1
100
AcDbArc
 50
90
 51
270
  0
ARC
  5
454
100
AcDbEntity
  8
plate
  6
ByLayer
 62
  256
370
   -1
100
AcDbCircle
 10
50.90726864513509
 20
101.1081948781269
 40
1
100
AcDbArc
 50
270
 51
90
  0
ARC
  5
455
100
AcDbEntity
  8
plate
  6
ByLayer
 62
  256
370
   -1
100
AcDbCircle
 10
94.40726864513508
 20
98.10819487812694
 40
1
100
AcDbArc
 50
270
 51
0
  0
LINE
  5
456
100
AcDbEntity
  8
plate
  6
ByLayer
 62
  256
370
   -1
100
AcDbLine
 10
95.40726864513508
 20
99.10819487812694
 11
95.40726864513508
 21
98.10819487812694
  0
LINE
  5
457
100
AcDbEntity
  8
plate
  6
ByLayer
 62
  256
370
   -1
100
AcDbLine
 10
82.90726864513508
 20
100.1081948781269
 11
94.40726864513508
 21
100.1081948781269
  0
ARC
  5
458
100
AcDbEntity
  8
plate
  6
ByLayer
 62
  256
370
   -1
100
AcDbCircle
 10
94.40726864513508
 20
99.10819487812694
 40
1
100
AcDbArc
 50
0
 51
90
  0
LINE
  5
459
100
AcDbEntity
  8
plate
  6
ByLayer
 62
  256
370
   -1
100
AcDbLine
 10
94.40726864513508
 20
97.10819487812694
 11
39.40726864513509
 21
97.10819487812694
  0
ARC
  5
45A
100
AcDbEntity
  8
plate
  6
ByLayer
 62
  256
370
   -1
100
AcDbCircle
 10
39.40726864513509
 20
98.10819487812694
 40
1
100
AcDbArc
 50
180
 51
270
  0
LINE
  5
45B
100
AcDbEntity
  8
plate
  6
ByLayer
 62
  256
370
   -1
100
AcDbLine
 10
38.40726864513508
 20
98.10819487812694
 11
38.40726864513508
 21
99.10819487812694
  0
LINE
  5
45C
100
AcDbEntity
  8
plate
  6
ByLayer
 62
  256
370
   -1
100
AcDbLine
 10
39.40726864513509
 20
100.1081948781269
 11
50.90726864513509
 21
100.1081948781269
  0
ARC
  5
45D
100
AcDbEntity
  8
plate
  6
ByLayer
 62
  256
370
   -1
100
AcDbCircle
 10
39.40726864513509
 20
99.10819487812694
 40
1
100
AcDbArc
 50
90
 51
180
  0
LINE
  5
45E
100
AcDbEntity
  8
plate
  6
ByLayer
 62
  256
370
   -1
100
AcDbLine
 10
370.5293550145347
 20
222.606915878124
 11
384.0272665079382
 21
222.606915878124
  0
ARC
  5
45F
100
AcDbEntity
  8
plate
  6
ByLayer
 62
  256
370
   -1
100
AcDbCircle
 10
384.0272665079382
 20
221.606915878124
 40
1
100
AcDbArc
 50
0
 51
90
  0
LINE
  5
460
100
AcDbEntity
  8
plate
  6
ByLayer
 62
  256
370
   -1
100
AcDbLine
 10
385.0272665079382
 20
221.606915878124
 11
385.0272665079382
 21
103.108194878124
  0
LINE
  5
461
100
AcDbEntity
  8
plate
  6
ByLayer
 62
  256
370
   -1
100
AcDbLine
 10
384.0272665079382
 20
102.108194878124
 11
370.5272665079382
 21
102.108194878124
  0
ARC
  5
462
100
AcDbEntity
  8
plate
  6
ByLayer
 62
  256
370
   -1
100
AcDbCircle
 10
384.0272665079382
 20
103.108194878124
 40
1
100
AcDbArc
 50
270
 51
359.9999999999998
  0
LINE
  5
463
100
AcDbEntity
  8
plate
  6
ByLayer
 62
  256
370
   -1
100
AcDbLine
 10
50.9072626013418
 20
102.108194878124
 11
37.40935110793823
 21
102.108194878124
  0
ARC
  5
464
100
AcDbEntity
  8
plate
  6
ByLayer
 62
  256
370
   -1
100
AcDbCircle
 10
37.40935110793823
 20
103.108194878124
 40
1
100
AcDbArc
 50
180.000000000001
 51
270
  0
LINE
  5
465
100
AcDbEntity
  8
plate
  6
ByLayer
 62
  256
370
   -1
100
AcDbLine
 10
37.40935110793823
 20
222.606915878124
 11
50.90935110793824
 21
222.606915878124
  0
LINE
  5
466
100
AcDbEntity
  8
plate
  6
ByLayer
 62
  256
370
   -1
100
AcDbLine
 10
36.40935110793823
 20
221.606915878124
 11
36.40935110793823
 21
103.108194878124
  0
ARC
  5
467
100
AcDbEntity
  8
plate
  6
ByLayer
 62
  256
370
   -1
100
AcDbCircle
 10
37.40935110793823
 20
221.606915878124
 40
1
100
AcDbArc
 50
90
 51
180
  0
DIMENSION
  5
468
100
AcDbEntity
  8
mag
  6
ByLayer
 62
  256
370
   -1
100
AcDbDimension
  2
*D1
 10
385.0272665079382
 20
262.9330969514996
 30
0
 11
210.7183088079382
 21
264.8080969514996
 31
0
 70
   32
 71
    5
  3
Standard
 53
0
210
0
220
0
230
1
100
AcDbAlignedDimension
 13
36.40935110793823
 23
221.606915878124
 33
0
 14
385.0272665079382
 24
221.606915878124
 34
0
100
AcDbRotatedDimension
  0
DIMENSION
  5
469
100
AcDbEntity
  8
mag
  6
ByLayer
 62
  256
370
   -1
100
AcDbDimension
  2
*D2
 10
95.40726864513508
 20
74.58911719890898
 30
0
 11
66.90726864513508
 21
76.46411719890898
 31
0
 70
   32
 71
    5
  3
Standard
 53
0
210
0
220
0
230
1
100
AcDbAlignedDimension
 13
38.40726864513508
 23
98.10819469608293
 33
0
 14
95.40726864513508
 24
98.10819487812694
 34
0
100
AcDbRotatedDimension
  0
DIMENSION
  5
46A
100
AcDbEntity
  8
mag
  6
ByLayer
 62
  256
370
   -1
100
AcDbDimension
  2
*D3
 10
204.717265233908
 20
74.42707922227112
 30
0
 11
155.717265233908
 21
76.30207922227112
 31
0
 70
   32
 71
    5
  3
Standard
 53
0
210
0
220
0
230
1
100
AcDbAlignedDimension
 13
106.717265233908
 23
98.10819359598122
 33
0
 14
204.717265233908
 24
98.10819468931814
 34
0
100
AcDbRotatedDimension
  0
DIMENSION
  5
46B
100
AcDbEntity
  8
mag
  6
ByLayer
 62
  256
370
   -1
100
AcDbDimension
  2
*D4
 10
216.717265233908
 20
74.41753081027923
 30
0
 11
210.717265233908
 21
76.29253081027923
 31
0
 70
   32
 71
    5
  3
Standard
 53
0
210
0
220
0
230
1
100
AcDbAlignedDimension
 13
204.717265233908
 23
98.10819468931814
 33
0
 14
216.717265233908
 24
98.10819487812401
 34
0
100
AcDbRotatedDimension
  0
DIMENSION
  5
46C
100
AcDbEntity
  8
mag
  6
ByLayer
 62
  256
370
   -1
100
AcDbDimension
  2
*D5
 10
326.0272665079382
 20
74.1325035866418
 30
0
 11
320.3722658709231
 21
76.0075035866418
 31
0
 70
   32
 71
    5
  3
Standard
 53
0
210
0
220
0
230
1
100
AcDbAlignedDimension
 13
314.717265233908
 23
98.10819487812398
 33
0
 14
326.0272665079382
 24
98.10819487812691
 34
0
100
AcDbRotatedDimension
  0
DIMENSION
  5
46D
100
AcDbEntity
  8
mag
  6
ByLayer
 62
  256
370
   -1
100
AcDbDimension
  2
*D6
 10
401.1020625911672
 20
97.10819487812691
 30
0
 11
399.2270625911672
 21
98.60819487812691
 31
0
 70
   32
 71
    5
  3
Standard
 53
0
210
0
220
0
230
1
100
AcDbAlignedDimension
 13
382.0272665079382
 23
100.1081948781269
 33
0
 14
382.0272599126353
 24
97.10819487812691
 34
0
 50
90
100
AcDbRotatedDimension
  0
DIMENSION
  5
46E
100
AcDbEntity
  8
mag
  6
ByLayer
 62
  256
370
   -1
100
AcDbDimension
  2
*D7
 10
394.6625043888848
 20
100.1081948781269
 30
0
 11
392.7875043888848
 21
101.1081948781255
 31
0
 70
   32
 71
    5
  3
Standard
 53
0
210
0
220
0
230
1
100
AcDbAlignedDimension
 13
370.5272665079382
 23
102.108194878124
 33
0
 14
370.5272665079382
 24
100.1081948781269
 34
0
 50
90
100
AcDbRotatedDimension
  0
DIMENSION
  5
46F
100
AcDbEntity
  8
mag
  6
ByLayer
 62
  256
370
   -1
100
AcDbDimension
  2
*D8
 10
382.0293489707414
 20
226.606915878121
 30
0
 11
377.9861731943196
 21
227.8068990360144
 31
0
 70
   36
 71
    5
  3
Standard
 53
0
210
0
220
0
230
1
100
AcDbRadialDimension
 15
381.0441372159218
 25
226.4355747033698
 35
0
 40
0
  0
DIMENSION
  5
470
100
AcDbEntity
  8
mag
  6
ByLayer
 62
  256
370
   -1
100
AcDbDimension
  2
*D9
 10
189.7193523819685
 20
242.8686199799865
 30
0
 11
210.7193551937188
 21
244.7436199799865
 31
0
 70
   32
 71
    5
  3
Standard
 53
0
210
0
220
0
230
1
100
AcDbAlignedDimension
 13
231.7193580054691
 23
222.606915878124
 33
0
 14
189.7193523819685
 24
222.606915878124
 34
0
100
AcDbRotatedDimension
  0
DIMENSION
  5
471
100
AcDbEntity
  8
mag
  6
ByLayer
 62
  256
370
   -1
100
AcDbDimension
  2
*D10
 10
338.5293427798813
 20
242.6165228653152
 30
0
 11
319.1243458753114
 21
244.4915228653152
 31
0
 70
   32
 71
    5
  3
Standard
 53
0
210
0
220
0
230
1
100
AcDbAlignedDimension
 13
299.7193489707415
 23
222.606915878124
 33
0
 14
338.5293427798813
 24
222.6069158781241
 34
0
100
AcDbRotatedDimension
  0
DIMENSION
  5
472
100
AcDbEntity
  8
mag
  6
ByLayer
 62
  256
370
   -1
100
AcDbDimension
  2
*D11
 10
38.40935110793823
 20
249.1631501220974
 30
0
 11
37.40935110793823
 21
251.0381501220974
 31
0
 70
   32
 71
    5
  3
Standard
 53
0
210
0
220
0
230
1
100
AcDbAlignedDimension
 13
36.40935110793823
 23
221.606915878124
 33
0
 14
38.40935110793823
 24
226.606915878121
 34
0
100
AcDbRotatedDimension
  0
DIMENSION
  5
473
100
AcDbEntity
  8
mag
  6
ByLayer
 62
  256
370
   -1
100
AcDbDimension
  2
*D12
 10
370.5293489707414
 20
223.606915878121
 30
0
 11
367.2921514135471
 21
226.3102068195417
 31
0
 70
   36
 71
    5
  3
Standard
 53
0
210
0
220
0
230
1
100
AcDbRadialDimension
 15
369.5568488361482
 25
223.8398181928719
 35
0
 40
0
  0
DIMENSION
  5
474
100
AcDbEntity
  8
mag
  6
ByLayer
 62
  256
370
   -1
100
AcDbDimension
  2
*D13
 10
26.98776522710098
 20
102.108194878124
 30
0
 11
25.11276522710098
 21
162.357555378124
 31
0
 70
   32
 71
    5
  3
Standard
 53
0
210
0
220
0
230
1
100
AcDbAlignedDimension
 13
37.40935110793823
 23
222.606915878124
 33
0
 14
37.40935110793823
 24
102.108194878124
 34
0
 50
90
100
AcDbRotatedDimension
  0
MTEXT
  5
475
100
AcDbEntity
  8
outline
  6
ByLayer
 62
  256
370
   -1
100
AcDbMText
 10
291.0998239781712
 20
31.7176951401043
 30
0
 40
3.5
 41
9.722222222222223
 71
    1
 72
    1
  1
Title
  7
unicode
210
0
220
0
230
1
 50
0
 73
    2
 44
0.5
  0
MTEXT
  5
476
100
AcDbEntity
  8
outline
  6
ByLayer
 62
  256
370
   -1
100
AcDbMText
 10
291.3647089800556
 20
19.74414703006374
 30
0
 40
2.5
 41
11.94527833994002
 71
    1
 72
    1
  1
Version
  7
unicode
210
0
220
0
230
1
 50
0
 73
    2
 44
0.1
  0
MTEXT
  5
477
100
AcDbEntity
  8
outline
  6
ByLayer
 62
  256
370
   -1
100
AcDbMText
 10
306.8946465411473
 20
19.74655174733278
 30
0
 40
3.5
 41
19.73611111111111
 71
    1
 72
    1
  1
Ver. 0.01
  7
unicode
210
0
220
0
230
1
 50
0
 73
    2
 44
1
  0
DIMENSION
  5
478
100
AcDbEntity
  8
mag
  6
ByLayer
 62
  256
370
   -1
100
AcDbDimension
  2
*D14
 10
343.9242665079382
 20
200.1169011477722
 30
0
 11
336.9237665079382
 21
201.9919011477722
 31
0
 70
   32
 71
    5
 72
    0
  3
Standard
 53
0
210
0
220
0
230
1
100
AcDbAlignedDimension
 13
329.9232665079382
 23
195.5515158781239
 33
0
 14
343.9242665079382
 24
195.5515158781239
 34
0
100
AcDbRotatedDimension
  0
DIMENSION
  5
479
100
AcDbEntity
  8
mag
  6
ByLayer
 62
  256
370
   -1
100
AcDbDimension
  2
*D15
 10
324.8195849860838
 20
181.551915878124
 30
0
 11
322.9445849860838
 21
188.551715878124
 31
0
 70
   32
 71
    5
 72
    0
  3
Standard
 53
0
210
0
220
0
230
1
100
AcDbAlignedDimension
 13
329.9232665079382
 23
195.5515158781239
 33
0
 14
329.9232665079382
 24
181.551915878124
 34
0
 50
90
100
AcDbRotatedDimension
  0
ENDSEC
  0
SECTION
  2
OBJECTS
  0
DICTIONARY
  5
C
330
0
100
AcDbDictionary
281
    1
  3
ACAD_GROUP
350
D
  0
DICTIONARY
  5
D
330
C
100
AcDbDictionary
281
    1
  0
PLOTSETTINGS
  5
47A
100
AcDbPlotSettings
  6
1x1
 40
0
 41
0
 42
0
 43
0
  0
ENDSEC
  0
EOF
