  0
SECTION
  2
HEADER
  9
$ACADVER
  1
AC1018
  9
$ACADMAINTVER
 70
     0
  9
$DWGCODEPAGE
  3
ANSI_936
  9
$LASTSAVEDBY
  1
cloudconvert
  9
$INSBASE
 10
0.0
 20
0.0
 30
0.0
  9
$EXTMIN
 10
960.8779847871656
 20
-131.1843063509993
 30
0.0
  9
$EXTMAX
 10
1320.102491321698
 20
76.51194293824965
 30
0.0
  9
$LIMMIN
 10
0.0
 20
0.0
  9
$LIMMAX
 10
420.0
 20
297.0
  9
$ORTHOMODE
 70
     0
  9
$REGENMODE
 70
     1
  9
$FILLMODE
 70
     1
  9
$QTEXTMODE
 70
     0
  9
$MIRRTEXT
 70
     0
  9
$LTSCALE
 40
23.1
  9
$ATTMODE
 70
     1
  9
$TEXTSIZE
 40
0.2
  9
$TRACEWID
 40
0.05
  9
$TEXTSTYLE
  7
STANDARD
  9
$CLAYER
  8
0
  9
$CELTYPE
  6
BYLAYER
  9
$CECOLOR
 62
   256
  9
$CELTSCALE
 40
1.0
  9
$DISPSILH
 70
     0
  9
$DIMSCALE
 40
1.0
  9
$DIMASZ
 40
3.0
  9
$DIMEXO
 40
1.5
  9
$DIMDLI
 40
15.96
  9
$DIMRND
 40
0.0
  9
$DIMDLE
 40
0.0
  9
$DIMEXE
 40
2.0
  9
$DIMTP
 40
0.01
  9
$DIMTM
 40
0.01
  9
$DIMTXT
 40
3.0
  9
$DIMCEN
 40
3.78
  9
$DIMTSZ
 40
0.0
  9
$DIMTOL
 70
     0
  9
$DIMLIM
 70
     0
  9
$DIMTIH
 70
     1
  9
$DIMTOH
 70
     1
  9
$DIMSE1
 70
     0
  9
$DIMSE2
 70
     0
  9
$DIMTAD
 70
     0
  9
$DIMZIN
 70
     0
  9
$DIMBLK
  1

  9
$DIMASO
 70
     1
  9
$DIMSHO
 70
     1
  9
$DIMPOST
  1

  9
$DIMAPOST
  1

  9
$DIMALT
 70
     0
  9
$DIMALTD
 70
     2
  9
$DIMALTF
 40
0.0393700787
  9
$DIMLFAC
 40
1.0
  9
$DIMTOFL
 70
     0
  9
$DIMTVP
 40
0.0
  9
$DIMTIX
 70
     0
  9
$DIMSOXD
 70
     0
  9
$DIMSAH
 70
     0
  9
$DIMBLK1
  1

  9
$DIMBLK2
  1

  9
$DIMSTYLE
  2
STANDARD
  9
$DIMCLRD
 70
     0
  9
$DIMCLRE
 70
     0
  9
$DIMCLRT
 70
     0
  9
$DIMTFAC
 40
1.0
  9
$DIMGAP
 40
0.625
  9
$DIMJUST
 70
     0
  9
$DIMSD1
 70
     0
  9
$DIMSD2
 70
     0
  9
$DIMTOLJ
 70
     1
  9
$DIMTZIN
 70
     0
  9
$DIMALTZ
 70
     0
  9
$DIMALTTZ
 70
     0
  9
$DIMUPT
 70
     0
  9
$DIMDEC
 70
     2
  9
$DIMTDEC
 70
     2
  9
$DIMALTU
 70
     2
  9
$DIMALTTD
 70
     2
  9
$DIMTXSTY
  7
STANDARD
  9
$DIMAUNIT
 70
     0
  9
$DIMADEC
 70
     0
  9
$DIMALTRND
 40
0.0
  9
$DIMAZIN
 70
     0
  9
$DIMDSEP
 70
    46
  9
$DIMATFIT
 70
     3
  9
$DIMFRAC
 70
     0
  9
$DIMLDRBLK
  1

  9
$DIMLUNIT
 70
     2
  9
$DIMLWD
 70
    -2
  9
$DIMLWE
 70
    -2
  9
$DIMTMOVE
 70
     0
  9
$LUNITS
 70
     2
  9
$LUPREC
 70
     4
  9
$SKETCHINC
 40
0.1
  9
$FILLETRAD
 40
1.0
  9
$AUNITS
 70
     0
  9
$AUPREC
 70
     0
  9
$MENU
  1
.
  9
$ELEVATION
 40
0.0
  9
$PELEVATION
 40
0.0
  9
$THICKNESS
 40
0.0
  9
$LIMCHECK
 70
     0
  9
$CHAMFERA
 40
0.0
  9
$CHAMFERB
 40
0.0
  9
$CHAMFERC
 40
0.0
  9
$CHAMFERD
 40
0.0
  9
$SKPOLY
 70
     0
  9
$TDCREATE
 40
2459369.477001632
  9
$TDUCREATE
 40
2459369.477001632
  9
$TDUPDATE
 40
2461280.265216065
  9
$TDUUPDATE
 40
2461280.265216065
  9
$TDINDWG
 40
0.3696438773
  9
$TDUSRTIMER
 40
0.3696438773
  9
$USRTIMER
 70
     1
  9
$ANGBASE
 50
0.0
  9
$ANGDIR
 70
     0
  9
$PDMODE
 70
     3
  9
$PDSIZE
 40
0.3
  9
$PLINEWID
 40
0.0
  9
$SPLFRAME
 70
     0
  9
$SPLINETYPE
 70
     6
  9
$SPLINESEGS
 70
     8
  9
$HANDSEED
  5
8D62
  9
$SURFTAB1
 70
     6
  9
$SURFTAB2
 70
     6
  9
$SURFTYPE
 70
     6
  9
$SURFU
 70
     6
  9
$SURFV
 70
     6
  9
$UCSBASE
  2

  9
$UCSNAME
  2

  9
$UCSORG
 10
0.0
 20
0.0
 30
0.0
  9
$UCSXDIR
 10
1.0
 20
0.0
 30
0.0
  9
$UCSYDIR
 10
0.0
 20
1.0
 30
0.0
  9
$UCSORTHOREF
  2

  9
$UCSORTHOVIEW
 70
     0
  9
$UCSORGTOP
 10
0.0
 20
0.0
 30
0.0
  9
$UCSORGBOTTOM
 10
0.0
 20
0.0
 30
0.0
  9
$UCSORGLEFT
 10
0.0
 20
0.0
 30
0.0
  9
$UCSORGRIGHT
 10
0.0
 20
0.0
 30
0.0
  9
$UCSORGFRONT
 10
0.0
 20
0.0
 30
0.0
  9
$UCSORGBACK
 10
0.0
 20
0.0
 30
0.0
  9
$PUCSBASE
  2

  9
$PUCSNAME
  2

  9
$PUCSORG
 10
0.0
 20
0.0
 30
0.0
  9
$PUCSXDIR
 10
1.0
 20
0.0
 30
0.0
  9
$PUCSYDIR
 10
0.0
 20
1.0
 30
0.0
  9
$PUCSORTHOREF
  2

  9
$PUCSORTHOVIEW
 70
     0
  9
$PUCSORGTOP
 10
0.0
 20
0.0
 30
0.0
  9
$PUCSORGBOTTOM
 10
0.0
 20
0.0
 30
0.0
  9
$PUCSORGLEFT
 10
0.0
 20
0.0
 30
0.0
  9
$PUCSORGRIGHT
 10
0.0
 20
0.0
 30
0.0
  9
$PUCSORGFRONT
 10
0.0
 20
0.0
 30
0.0
  9
$PUCSORGBACK
 10
0.0
 20
0.0
 30
0.0
  9
$USERI1
 70
     0
  9
$USERI2
 70
     0
  9
$USERI3
 70
     0
  9
$USERI4
 70
     0
  9
$USERI5
 70
     0
  9
$USERR1
 40
0.0
  9
$USERR2
 40
0.0
  9
$USERR3
 40
0.0
  9
$USERR4
 40
0.0
  9
$USERR5
 40
0.0
  9
$WORLDVIEW
 70
     1
  9
$SHADEDGE
 70
     3
  9
$SHADEDIF
 70
    70
  9
$TILEMODE
 70
     1
  9
$MAXACTVP
 70
    64
  9
$PINSBASE
 10
0.0
 20
0.0
 30
0.0
  9
$PLIMCHECK
 70
     0
  9
$PEXTMIN
 10
1.000000000000000E+20
 20
1.000000000000000E+20
 30
1.000000000000000E+20
  9
$PEXTMAX
 10
-1.000000000000000E+20
 20
-1.000000000000000E+20
 30
-1.000000000000000E+20
  9
$PLIMMIN
 10
0.0
 20
0.0
  9
$PLIMMAX
 10
12.0
 20
9.0
  9
$UNITMODE
 70
     0
  9
$VISRETAIN
 70
     1
  9
$PLINEGEN
 70
     0
  9
$PSLTSCALE
 70
     1
  9
$TREEDEPTH
 70
  3020
  9
$CMLSTYLE
  2
Standard
  9
$CMLJUST
 70
     0
  9
$CMLSCALE
 40
1.0
  9
$PROXYGRAPHICS
 70
     1
  9
$MEASUREMENT
 70
     1
  9
$CELWEIGHT
370
    -1
  9
$ENDCAPS
280
     0
  9
$JOINSTYLE
280
     0
  9
$LWDISPLAY
290
     0
  9
$INSUNITS
 70
     4
  9
$HYPERLINKBASE
  1

  9
$STYLESHEET
  1

  9
$XEDIT
290
     1
  9
$CEPSNTYPE
380
     0
  9
$PSTYLEMODE
290
     1
  9
$FINGERPRINTGUID
  2
{075D6FB8-834B-4E06-AF57-F48C126C4530}
  9
$VERSIONGUID
  2
{B7FD9A40-4C69-6C44-84D3-49965D5D1EF8}
  9
$EXTNAMES
290
     1
  9
$PSVPSCALE
 40
0.0
  9
$OLESTARTUP
290
     0
  9
$SORTENTS
280
   127
  9
$INDEXCTL
280
     0
  9
$HIDETEXT
280
     1
  9
$XCLIPFRAME
290
     0
  9
$HALOGAP
280
     0
  9
$OBSCOLOR
 70
   257
  9
$OBSLTYPE
280
     0
  9
$INTERSECTIONDISPLAY
280
     0
  9
$INTERSECTIONCOLOR
 70
   257
  9
$DIMASSOC
280
     2
  9
$PROJECTNAME
  1

  0
ENDSEC
  0
SECTION
  2
CLASSES
  0
CLASS
  1
ACDBDICTIONARYWDFLT
  2
AcDbDictionaryWithDefault
  3
ObjectDBX Classes
 90
        0
 91
        3
280
     0
281
     0
  0
CLASS
  1
ACDBPLACEHOLDER
  2
AcDbPlaceHolder
  3
ObjectDBX Classes
 90
        0
 91
        1
280
     0
281
     0
  0
CLASS
  1
LAYOUT
  2
AcDbLayout
  3
ObjectDBX Classes
 90
        0
 91
        1
280
     0
281
     0
  0
CLASS
  1
RASTERVARIABLES
  2
AcDbRasterVariables
  3
ISM
 90
        0
 91
        3
280
     0
281
     0
  0
CLASS
  1
IMAGEDEF
  2
AcDbRasterImageDef
  3
ISM
 90
        0
 91
        3
280
     0
281
     0
  0
CLASS
  1
IMAGEDEF_REACTOR
  2
AcDbRasterImageDefReactor
  3
ISM
 90
        1
 91
        3
280
     0
281
     0
  0
CLASS
  1
IMAGE
  2
AcDbRasterImage
  3
ISM
 90
      127
 91
        4
280
     0
281
     1
  0
CLASS
  1
TABLESTYLE
  2
AcDbTableStyle
  3
ObjectDBX Classes
 90
     4095
 91
        3
280
     0
281
     0
  0
CLASS
  1
ACAD_TABLE
  2
AcDbTable
  3
ObjectDBX Classes
 90
     1025
 91
        3
280
     0
281
     1
  0
CLASS
  1
MATERIAL
  2
AcDbMaterial
  3
ObjectDBX Classes
 90
     1153
 91
        3
280
     0
281
     0
  0
CLASS
  1
VISUALSTYLE
  2
AcDbVisualStyle
  3
ObjectDBX Classes
 90
     4095
 91
        3
280
     0
281
     0
  0
CLASS
  1
SCALE
  2
AcDbScale
  3
ObjectDBX Classes
 90
     1153
 91
        3
280
     0
281
     0
  0
CLASS
  1
MLEADERSTYLE
  2
AcDbMLeaderStyle
  3
ACDB_MLEADERSTYLE_CLASS
 90
     4095
 91
        3
280
     0
281
     0
  0
CLASS
  1
ACDBSECTIONVIEWSTYLE
  2
AcDbSectionViewStyle
  3
ObjectDBX Classes
 90
     1025
 91
        3
280
     0
281
     0
  0
CLASS
  1
ACDBDETAILVIEWSTYLE
  2
AcDbDetailViewStyle
  3
ObjectDBX Classes
 90
     1025
 91
        3
280
     0
281
     0
  0
CLASS
  1
CELLSTYLEMAP
  2
AcDbCellStyleMap
  3
ObjectDBX Classes
 90
     1152
 91
        3
280
     0
281
     0
  0
CLASS
  1
DATATABLE
  2
AcDbDataTable
  3
ObjectDBX Classes
 90
        0
 91
        3
280
     0
281
     0
  0
CLASS
  1
DICTIONARYVAR
  2
AcDbDictionaryVar
  3
ObjectDBX Classes
 90
        0
 91
        3
280
     0
281
     0
  0
CLASS
  1
SORTENTSTABLE
  2
AcDbSortentsTable
  3
ObjectDBX Classes
 90
        0
 91
        3
280
     0
281
     0
  0
CLASS
  1
ACAD_EVALUATION_GRAPH
  2
AcDbEvalGraph
  3
ObjectDBX Classes
 90
     1153
 91
        3
280
     0
281
     0
  0
CLASS
  1
ACAECUSTOBJ
  2
AcAeEditorObj
  3
AcAeEditorObj
 90
     1024
 91
        1
280
     1
281
     0
  0
CLASS
  1
ACDB_DYNAMICBLOCKPURGEPREVENTER_VERSION
  2
AcDbDynamicBlockPurgePreventer
  3
ObjectDBX Classes
 90
     1153
 91
        3
280
     0
281
     0
  0
CLASS
  1
DIMASSOC
  2
AcDbDimAssoc
  3
"AcDbDimAssoc|Product Desc:     AcDim ARX App For Dimension|Company:          Autodesk, Inc.|WEB Address:      www.autodesk.com"
 90
        0
 91
        3
280
     0
281
     0
  0
ENDSEC
  0
SECTION
  2
TABLES
  0
TABLE
  2
VPORT
  5
8
102
{ACAD_XDICTIONARY
360
8D0E
102
}
330
0
100
AcDbSymbolTable
 70
     1
  0
VPORT
  5
1F4
330
8
100
AcDbSymbolTableRecord
100
AcDbViewportTableRecord
  2
*ACTIVE
 70
     0
 10
0.0
 20
0.0
 11
1.0
 21
1.0
 12
1171.205284397596
 22
-4.957413313876657
 13
0.0
 23
0.0
 14
1.0
 24
1.0
 15
0.0
 25
0.0
 16
0.0
 26
0.0
 36
1.0
 17
0.0
 27
0.0
 37
0.0
 40
235.1855122037244
 41
2.130787037037037
 42
50.0
 43
0.0
 44
0.0
 50
0.0
 51
0.0
 71
     0
 72
   100
 73
     1
 74
     1
 75
     0
 76
     0
 77
     0
 78
     0
281
     0
 65
     1
110
0.0
120
0.0
130
0.0
111
1.0
121
0.0
131
0.0
112
0.0
122
1.0
132
0.0
 79
     0
146
0.0
1001
ACAD_NAV_VCDISPLAY
1070
     3
  0
ENDTAB
  0
TABLE
  2
LTYPE
  5
5
330
0
100
AcDbSymbolTable
 70
     6
  0
LTYPE
  5
14
330
5
100
AcDbSymbolTableRecord
100
AcDbLinetypeTableRecord
  2
BYBLOCK
 70
     0
  3

 72
    65
 73
     0
 40
0.0
  0
LTYPE
  5
15
330
5
100
AcDbSymbolTableRecord
100
AcDbLinetypeTableRecord
  2
BYLAYER
 70
     0
  3

 72
    65
 73
     0
 40
0.0
  0
LTYPE
  5
16
330
5
100
AcDbSymbolTableRecord
100
AcDbLinetypeTableRecord
  2
CONTINUOUS
 70
     0
  3
Solid line
 72
    65
 73
     0
 40
0.0
  0
LTYPE
  5
1F5
330
5
100
AcDbSymbolTableRecord
100
AcDbLinetypeTableRecord
  2
CENTER
 70
     0
  3
____ _ ____ _ ____ _ ____ _ ____ _ ____ _ ____
 72
    65
 73
     4
 40
0.6
 49
0.375
 74
     0
 49
-0.075
 74
     0
 49
0.075
 74
     0
 49
-0.075
 74
     0
  0
LTYPE
  5
1F6
330
5
100
AcDbSymbolTableRecord
100
AcDbLinetypeTableRecord
  2
HIDDEN
 70
     0
  3
- - - - - - - - - - - - - - - - - - - -
 72
    65
 73
     2
 40
0.2
 49
0.1
 74
     0
 49
-0.1
 74
     0
  0
LTYPE
  5
1F7
330
5
100
AcDbSymbolTableRecord
100
AcDbLinetypeTableRecord
  2
PHANTOM
 70
     0
  3
_____ _ _ _____ _ _ _____ _ _ _____
 72
    65
 73
     6
 40
0.8
 49
0.45
 74
     0
 49
-0.05
 74
     0
 49
0.1
 74
     0
 49
-0.05
 74
     0
 49
0.1
 74
     0
 49
-0.05
 74
     0
  0
LTYPE
  5
1F8
330
5
100
AcDbSymbolTableRecord
100
AcDbLinetypeTableRecord
  2
DOT
 70
     0
  3
. . . . . . . . . . . . . . . . . . . .
 72
    65
 73
     2
 40
0.2
 49
0.1
 74
     0
 49
-0.1
 74
     0
  0
LTYPE
  5
1F9
330
5
100
AcDbSymbolTableRecord
100
AcDbLinetypeTableRecord
  2
DASHED
 70
     0
  3
- - - - - - - - - - - - - - - - - - - -
 72
    65
 73
     2
 40
0.2
 49
0.1
 74
     0
 49
-0.1
 74
     0
  0
ENDTAB
  0
TABLE
  2
LAYER
  5
2
102
{ACAD_XDICTIONARY
360
7594
102
}
330
0
100
AcDbSymbolTable
 70
     8
  0
LAYER
  5
10
102
{ACAD_XDICTIONARY
360
7DD6
102
}
330
2
100
AcDbSymbolTableRecord
100
AcDbLayerTableRecord
  2
0
 70
     0
 62
     7
  6
CONTINUOUS
370
    -3
390
F
  0
LAYER
  5
1FA
102
{ACAD_XDICTIONARY
360
7DD8
102
}
330
2
100
AcDbSymbolTableRecord
100
AcDbLayerTableRecord
  2
DEFAULT_1
 70
     0
 62
     7
  6
CENTER
370
    -3
390
F
  0
LAYER
  5
1FB
102
{ACAD_XDICTIONARY
360
7DDA
102
}
330
2
100
AcDbSymbolTableRecord
100
AcDbLayerTableRecord
  2
DEFAULT_2
 70
     0
 62
     8
  6
HIDDEN
370
    -3
390
F
  0
LAYER
  5
1FC
102
{ACAD_XDICTIONARY
360
7DDC
102
}
330
2
100
AcDbSymbolTableRecord
100
AcDbLayerTableRecord
  2
DEFAULT_3
 70
     0
 62
     7
  6
PHANTOM
370
    -3
390
F
  0
LAYER
  5
1FD
102
{ACAD_XDICTIONARY
360
7DDE
102
}
330
2
100
AcDbSymbolTableRecord
100
AcDbLayerTableRecord
  2
LAY0001
 70
     0
 62
     7
  6
CONTINUOUS
370
    -3
390
F
  0
LAYER
  5
1FE
102
{ACAD_XDICTIONARY
360
7DE0
102
}
330
2
100
AcDbSymbolTableRecord
100
AcDbLayerTableRecord
  2
底部_4_VBL0
 70
     0
 62
     7
  6
CONTINUOUS
370
    -3
390
F
  0
LAYER
  5
1FF
102
{ACAD_XDICTIONARY
360
7DE2
102
}
330
2
100
AcDbSymbolTableRecord
100
AcDbLayerTableRecord
  2
SUIT-00-06_PBL1
 70
     0
 62
     7
  6
CONTINUOUS
370
    -3
390
F
  0
LAYER
  5
5DA
330
2
100
AcDbSymbolTableRecord
100
AcDbLayerTableRecord
  2
Defpoints
 70
     0
 62
     7
  6
CONTINUOUS
290
     0
370
    -3
390
F
  0
ENDTAB
  0
TABLE
  2
STYLE
  5
3
330
0
100
AcDbSymbolTable
 70
     3
  0
STYLE
  5
11
330
3
100
AcDbSymbolTableRecord
100
AcDbTextStyleTableRecord
  2
STANDARD
 70
     0
 40
0.0
 41
0.7
 50
0.0
 71
     0
 42
0.2
  3
txt
  4

  0
STYLE
  5
200
330
3
100
AcDbSymbolTableRecord
100
AcDbTextStyleTableRecord
  2
TEXTSTYLE_1
 70
     0
 40
0.0
 41
0.8
 50
0.0
 71
     0
 42
0.2
  3
gdt
  4

  0
STYLE
  5
201
330
3
100
AcDbSymbolTableRecord
100
AcDbTextStyleTableRecord
  2
TEXTSTYLE_2
 70
     0
 40
0.0
 41
0.8
 50
0.0
 71
     0
 42
0.2
  3
txt
  4

  0
ENDTAB
  0
TABLE
  2
VIEW
  5
6
330
0
100
AcDbSymbolTable
 70
     0
  0
ENDTAB
  0
TABLE
  2
UCS
  5
7
330
0
100
AcDbSymbolTable
 70
     0
  0
ENDTAB
  0
TABLE
  2
APPID
  5
9
330
0
100
AcDbSymbolTable
 70
    23
  0
APPID
  5
202
330
9
100
AcDbSymbolTableRecord
100
AcDbRegAppTableRecord
  2
ACAD
 70
     0
  0
APPID
  5
65D
330
9
100
AcDbSymbolTableRecord
100
AcDbRegAppTableRecord
  2
ACAD_MLEADERVER
 70
     0
  0
APPID
  5
AFD
330
9
100
AcDbSymbolTableRecord
100
AcDbRegAppTableRecord
  2
ACAD_EXEMPT_FROM_CAD_STANDARDS
 70
     0
  0
APPID
  5
C45
330
9
100
AcDbSymbolTableRecord
100
AcDbRegAppTableRecord
  2
ACAUTHENVIRON
 70
     0
  0
APPID
  5
C5A
330
9
100
AcDbSymbolTableRecord
100
AcDbRegAppTableRecord
  2
AcDbDynamicBlockTrueName
 70
     0
  0
APPID
  5
C5B
330
9
100
AcDbSymbolTableRecord
100
AcDbRegAppTableRecord
  2
AcDbDynamicBlockGUID
 70
     0
  0
APPID
  5
C5D
330
9
100
AcDbSymbolTableRecord
100
AcDbRegAppTableRecord
  2
AcDbBlockRepETag
 70
     0
  0
APPID
  5
7587
330
9
100
AcDbSymbolTableRecord
100
AcDbRegAppTableRecord
  2
CAXA_DRAFT_PAPERORDER
 70
     0
  0
APPID
  5
7588
330
9
100
AcDbSymbolTableRecord
100
AcDbRegAppTableRecord
  2
CAXA_DRAFT_PAPERSCALE
 70
     0
  0
APPID
  5
7589
330
9
100
AcDbSymbolTableRecord
100
AcDbRegAppTableRecord
  2
CAXA_DRAFT_PAPERINFO
 70
     0
  0
APPID
  5
758A
330
9
100
AcDbSymbolTableRecord
100
AcDbRegAppTableRecord
  2
CAXA_DRAFT_DIMSTY_AT_VPOS
 70
     0
  0
APPID
  5
758B
330
9
100
AcDbSymbolTableRecord
100
AcDbRegAppTableRecord
  2
CAXA_DRAFT_TXTSTYLE
 70
     0
  0
APPID
  5
758C
330
9
100
AcDbSymbolTableRecord
100
AcDbRegAppTableRecord
  2
CAXA_DRAFT_KEEPLTSEG_ZOOM
 70
     0
  0
APPID
  5
758D
330
9
100
AcDbSymbolTableRecord
100
AcDbRegAppTableRecord
  2
CAXA_DRAFT_SDTSTY_2011R3
 70
     0
  0
APPID
  5
758E
330
9
100
AcDbSymbolTableRecord
100
AcDbRegAppTableRecord
  2
CAXA_DRAFT_DS_ISFILLDFM
 70
     0
  0
APPID
  5
758F
330
9
100
AcDbSymbolTableRecord
100
AcDbRegAppTableRecord
  2
CAXA_DRAFT_DS_DISPZTOOL
 70
     0
  0
APPID
  5
7590
330
9
100
AcDbSymbolTableRecord
100
AcDbRegAppTableRecord
  2
CAXA_DRAFT_DS_SYMCOLOR
 70
     0
  0
APPID
  5
7591
330
9
100
AcDbSymbolTableRecord
100
AcDbRegAppTableRecord
  2
DimTxtFrmStyle_2015R1
 70
     0
  0
APPID
  5
7592
330
9
100
AcDbSymbolTableRecord
100
AcDbRegAppTableRecord
  2
AcAecLayerStandard
 70
     0
  0
APPID
  5
7593
330
9
100
AcDbSymbolTableRecord
100
AcDbRegAppTableRecord
  2
ACAD_NAV_VCDISPLAY
 70
     0
  0
APPID
  5
8631
330
9
100
AcDbSymbolTableRecord
100
AcDbRegAppTableRecord
  2
ACAD_DSTYLE_DIM_LINETYPE
 70
     0
  0
APPID
  5
8632
330
9
100
AcDbSymbolTableRecord
100
AcDbRegAppTableRecord
  2
ACAD_DSTYLE_DIM_EXT1_LINETYPE
 70
     0
  0
APPID
  5
8633
330
9
100
AcDbSymbolTableRecord
100
AcDbRegAppTableRecord
  2
ACAD_DSTYLE_DIM_EXT2_LINETYPE
 70
     0
  0
ENDTAB
  0
TABLE
  2
DIMSTYLE
  5
A
330
0
100
AcDbSymbolTable
 70
     3
100
AcDbDimStyleTable
  0
DIMSTYLE
105
215
330
A
100
AcDbSymbolTableRecord
100
AcDbDimStyleTableRecord
  2
STANDARD
 70
     0
 41
3.0
 42
1.5
 44
2.0
 47
0.01
 48
0.01
 71
     1
 73
     0
 74
     0
 77
     1
 78
     8
140
3.0
147
0.625
178
     0
271
     2
272
     2
284
     8
340
11
  0
DIMSTYLE
105
C61
330
A
100
AcDbSymbolTableRecord
100
AcDbDimStyleTableRecord
  2
副本 STANDARD
 70
     0
 41
3.0
 42
1.5
 43
15.96
 44
2.0
 47
0.01
 48
0.01
140
3.0
141
3.78
143
0.0393700787
147
0.625
176
     3
178
     0
271
     2
272
     2
340
11
  0
DIMSTYLE
105
7586
330
A
100
AcDbSymbolTableRecord
100
AcDbDimStyleTableRecord
  2
ISO-25
 70
     0
 41
2.5
 42
0.625
 43
3.75
 44
1.25
 46
5.0
 73
     0
 74
     0
 77
     1
 78
     8
140
2.5
141
2.5
143
0.03937007874016
147
0.625
171
     3
172
     1
178
     0
271
     2
272
     2
274
     3
278
    44
283
     0
284
     8
340
11
1001
CAXA_DRAFT_DIMSTY_AT_VPOS
1070
     0
1001
CAXA_DRAFT_SDTSTY_2011R3
1070
     0
1001
CAXA_DRAFT_DS_ISFILLDFM
1070
     1
1001
CAXA_DRAFT_DS_DISPZTOOL
1070
     0
1001
CAXA_DRAFT_DS_SYMCOLOR
1071
1090519039
1001
DimTxtFrmStyle_2015R1
1070
     3
1001
ACAD_DSTYLE_DIM_LINETYPE
1070
   380
1005
16
1001
ACAD_DSTYLE_DIM_EXT1_LINETYPE
1070
   381
1005
16
1001
ACAD_DSTYLE_DIM_EXT2_LINETYPE
1070
   382
1005
16
  0
ENDTAB
  0
TABLE
  2
BLOCK_RECORD
  5
1
330
0
100
AcDbSymbolTable
 70
    12
  0
BLOCK_RECORD
  5
203
102
{ACAD_XDICTIONARY
360
66E
102
}
330
1
100
AcDbSymbolTableRecord
100
AcDbBlockTableRecord
  2
*Model_Space
340
54E
  0
BLOCK_RECORD
  5
204
330
1
100
AcDbSymbolTableRecord
100
AcDbBlockTableRecord
  2
*Paper_Space
340
54F
  0
BLOCK_RECORD
  5
205
330
1
100
AcDbSymbolTableRecord
100
AcDbBlockTableRecord
  2
底部_4_VBL0
340
0
  0
BLOCK_RECORD
  5
206
330
1
100
AcDbSymbolTableRecord
100
AcDbBlockTableRecord
  2
SUIT-00-06_PBL1
340
0
102
{BLKREFS
331
217
102
}
  0
BLOCK_RECORD
  5
B88
102
{ACAD_XDICTIONARY
360
55E3
102
}
330
1
100
AcDbSymbolTableRecord
100
AcDbBlockTableRecord
  2
1
340
0
310
2800000020000000200000000100080000000000000400000000000000000000000000000000000000000000000080000080000000808000800000008000800080800000C0C0C000C0DCC000F0CAA6000020400000206000002080000020A0000020C0000020E00000400000004020000040400000406000004080000040A0
310
000040C0000040E00000600000006020000060400000606000006080000060A0000060C0000060E00000800000008020000080400000806000008080000080A0000080C0000080E00000A0000000A0200000A0400000A0600000A0800000A0A00000A0C00000A0E00000C0000000C0200000C0400000C0600000C0800000C0
310
A00000C0C00000C0E00000E0000000E0200000E0400000E0600000E0800000E0A00000E0C00000E0E00040000000400020004000400040006000400080004000A0004000C0004000E00040200000402020004020400040206000402080004020A0004020C0004020E000404000004040200040404000404060004040800040
310
40A0004040C0004040E00040600000406020004060400040606000406080004060A0004060C0004060E00040800000408020004080400040806000408080004080A0004080C0004080E00040A0000040A0200040A0400040A0600040A0800040A0A00040A0C00040A0E00040C0000040C0200040C0400040C0600040C08000
310
40C0A00040C0C00040C0E00040E0000040E0200040E0400040E0600040E0800040E0A00040E0C00040E0E00080000000800020008000400080006000800080008000A0008000C0008000E00080200000802020008020400080206000802080008020A0008020C0008020E00080400000804020008040400080406000804080
310
008040A0008040C0008040E00080600000806020008060400080606000806080008060A0008060C0008060E00080800000808020008080400080806000808080008080A0008080C0008080E00080A0000080A0200080A0400080A0600080A0800080A0A00080A0C00080A0E00080C0000080C0200080C0400080C0600080C0
310
800080C0A00080C0C00080C0E00080E0000080E0200080E0400080E0600080E0800080E0A00080E0C00080E0E000C0000000C0002000C0004000C0006000C0008000C000A000C000C000C000E000C0200000C0202000C0204000C0206000C0208000C020A000C020C000C020E000C0400000C0402000C0404000C0406000C0
310
408000C040A000C040C000C040E000C0600000C0602000C0604000C0606000C0608000C060A000C060C000C060E000C0800000C0802000C0804000C0806000C0808000C080A000C080C000C080E000C0A00000C0A02000C0A04000C0A06000C0A08000C0A0A000C0A0C000C0A0E000C0C00000C0C02000C0C04000C0C06000
310
C0C08000C0C0A000F0FBFF00A4A0A000808080000000FF0000FF000000FFFF00FF000000FF00FF00FFFF0000FFFFFF00000000000000000000000000000000000000000000000000000000000000000000FAFAFAFAFAFAFAFAFAFAFAFAFAFAFAFAFAFAFAFAFAFAFAFAFAFAFAFAFAFA0000FAFAFAFAFAFAFAFAFAFAFAFAFAFA
310
FAFAFAFAFAFAFAFAFAFAFAFAFAFAFAFA0000FAFAFAFAFAFAFAFAFAFAFAFA000000000000FAFAFAFAFAFAFAFAFAFAFAFA0000FAFAFA000000000000000000000000000000000000000000000000FAFAFA0000FAFAFA000000000000000000000000000000000000000000000000FAFAFA0000FAFAFA00000000000000000000
310
0000000000000000000000000000FAFAFA0000FAFAFA000000000000000000000000000000000000000000000000FAFAFA0000FAFAFA000000000000000000000000000000000000000000000000FAFAFA0000FAFAFA000000000000000000000000000000000000000000000000FAFAFA0000FAFAFA000000000000000000
310
000000000000000000000000000000FAFAFA0000FAFAFA000000000000000000000000000000000000000000000000FAFAFA0000FAFAFA000000000000000000000000000000000000000000000000FAFAFA0000FAFAFA000000000000000000000000000000000000000000000000FAFAFA0000FAFAFA0000000000000000
310
00000000000000000000000000000000FAFAFA0000FAFAFA000000000000000000000000000000000000000000000000FAFAFA0000FAFAFA000000000000000000000000000000000000000000000000FAFAFA0000FAFAFA000000000000000000000000000000000000000000000000FAFAFA0000FAFAFA00000000000000
310
0000000000000000000000000000000000FAFAFA0000FAFAFA000000000000000000000000000000000000000000000000FAFAFA0000FAFAFA000000000000000000000000000000000000000000000000FAFAFA0000FAFAFA000000000000000000000000000000000000000000000000FAFAFA0000FAFAFA000000000000
310
000000000000000000000000000000000000FAFAFA0000FAFAFA000000000000000000000000000000000000000000000000FAFAFA0000FAFAFA000000000000000000000000000000000000000000000000FAFAFA0000FAFAFA000000000000000000000000000000000000000000000000FAFAFA0000FAFAFA0000000000
310
00000000000000000000000000000000000000FAFAFA0000FAFAFA000000000000000000000000000000000000000000000000FAFAFA0000FAFAFAFAFAFAFAFAFAFAFAFAFAFAFAFAFAFAFAFAFAFAFAFAFAFAFAFAFAFA0000FAFAFAFAFAFAFAFAFAFAFAFA000000000000FAFAFAFAFAFAFAFAFAFAFAFA0000FAFAFAFAFAFAFA
310
FAFAFAFAFA000000000000FAFAFAFAFAFAFAFAFAFAFAFA000000000000000000000000000000000000000000000000000000000000000000
1001
AcDbDynamicBlockGUID
1000
{524EAE08-D81D-4056-B0F3-9189157543E0}
1001
AcDbBlockRepETag
1070
     1
1071
       34
1001
ACAD
1000
DesignCenter Data
1002
{
1070
     1
1070
     4
1002
}
  0
BLOCK_RECORD
  5
C2E
102
{ACAD_XDICTIONARY
360
CD2
102
}
330
1
100
AcDbSymbolTableRecord
100
AcDbBlockTableRecord
  2
2
340
0
310
2800000020000000200000000100080000000000000400000000000000000000000000000000000000000000000080000080000000808000800000008000800080800000C0C0C000C0DCC000F0CAA6000020400000206000002080000020A0000020C0000020E00000400000004020000040400000406000004080000040A0
310
000040C0000040E00000600000006020000060400000606000006080000060A0000060C0000060E00000800000008020000080400000806000008080000080A0000080C0000080E00000A0000000A0200000A0400000A0600000A0800000A0A00000A0C00000A0E00000C0000000C0200000C0400000C0600000C0800000C0
310
A00000C0C00000C0E00000E0000000E0200000E0400000E0600000E0800000E0A00000E0C00000E0E00040000000400020004000400040006000400080004000A0004000C0004000E00040200000402020004020400040206000402080004020A0004020C0004020E000404000004040200040404000404060004040800040
310
40A0004040C0004040E00040600000406020004060400040606000406080004060A0004060C0004060E00040800000408020004080400040806000408080004080A0004080C0004080E00040A0000040A0200040A0400040A0600040A0800040A0A00040A0C00040A0E00040C0000040C0200040C0400040C0600040C08000
310
40C0A00040C0C00040C0E00040E0000040E0200040E0400040E0600040E0800040E0A00040E0C00040E0E00080000000800020008000400080006000800080008000A0008000C0008000E00080200000802020008020400080206000802080008020A0008020C0008020E00080400000804020008040400080406000804080
310
008040A0008040C0008040E00080600000806020008060400080606000806080008060A0008060C0008060E00080800000808020008080400080806000808080008080A0008080C0008080E00080A0000080A0200080A0400080A0600080A0800080A0A00080A0C00080A0E00080C0000080C0200080C0400080C0600080C0
310
800080C0A00080C0C00080C0E00080E0000080E0200080E0400080E0600080E0800080E0A00080E0C00080E0E000C0000000C0002000C0004000C0006000C0008000C000A000C000C000C000E000C0200000C0202000C0204000C0206000C0208000C020A000C020C000C020E000C0400000C0402000C0404000C0406000C0
310
408000C040A000C040C000C040E000C0600000C0602000C0604000C0606000C0608000C060A000C060C000C060E000C0800000C0802000C0804000C0806000C0808000C080A000C080C000C080E000C0A00000C0A02000C0A04000C0A06000C0A08000C0A0A000C0A0C000C0A0E000C0C00000C0C02000C0C04000C0C06000
310
C0C08000C0C0A000F0FBFF00A4A0A000808080000000FF0000FF000000FFFF00FF000000FF00FF00FFFF0000FFFFFF0000000000000000000000000000000000000000000000000000000000000000000000000000000000000000000000000000000000000000000000000000000000000000000000000000000000000000
310
00000000000000000000000000000000000000000000000000000000000000000000000000000000000000000000000000000000000000000000000000000000000000000000000000000000000000000000000000000000000000000000000000000000000000000000000000000000000000000000000000000000000000
310
0000000000000000000000000000000000000000000000000000000000000000000000000000000000000000000000000000000000000000000000000000000000000000000000000000000000000000000000FAFAFAFAFAFAFAFAFAFAFAFAFAFAFAFAFAFAFAFAFAFAFAFAFAFAFAFAFAFA0000FAFA00000000000000000000
310
00000000000000000000000000000000FAFA0000FAFA0000000000000000000000000000000000000000000000000000FAFA0000FAFA0000000000000000000000000000000000000000000000000000FAFA0000FAFA0000000000000000000000000000000000000000000000000000FAFA0000FAFA000000000000000000
310
0000000000000000000000000000000000FAFA0000FAFA0000000000000000000000000000000000000000000000000000FAFA0000FAFA0000000000000000000000000000000000000000000000000000FAFA0000FAFA0000000000000000000000000000000000000000000000000000FAFA0000FAFA0000000000000000
310
000000000000000000000000000000000000FAFA0000FAFA0000000000000000000000000000000000000000000000000000FAFA0000FAFA0000000000000000000000000000000000000000000000000000FAFA0000FAFA0000000000000000000000000000000000000000000000000000FAFA0000FAFAFAFAFAFAFAFAFA
310
FAFAFAFAFAFAFAFAFAFAFAFAFAFAFAFAFAFAFAFAFA00000000000000000000000000000000000000000000000000000000000000000000000000000000000000000000000000000000000000000000000000000000000000000000000000000000000000000000000000000000000000000000000000000000000000000000
310
00000000000000000000000000000000000000000000000000000000000000000000000000000000000000000000000000000000000000000000000000000000000000000000000000000000000000000000000000000000000000000000000000000000000000000000000000000000000000000000000000000000000000
310
0000000000000000000000000000000000000000000000000000000000000000000000000000000000000000000000000000000000000000
1001
AcDbDynamicBlockGUID
1000
{4908567D-DEFE-4333-851F-ABCB5DAB3BE0}
1001
AcDbBlockRepETag
1070
     1
1071
       24
1001
ACAD
1000
DesignCenter Data
1002
{
1070
     1
1070
     4
1002
}
  0
BLOCK_RECORD
  5
4221
102
{ACAD_XDICTIONARY
360
4230
102
}
330
1
100
AcDbSymbolTableRecord
100
AcDbBlockTableRecord
  2
A$C0E3A64E7
340
0
1001
ACAD
1000
DesignCenter Data
1002
{
1070
     1
1070
     4
1002
}
  0
BLOCK_RECORD
  5
7C91
330
1
100
AcDbSymbolTableRecord
100
AcDbBlockTableRecord
  2
_FILLED
340
0
  0
BLOCK_RECORD
  5
7DB0
102
{ACAD_XDICTIONARY
360
7DC1
102
}
330
1
100
AcDbSymbolTableRecord
100
AcDbBlockTableRecord
  2
A$C154afad6
340
0
1001
ACAD
1000
DesignCenter Data
1002
{
1070
     1
1070
     4
1002
}
  0
BLOCK_RECORD
  5
84E8
330
1
100
AcDbSymbolTableRecord
100
AcDbBlockTableRecord
  2
block 72
340
0
102
{BLKREFS
331
84F1
102
}
  0
BLOCK_RECORD
  5
84F4
102
{ACAD_XDICTIONARY
360
8505
102
}
330
1
100
AcDbSymbolTableRecord
100
AcDbBlockTableRecord
  2
A$Ca3357c42
340
0
1001
ACAD
1000
DesignCenter Data
1002
{
1070
     1
1070
     4
1002
}
  0
BLOCK_RECORD
  5
8963
102
{ACAD_XDICTIONARY
360
8968
102
}
330
1
100
AcDbSymbolTableRecord
100
AcDbBlockTableRecord
  2
A$C311f73ba
340
0
1001
ACAD
1000
DesignCenter Data
1002
{
1070
     1
1070
     4
1002
}
  0
BLOCK_RECORD
  5
8BA1
102
{ACAD_XDICTIONARY
360
8BAB
102
}
330
1
100
AcDbSymbolTableRecord
100
AcDbBlockTableRecord
  2
A$Cdd5e3443
340
0
1001
ACAD
1000
DesignCenter Data
1002
{
1070
     1
1070
     4
1002
}
  0
BLOCK_RECORD
  5
8BD8
102
{ACAD_XDICTIONARY
360
8BE4
102
}
330
1
100
AcDbSymbolTableRecord
100
AcDbBlockTableRecord
  2
A$Cd8320433
340
0
1001
ACAD
1000
DesignCenter Data
1002
{
1070
     1
1070
     4
1002
}
  0
ENDTAB
  0
ENDSEC
  0
SECTION
  2
BLOCKS
  0
BLOCK
  5
20
330
203
100
AcDbEntity
  8
0
100
AcDbBlockBegin
  2
*Model_Space
 70
     0
 10
0.0
 20
0.0
 30
0.0
  3
*Model_Space
  1

  0
ENDBLK
  5
21
330
203
100
AcDbEntity
  8
0
100
AcDbBlockEnd
  0
BLOCK
  5
1C
330
204
100
AcDbEntity
 67
     1
  8
0
100
AcDbBlockBegin
  2
*Paper_Space
 70
     0
 10
0.0
 20
0.0
 30
0.0
  3
*Paper_Space
  1

  0
ENDBLK
  5
1D
330
204
100
AcDbEntity
 67
     1
  8
0
100
AcDbBlockEnd
  0
BLOCK
  5
216
330
205
100
AcDbEntity
  8
底部_4_VBL0
100
AcDbBlockBegin
  2
底部_4_VBL0
 70
     0
 10
691.1917303493
 20
482.3515771591
 30
0.0
  3
底部_4_VBL0
  1

  0
INSERT
  5
217
330
205
100
AcDbEntity
  8
SUIT-00-06_PBL1
100
AcDbBlockReference
  2
SUIT-00-06_PBL1
 10
691.1917303493
 20
482.3515771591
 30
0.0
  0
ENDBLK
  5
218
330
205
100
AcDbEntity
  8
0
  6
ByBlock
 62
     0
100
AcDbBlockEnd
  0
BLOCK
  5
219
330
206
100
AcDbEntity
  8
SUIT-00-06_PBL1
100
AcDbBlockBegin
  2
SUIT-00-06_PBL1
 70
     0
 10
691.1917303493
 20
482.3515771591
 30
0.0
  3
SUIT-00-06_PBL1
  1

  0
LINE
  5
21A
330
206
100
AcDbEntity
  8
SUIT-00-06_PBL1
  6
Continuous
 62
     7
100
AcDbLine
 10
516.8817303493
 20
541.6015771591001
 30
0.0
 11
516.8817303493
 21
423.1015771591
 31
0.0
  0
LINE
  5
21B
330
206
100
AcDbEntity
  8
SUIT-00-06_PBL1
  6
Continuous
 62
     7
100
AcDbLine
 10
518.8817303493
 20
546.1015771591001
 30
0.0
 11
518.8817303493
 21
544.6015771591001
 31
0.0
  0
LINE
  5
21C
330
206
100
AcDbEntity
  8
SUIT-00-06_PBL1
  6
Continuous
 62
     7
100
AcDbLine
 10
518.8817303493
 20
420.1015771591
 30
0.0
 11
518.8817303493
 21
418.6015771591
 31
0.0
  0
LINE
  5
21D
330
206
100
AcDbEntity
  8
SUIT-00-06_PBL1
  6
Continuous
 62
     7
100
AcDbLine
 10
519.8817303493
 20
501.2815771591
 30
0.0
 11
519.8817303493
 21
515.2815771591
 31
0.0
  0
LINE
  5
21E
330
206
100
AcDbEntity
  8
SUIT-00-06_PBL1
  6
Continuous
 62
     7
100
AcDbLine
 10
519.8817303493
 20
525.1015771591001
 30
0.0
 11
519.8817303493
 21
539.1015771591001
 31
0.0
  0
LINE
  5
21F
330
206
100
AcDbEntity
  8
SUIT-00-06_PBL1
  6
Continuous
 62
     7
100
AcDbLine
 10
522.2729803493
 20
463.1815771591
 30
0.0
 11
522.2729803493
 21
477.1815771591
 31
0.0
  0
LINE
  5
220
330
206
100
AcDbEntity
  8
SUIT-00-06_PBL1
  6
Continuous
 62
     7
100
AcDbLine
 10
523.2379553493
 20
456.6385771591
 30
0.0
 11
523.2379553493
 21
444.1385771591
 31
0.0
  0
LINE
  5
221
330
206
100
AcDbEntity
  8
SUIT-00-06_PBL1
  6
Continuous
 62
     7
100
AcDbLine
 10
524.6442303493
 20
439.0890771591
 30
0.0
 11
524.6442303493
 21
425.0890771591
 31
0.0
  0
LINE
  5
222
330
206
100
AcDbEntity
  8
SUIT-00-06_PBL1
  6
Continuous
 62
     7
100
AcDbLine
 10
524.6542303493
 20
482.2315771591
 30
0.0
 11
524.6542303493
 21
496.2315771591
 31
0.0
  0
LINE
  5
223
330
206
100
AcDbEntity
  8
SUIT-00-06_PBL1
  6
Continuous
 62
     7
100
AcDbLine
 10
526.8817303493
 20
525.1015771591001
 30
0.0
 11
526.8817303493
 21
532.1015771591001
 31
0.0
  0
LINE
  5
224
330
206
100
AcDbEntity
  8
SUIT-00-06_PBL1
  6
Continuous
 62
     7
100
AcDbLine
 10
530.5379553493
 20
444.1385771591
 30
0.0
 11
530.5379553493
 21
456.6385771591
 31
0.0
  0
LINE
  5
225
330
206
100
AcDbEntity
  8
SUIT-00-06_PBL1
  6
Continuous
 62
     7
100
AcDbLine
 10
531.7879553493
 20
458.1385771591
 30
0.0
 11
531.7879553493
 21
444.1385771591
 31
0.0
  0
LINE
  5
226
330
206
100
AcDbEntity
  8
SUIT-00-06_PBL1
  6
Continuous
 62
     7
100
AcDbLine
 10
533.8817303493
 20
539.1015771591001
 30
0.0
 11
533.8817303493
 21
525.1015771591001
 31
0.0
  0
LINE
  5
227
330
206
100
AcDbEntity
  8
SUIT-00-06_PBL1
  6
Continuous
 62
     7
100
AcDbLine
 10
533.8817303493
 20
515.2815771591
 30
0.0
 11
533.8817303493
 21
501.2815771591
 31
0.0
  0
LINE
  5
228
330
206
100
AcDbEntity
  8
SUIT-00-06_PBL1
  6
Continuous
 62
     7
100
AcDbLine
 10
538.6442303493
 20
425.0890771591
 30
0.0
 11
538.6442303493
 21
439.0890771591
 31
0.0
  0
LINE
  5
229
330
206
100
AcDbEntity
  8
SUIT-00-06_PBL1
  6
Continuous
 62
     7
100
AcDbLine
 10
538.6542303493
 20
496.2315771591
 30
0.0
 11
538.6542303493
 21
482.2315771591
 31
0.0
  0
LINE
  5
22A
330
206
100
AcDbEntity
  8
SUIT-00-06_PBL1
  6
Continuous
 62
     7
100
AcDbLine
 10
538.9317303493
 20
501.2815771591
 30
0.0
 11
538.9317303493
 21
515.2815771591
 31
0.0
  0
LINE
  5
22B
330
206
100
AcDbEntity
  8
SUIT-00-06_PBL1
  6
Continuous
 62
     7
100
AcDbLine
 10
541.0354803493
 20
477.1815771591
 30
0.0
 11
541.0354803493
 21
463.1815771591
 31
0.0
  0
LINE
  5
22C
330
206
100
AcDbEntity
  8
SUIT-00-06_PBL1
  6
Continuous
 62
     7
100
AcDbLine
 10
543.6942303493
 20
525.1015771591001
 30
0.0
 11
543.6942303493
 21
539.1015771591001
 31
0.0
  0
LINE
  5
22D
330
206
100
AcDbEntity
  8
SUIT-00-06_PBL1
  6
Continuous
 62
     7
100
AcDbLine
 10
545.7879553493
 20
444.1385771591
 30
0.0
 11
545.7879553493
 21
458.1385771591
 31
0.0
  0
LINE
  5
22E
330
206
100
AcDbEntity
  8
SUIT-00-06_PBL1
  6
Continuous
 62
     7
100
AcDbLine
 10
547.0379553493
 20
456.6385771591
 30
0.0
 11
547.0379553493
 21
444.1385771591
 31
0.0
  0
LINE
  5
22F
330
206
100
AcDbEntity
  8
SUIT-00-06_PBL1
  6
Continuous
 62
     7
100
AcDbLine
 10
548.4667303493
 20
482.2315771591
 30
0.0
 11
548.4667303493
 21
496.2315771591
 31
0.0
  0
LINE
  5
230
330
206
100
AcDbEntity
  8
SUIT-00-06_PBL1
  6
Continuous
 62
     7
100
AcDbLine
 10
552.9317303493
 20
515.2815771591
 30
0.0
 11
552.9317303493
 21
501.2815771591
 31
0.0
  0
LINE
  5
231
330
206
100
AcDbEntity
  8
SUIT-00-06_PBL1
  6
Continuous
 62
     7
100
AcDbLine
 10
553.2292303493
 20
463.1815771591
 30
0.0
 11
553.2292303493
 21
477.1815771591
 31
0.0
  0
LINE
  5
232
330
206
100
AcDbEntity
  8
SUIT-00-06_PBL1
  6
Continuous
 62
     7
100
AcDbLine
 10
554.3379553493
 20
444.1385771591
 30
0.0
 11
554.3379553493
 21
456.6385771591
 31
0.0
  0
LINE
  5
233
330
206
100
AcDbEntity
  8
SUIT-00-06_PBL1
  6
Continuous
 62
     7
100
AcDbLine
 10
557.6942303493
 20
539.1015771591001
 30
0.0
 11
557.6942303493
 21
525.1015771591001
 31
0.0
  0
LINE
  5
234
330
206
100
AcDbEntity
  8
SUIT-00-06_PBL1
  6
Continuous
 62
     7
100
AcDbLine
 10
557.9817303493
 20
501.2815771591
 30
0.0
 11
557.9817303493
 21
515.2815771591
 31
0.0
  0
LINE
  5
235
330
206
100
AcDbEntity
  8
SUIT-00-06_PBL1
  6
Continuous
 62
     7
100
AcDbLine
 10
562.4667303493
 20
496.2315771591
 30
0.0
 11
562.4667303493
 21
482.2315771591
 31
0.0
  0
LINE
  5
236
330
206
100
AcDbEntity
  8
SUIT-00-06_PBL1
  6
Continuous
 62
     7
100
AcDbLine
 10
562.7442303493
 20
525.1015771591001
 30
0.0
 11
562.7442303493
 21
539.1015771591001
 31
0.0
  0
LINE
  5
237
330
206
100
AcDbEntity
  8
SUIT-00-06_PBL1
  6
Continuous
 62
     7
100
AcDbLine
 10
562.7542303493
 20
444.1215771591
 30
0.0
 11
562.7542303493
 21
458.1215771591
 31
0.0
  0
LINE
  5
238
330
206
100
AcDbEntity
  8
SUIT-00-06_PBL1
  6
Continuous
 62
     7
100
AcDbLine
 10
567.2292303493
 20
477.1815771591
 30
0.0
 11
567.2292303493
 21
463.1815771591
 31
0.0
  0
LINE
  5
239
330
206
100
AcDbEntity
  8
SUIT-00-06_PBL1
  6
Continuous
 62
     7
100
AcDbLine
 10
567.5167303493
 20
482.2315771591
 30
0.0
 11
567.5167303493
 21
496.2315771591
 31
0.0
  0
LINE
  5
23A
330
206
100
AcDbEntity
  8
SUIT-00-06_PBL1
  6
Continuous
 62
     7
100
AcDbLine
 10
571.9817303493
 20
515.2815771591
 30
0.0
 11
571.9817303493
 21
501.2815771591
 31
0.0
  0
LINE
  5
23B
330
206
100
AcDbEntity
  8
SUIT-00-06_PBL1
  6
Continuous
 62
     7
100
AcDbLine
 10
572.2692303493
 20
439.0890771591
 30
0.0
 11
572.2692303493
 21
425.0890771591
 31
0.0
  0
LINE
  5
23C
330
206
100
AcDbEntity
  8
SUIT-00-06_PBL1
  6
Continuous
 62
     7
100
AcDbLine
 10
572.2792303493
 20
463.1815771591
 30
0.0
 11
572.2792303493
 21
477.1815771591
 31
0.0
  0
LINE
  5
23D
330
206
100
AcDbEntity
  8
SUIT-00-06_PBL1
  6
Continuous
 62
     7
100
AcDbLine
 10
575.8817303493
 20
418.6015771591
 30
0.0
 11
575.8817303493
 21
420.1015771591
 31
0.0
  0
LINE
  5
23E
330
206
100
AcDbEntity
  8
SUIT-00-06_PBL1
  6
Continuous
 62
     7
100
AcDbLine
 10
575.8817303493
 20
544.6015771591001
 30
0.0
 11
575.8817303493
 21
546.1015771591001
 31
0.0
  0
LINE
  5
23F
330
206
100
AcDbEntity
  8
SUIT-00-06_PBL1
  6
Continuous
 62
     7
100
AcDbLine
 10
576.7442303493
 20
539.1015771591001
 30
0.0
 11
576.7442303493
 21
525.1015771591001
 31
0.0
  0
LINE
  5
240
330
206
100
AcDbEntity
  8
SUIT-00-06_PBL1
  6
Continuous
 62
     7
100
AcDbLine
 10
576.7542303493
 20
458.1215771591
 30
0.0
 11
576.7542303493
 21
444.1215771591
 31
0.0
  0
LINE
  5
241
330
206
100
AcDbEntity
  8
SUIT-00-06_PBL1
  6
Continuous
 62
     7
100
AcDbLine
 10
577.0317303493
 20
501.2815771591
 30
0.0
 11
577.0317303493
 21
515.2815771591
 31
0.0
  0
LINE
  5
242
330
206
100
AcDbEntity
  8
SUIT-00-06_PBL1
  6
Continuous
 62
     7
100
AcDbLine
 10
581.5167303493
 20
496.2315771591
 30
0.0
 11
581.5167303493
 21
482.2315771591
 31
0.0
  0
LINE
  5
243
330
206
100
AcDbEntity
  8
SUIT-00-06_PBL1
  6
Continuous
 62
     7
100
AcDbLine
 10
581.8042303493
 20
444.1215771591
 30
0.0
 11
581.8042303493
 21
458.1215771591
 31
0.0
  0
LINE
  5
244
330
206
100
AcDbEntity
  8
SUIT-00-06_PBL1
  6
Continuous
 62
     7
100
AcDbLine
 10
581.8042303493
 20
525.1015771591001
 30
0.0
 11
581.8042303493
 21
539.1015771591001
 31
0.0
  0
LINE
  5
245
330
206
100
AcDbEntity
  8
SUIT-00-06_PBL1
  6
Continuous
 62
     7
100
AcDbLine
 10
586.2692303493
 20
425.0890771591
 30
0.0
 11
586.2692303493
 21
439.0890771591
 31
0.0
  0
LINE
  5
246
330
206
100
AcDbEntity
  8
SUIT-00-06_PBL1
  6
Continuous
 62
     7
100
AcDbLine
 10
586.2792303493
 20
477.1815771591
 30
0.0
 11
586.2792303493
 21
463.1815771591
 31
0.0
  0
LINE
  5
247
330
206
100
AcDbEntity
  8
SUIT-00-06_PBL1
  6
Continuous
 62
     7
100
AcDbLine
 10
586.5667303493
 20
482.2315771591
 30
0.0
 11
586.5667303493
 21
496.2315771591
 31
0.0
  0
LINE
  5
248
330
206
100
AcDbEntity
  8
SUIT-00-06_PBL1
  6
Continuous
 62
     7
100
AcDbLine
 10
587.1917303493
 20
546.1015771591001
 30
0.0
 11
587.1917303493
 21
544.6015771591001
 31
0.0
  0
LINE
  5
249
330
206
100
AcDbEntity
  8
SUIT-00-06_PBL1
  6
Continuous
 62
     7
100
AcDbLine
 10
587.1917303493
 20
420.1015771591
 30
0.0
 11
587.1917303493
 21
418.6015771591
 31
0.0
  0
LINE
  5
24A
330
206
100
AcDbEntity
  8
SUIT-00-06_PBL1
  6
Continuous
 62
     7
100
AcDbLine
 10
591.0317303493
 20
515.2815771591
 30
0.0
 11
591.0317303493
 21
501.2815771591
 31
0.0
  0
LINE
  5
24B
330
206
100
AcDbEntity
  8
SUIT-00-06_PBL1
  6
Continuous
 62
     7
100
AcDbLine
 10
591.3292303493
 20
463.1815771591
 30
0.0
 11
591.3292303493
 21
477.1815771591
 31
0.0
  0
LINE
  5
24C
330
206
100
AcDbEntity
  8
SUIT-00-06_PBL1
  6
Continuous
 62
     7
100
AcDbLine
 10
595.8042303493
 20
539.1015771591001
 30
0.0
 11
595.8042303493
 21
525.1015771591001
 31
0.0
  0
LINE
  5
24D
330
206
100
AcDbEntity
  8
SUIT-00-06_PBL1
  6
Continuous
 62
     7
100
AcDbLine
 10
595.8042303493
 20
458.1215771591
 30
0.0
 11
595.8042303493
 21
444.1215771591
 31
0.0
  0
LINE
  5
24E
330
206
100
AcDbEntity
  8
SUIT-00-06_PBL1
  6
Continuous
 62
     7
100
AcDbLine
 10
596.0917303493
 20
501.2815771591
 30
0.0
 11
596.0917303493
 21
515.2815771591
 31
0.0
  0
LINE
  5
24F
330
206
100
AcDbEntity
  8
SUIT-00-06_PBL1
  6
Continuous
 62
     7
100
AcDbLine
 10
599.4317303493
 20
439.0890771591
 30
0.0
 11
599.4317303493
 21
426.5890771591
 31
0.0
  0
LINE
  5
250
330
206
100
AcDbEntity
  8
SUIT-00-06_PBL1
  6
Continuous
 62
     7
100
AcDbLine
 10
600.5667303493
 20
496.2315771591
 30
0.0
 11
600.5667303493
 21
482.2315771591
 31
0.0
  0
LINE
  5
251
330
206
100
AcDbEntity
  8
SUIT-00-06_PBL1
  6
Continuous
 62
     7
100
AcDbLine
 10
600.8542303493
 20
444.1215771591
 30
0.0
 11
600.8542303493
 21
458.1215771591
 31
0.0
  0
LINE
  5
252
330
206
100
AcDbEntity
  8
SUIT-00-06_PBL1
  6
Continuous
 62
     7
100
AcDbLine
 10
600.8542303493
 20
525.1015771591001
 30
0.0
 11
600.8542303493
 21
539.1015771591001
 31
0.0
  0
LINE
  5
253
330
206
100
AcDbEntity
  8
SUIT-00-06_PBL1
  6
Continuous
 62
     7
100
AcDbLine
 10
605.3292303493
 20
477.1815771591
 30
0.0
 11
605.3292303493
 21
463.1815771591
 31
0.0
  0
LINE
  5
254
330
206
100
AcDbEntity
  8
SUIT-00-06_PBL1
  6
Continuous
 62
     7
100
AcDbLine
 10
605.6167303493
 20
482.2315771591
 30
0.0
 11
605.6167303493
 21
496.2315771591
 31
0.0
  0
LINE
  5
255
330
206
100
AcDbEntity
  8
SUIT-00-06_PBL1
  6
Continuous
 62
     7
100
AcDbLine
 10
606.7317303493
 20
426.5890771591
 30
0.0
 11
606.7317303493
 21
439.0890771591
 31
0.0
  0
LINE
  5
256
330
206
100
AcDbEntity
  8
SUIT-00-06_PBL1
  6
Continuous
 62
     7
100
AcDbLine
 10
610.0917303493
 20
515.2815771591
 30
0.0
 11
610.0917303493
 21
501.2815771591
 31
0.0
  0
LINE
  5
257
330
206
100
AcDbEntity
  8
SUIT-00-06_PBL1
  6
Continuous
 62
     7
100
AcDbLine
 10
610.3792303493
 20
463.1815771591
 30
0.0
 11
610.3792303493
 21
477.1815771591
 31
0.0
  0
LINE
  5
258
330
206
100
AcDbEntity
  8
SUIT-00-06_PBL1
  6
Continuous
 62
     7
100
AcDbLine
 10
614.8542303493
 20
539.1015771591001
 30
0.0
 11
614.8542303493
 21
525.1015771591001
 31
0.0
  0
LINE
  5
259
330
206
100
AcDbEntity
  8
SUIT-00-06_PBL1
  6
Continuous
 62
     7
100
AcDbLine
 10
614.8542303493
 20
458.1215771591
 30
0.0
 11
614.8542303493
 21
444.1215771591
 31
0.0
  0
LINE
  5
25A
330
206
100
AcDbEntity
  8
SUIT-00-06_PBL1
  6
Continuous
 62
     7
100
AcDbLine
 10
615.1417303493
 20
501.2815771591
 30
0.0
 11
615.1417303493
 21
515.2815771591
 31
0.0
  0
LINE
  5
25B
330
206
100
AcDbEntity
  8
SUIT-00-06_PBL1
  6
Continuous
 62
     7
100
AcDbLine
 10
619.6167303493
 20
496.2315771591
 30
0.0
 11
619.6167303493
 21
482.2315771591
 31
0.0
  0
LINE
  5
25C
330
206
100
AcDbEntity
  8
SUIT-00-06_PBL1
  6
Continuous
 62
     7
100
AcDbLine
 10
619.9042303493
 20
444.1215771591
 30
0.0
 11
619.9042303493
 21
458.1215771591
 31
0.0
  0
LINE
  5
25D
330
206
100
AcDbEntity
  8
SUIT-00-06_PBL1
  6
Continuous
 62
     7
100
AcDbLine
 10
624.3792303493
 20
477.1815771591
 30
0.0
 11
624.3792303493
 21
463.1815771591
 31
0.0
  0
LINE
  5
25E
330
206
100
AcDbEntity
  8
SUIT-00-06_PBL1
  6
Continuous
 62
     7
100
AcDbLine
 10
624.6667303493
 20
482.2315771591
 30
0.0
 11
624.6667303493
 21
496.2315771591
 31
0.0
  0
LINE
  5
25F
330
206
100
AcDbEntity
  8
SUIT-00-06_PBL1
  6
Continuous
 62
     7
100
AcDbLine
 10
624.6667303493
 20
525.1015771591001
 30
0.0
 11
624.6667303493
 21
539.1015771591001
 31
0.0
  0
LINE
  5
260
330
206
100
AcDbEntity
  8
SUIT-00-06_PBL1
  6
Continuous
 62
     7
100
AcDbLine
 10
629.1417303493
 20
515.2815771591
 30
0.0
 11
629.1417303493
 21
501.2815771591
 31
0.0
  0
LINE
  5
261
330
206
100
AcDbEntity
  8
SUIT-00-06_PBL1
  6
Continuous
 62
     7
100
AcDbLine
 10
629.4292303493
 20
463.1815771591
 30
0.0
 11
629.4292303493
 21
477.1815771591
 31
0.0
  0
LINE
  5
262
330
206
100
AcDbEntity
  8
SUIT-00-06_PBL1
  6
Continuous
 62
     7
100
AcDbLine
 10
519.8817303493
 20
417.6015771591
 30
0.0
 11
574.8817303493
 21
417.6015771591
 31
0.0
  0
LINE
  5
263
330
206
100
AcDbEntity
  8
SUIT-00-06_PBL1
  6
Continuous
 62
     7
100
AcDbLine
 10
588.1917303493
 20
417.6015771591
 30
0.0
 11
684.1917303493
 21
417.6015771591
 31
0.0
  0
LINE
  5
264
330
206
100
AcDbEntity
  8
SUIT-00-06_PBL1
  6
Continuous
 62
     7
100
AcDbLine
 10
698.1917303493
 20
417.6015771591
 30
0.0
 11
794.1917303493
 21
417.6015771591
 31
0.0
  0
LINE
  5
265
330
206
100
AcDbEntity
  8
SUIT-00-06_PBL1
  6
Continuous
 62
     7
100
AcDbLine
 10
807.5017303492999
 20
417.6015771591
 30
0.0
 11
862.5017303492999
 21
417.6015771591
 31
0.0
  0
LINE
  5
266
330
206
100
AcDbEntity
  8
SUIT-00-06_PBL1
  6
Continuous
 62
     7
100
AcDbLine
 10
519.8817303493
 20
421.1015771591
 30
0.0
 11
531.8817303493
 21
421.1015771591
 31
0.0
  0
LINE
  5
267
330
206
100
AcDbEntity
  8
SUIT-00-06_PBL1
  6
Continuous
 62
     7
100
AcDbLine
 10
562.8817303493
 20
421.1015771591
 30
0.0
 11
574.8817303493
 21
421.1015771591
 31
0.0
  0
LINE
  5
268
330
206
100
AcDbEntity
  8
SUIT-00-06_PBL1
  6
Continuous
 62
     7
100
AcDbLine
 10
588.1917303493
 20
421.1015771591
 30
0.0
 11
602.6917303493
 21
421.1015771591
 31
0.0
  0
LINE
  5
269
330
206
100
AcDbEntity
  8
SUIT-00-06_PBL1
  6
Continuous
 62
     7
100
AcDbLine
 10
669.6917303493
 20
421.1015771591
 30
0.0
 11
684.1917303493
 21
421.1015771591
 31
0.0
  0
LINE
  5
26A
330
206
100
AcDbEntity
  8
SUIT-00-06_PBL1
  6
Continuous
 62
     7
100
AcDbLine
 10
698.1917303493
 20
421.1015771591
 30
0.0
 11
712.6917303493
 21
421.1015771591
 31
0.0
  0
LINE
  5
26B
330
206
100
AcDbEntity
  8
SUIT-00-06_PBL1
  6
Continuous
 62
     7
100
AcDbLine
 10
779.6917303493
 20
421.1015771591
 30
0.0
 11
794.1917303493
 21
421.1015771591
 31
0.0
  0
LINE
  5
26C
330
206
100
AcDbEntity
  8
SUIT-00-06_PBL1
  6
Continuous
 62
     7
100
AcDbLine
 10
807.5017303492999
 20
421.1015771591
 30
0.0
 11
819.5017303492999
 21
421.1015771591
 31
0.0
  0
LINE
  5
26D
330
206
100
AcDbEntity
  8
SUIT-00-06_PBL1
  6
Continuous
 62
     7
100
AcDbLine
 10
850.5017303492999
 20
421.1015771591
 30
0.0
 11
862.5017303492999
 21
421.1015771591
 31
0.0
  0
LINE
  5
26E
330
206
100
AcDbEntity
  8
SUIT-00-06_PBL1
  6
Continuous
 62
     7
100
AcDbLine
 10
633.9042303493
 20
458.1215771591
 30
0.0
 11
633.9042303493
 21
444.1215771591
 31
0.0
  0
LINE
  5
26F
330
206
100
AcDbEntity
  8
SUIT-00-06_PBL1
  6
Continuous
 62
     7
100
AcDbLine
 10
634.1917303493
 20
501.2815771591
 30
0.0
 11
634.1917303493
 21
515.2815771591
 31
0.0
  0
LINE
  5
270
330
206
100
AcDbEntity
  8
SUIT-00-06_PBL1
  6
Continuous
 62
     7
100
AcDbLine
 10
638.6667303493
 20
539.1015771591001
 30
0.0
 11
638.6667303493
 21
525.1015771591001
 31
0.0
  0
LINE
  5
271
330
206
100
AcDbEntity
  8
SUIT-00-06_PBL1
  6
Continuous
 62
     7
100
AcDbLine
 10
638.6667303493
 20
496.2315771591
 30
0.0
 11
638.6667303493
 21
482.2315771591
 31
0.0
  0
LINE
  5
272
330
206
100
AcDbEntity
  8
SUIT-00-06_PBL1
  6
Continuous
 62
     7
100
AcDbLine
 10
638.9542303493
 20
444.1215771591
 30
0.0
 11
638.9542303493
 21
458.1215771591
 31
0.0
  0
LINE
  5
273
330
206
100
AcDbEntity
  8
SUIT-00-06_PBL1
  6
Continuous
 62
     7
100
AcDbLine
 10
517.8817303493
 20
422.1015771591
 30
0.0
 11
531.8817303493
 21
422.1015771591
 31
0.0
  0
LINE
  5
274
330
206
100
AcDbEntity
  8
SUIT-00-06_PBL1
  6
Continuous
 62
     7
100
AcDbLine
 10
562.8817303493
 20
422.1015771591
 30
0.0
 11
602.6917303493
 21
422.1015771591
 31
0.0
  0
LINE
  5
275
330
206
100
AcDbEntity
  8
SUIT-00-06_PBL1
  6
Continuous
 62
     7
100
AcDbLine
 10
669.6917303493
 20
422.1015771591
 30
0.0
 11
712.6917303493
 21
422.1015771591
 31
0.0
  0
LINE
  5
276
330
206
100
AcDbEntity
  8
SUIT-00-06_PBL1
  6
Continuous
 62
     7
100
AcDbLine
 10
779.6917303493
 20
422.1015771591
 30
0.0
 11
819.5017303492999
 21
422.1015771591
 31
0.0
  0
LINE
  5
277
330
206
100
AcDbEntity
  8
SUIT-00-06_PBL1
  6
Continuous
 62
     7
100
AcDbLine
 10
850.5017303492999
 20
422.1015771591
 30
0.0
 11
864.5017303492999
 21
422.1015771591
 31
0.0
  0
LINE
  5
278
330
206
100
AcDbEntity
  8
SUIT-00-06_PBL1
  6
Continuous
 62
     7
100
AcDbLine
 10
862.5017303492999
 20
425.0715771591001
 30
0.0
 11
848.5017303492999
 21
425.0715771591001
 31
0.0
  0
LINE
  5
279
330
206
100
AcDbEntity
  8
SUIT-00-06_PBL1
  6
Continuous
 62
     7
100
AcDbLine
 10
843.4517303493
 20
425.0715771591001
 30
0.0
 11
829.4517303493
 21
425.0715771591001
 31
0.0
  0
LINE
  5
27A
330
206
100
AcDbEntity
  8
SUIT-00-06_PBL1
  6
Continuous
 62
     7
100
AcDbLine
 10
824.4017303492999
 20
425.0715771591001
 30
0.0
 11
810.4017303492999
 21
425.0715771591001
 31
0.0
  0
LINE
  5
27B
330
206
100
AcDbEntity
  8
SUIT-00-06_PBL1
  6
Continuous
 62
     7
100
AcDbLine
 10
524.6442303493
 20
425.0890771591
 30
0.0
 11
538.6442303493
 21
425.0890771591
 31
0.0
  0
LINE
  5
27C
330
206
100
AcDbEntity
  8
SUIT-00-06_PBL1
  6
Continuous
 62
     7
100
AcDbLine
 10
572.2692303493
 20
425.0890771591
 30
0.0
 11
586.2692303493
 21
425.0890771591
 31
0.0
  0
LINE
  5
27D
330
206
100
AcDbEntity
  8
SUIT-00-06_PBL1
  6
Continuous
 62
     7
100
AcDbLine
 10
653.2317303493
 20
425.0890771591
 30
0.0
 11
667.2317303493
 21
425.0890771591
 31
0.0
  0
LINE
  5
27E
330
206
100
AcDbEntity
  8
SUIT-00-06_PBL1
  6
Continuous
 62
     7
100
AcDbLine
 10
734.1942303492999
 20
425.0890771591
 30
0.0
 11
748.1942303492999
 21
425.0890771591
 31
0.0
  0
LINE
  5
27F
330
206
100
AcDbEntity
  8
SUIT-00-06_PBL1
  6
Continuous
 62
     7
100
AcDbLine
 10
781.8192303492999
 20
425.0890771591
 30
0.0
 11
795.8192303492999
 21
425.0890771591
 31
0.0
  0
LINE
  5
280
330
206
100
AcDbEntity
  8
SUIT-00-06_PBL1
  6
Continuous
 62
     7
100
AcDbLine
 10
600.4317303493
 20
425.5890771591
 30
0.0
 11
605.7317303493
 21
425.5890771591
 31
0.0
  0
LINE
  5
281
330
206
100
AcDbEntity
  8
SUIT-00-06_PBL1
  6
Continuous
 62
     7
100
AcDbLine
 10
714.7317303492999
 20
425.5890771591
 30
0.0
 11
720.0317303492999
 21
425.5890771591
 31
0.0
  0
LINE
  5
282
330
206
100
AcDbEntity
  8
SUIT-00-06_PBL1
  6
Continuous
 62
     7
100
AcDbLine
 10
611.7317303493
 20
431.3390771591
 30
0.0
 11
648.2317303493
 21
431.3390771591
 31
0.0
  0
LINE
  5
283
330
206
100
AcDbEntity
  8
SUIT-00-06_PBL1
  6
Continuous
 62
     7
100
AcDbLine
 10
672.2317303493
 20
431.3390771591
 30
0.0
 11
708.7317303492999
 21
431.3390771591
 31
0.0
  0
LINE
  5
284
330
206
100
AcDbEntity
  8
SUIT-00-06_PBL1
  6
Continuous
 62
     7
100
AcDbLine
 10
708.7317303492999
 20
432.8390771591
 30
0.0
 11
672.2317303493
 21
432.8390771591
 31
0.0
  0
LINE
  5
285
330
206
100
AcDbEntity
  8
SUIT-00-06_PBL1
  6
Continuous
 62
     7
100
AcDbLine
 10
648.2317303493
 20
432.8390771591
 30
0.0
 11
611.7317303493
 21
432.8390771591
 31
0.0
  0
LINE
  5
286
330
206
100
AcDbEntity
  8
SUIT-00-06_PBL1
  6
Continuous
 62
     7
100
AcDbLine
 10
643.4292303493
 20
477.1815771591
 30
0.0
 11
643.4292303493
 21
463.1815771591
 31
0.0
  0
LINE
  5
287
330
206
100
AcDbEntity
  8
SUIT-00-06_PBL1
  6
Continuous
 62
     7
100
AcDbLine
 10
643.7167303493
 20
482.2315771591
 30
0.0
 11
643.7167303493
 21
496.2315771591
 31
0.0
  0
LINE
  5
288
330
206
100
AcDbEntity
  8
SUIT-00-06_PBL1
  6
Continuous
 62
     7
100
AcDbLine
 10
643.7167303493
 20
525.1015771591001
 30
0.0
 11
643.7167303493
 21
539.1015771591001
 31
0.0
  0
LINE
  5
289
330
206
100
AcDbEntity
  8
SUIT-00-06_PBL1
  6
Continuous
 62
     7
100
AcDbLine
 10
648.1917303493
 20
515.2815771591
 30
0.0
 11
648.1917303493
 21
501.2815771591
 31
0.0
  0
LINE
  5
28A
330
206
100
AcDbEntity
  8
SUIT-00-06_PBL1
  6
Continuous
 62
     7
100
AcDbLine
 10
648.4792303493
 20
463.1815771591
 30
0.0
 11
648.4792303493
 21
477.1815771591
 31
0.0
  0
LINE
  5
28B
330
206
100
AcDbEntity
  8
SUIT-00-06_PBL1
  6
Continuous
 62
     7
100
AcDbLine
 10
652.9542303493
 20
458.1215771591
 30
0.0
 11
652.9542303493
 21
444.1215771591
 31
0.0
  0
LINE
  5
28C
330
206
100
AcDbEntity
  8
SUIT-00-06_PBL1
  6
Continuous
 62
     7
100
AcDbLine
 10
653.2317303493
 20
439.0890771591
 30
0.0
 11
653.2317303493
 21
425.0890771591
 31
0.0
  0
LINE
  5
28D
330
206
100
AcDbEntity
  8
SUIT-00-06_PBL1
  6
Continuous
 62
     7
100
AcDbLine
 10
653.2417303493
 20
501.2815771591
 30
0.0
 11
653.2417303493
 21
515.2815771591
 31
0.0
  0
LINE
  5
28E
330
206
100
AcDbEntity
  8
SUIT-00-06_PBL1
  6
Continuous
 62
     7
100
AcDbLine
 10
810.4017303492999
 20
439.0715771591001
 30
0.0
 11
824.4017303492999
 21
439.0715771591001
 31
0.0
  0
LINE
  5
28F
330
206
100
AcDbEntity
  8
SUIT-00-06_PBL1
  6
Continuous
 62
     7
100
AcDbLine
 10
829.4517303493
 20
439.0715771591001
 30
0.0
 11
843.4517303493
 21
439.0715771591001
 31
0.0
  0
LINE
  5
290
330
206
100
AcDbEntity
  8
SUIT-00-06_PBL1
  6
Continuous
 62
     7
100
AcDbLine
 10
848.5017303492999
 20
439.0715771591001
 30
0.0
 11
862.5017303492999
 21
439.0715771591001
 31
0.0
  0
LINE
  5
291
330
206
100
AcDbEntity
  8
SUIT-00-06_PBL1
  6
Continuous
 62
     7
100
AcDbLine
 10
795.8192303492999
 20
439.0890771591
 30
0.0
 11
781.8192303492999
 21
439.0890771591
 31
0.0
  0
LINE
  5
292
330
206
100
AcDbEntity
  8
SUIT-00-06_PBL1
  6
Continuous
 62
     7
100
AcDbLine
 10
748.1942303492999
 20
439.0890771591
 30
0.0
 11
734.1942303492999
 21
439.0890771591
 31
0.0
  0
LINE
  5
293
330
206
100
AcDbEntity
  8
SUIT-00-06_PBL1
  6
Continuous
 62
     7
100
AcDbLine
 10
667.2317303493
 20
439.0890771591
 30
0.0
 11
653.2317303493
 21
439.0890771591
 31
0.0
  0
LINE
  5
294
330
206
100
AcDbEntity
  8
SUIT-00-06_PBL1
  6
Continuous
 62
     7
100
AcDbLine
 10
586.2692303493
 20
439.0890771591
 30
0.0
 11
572.2692303493
 21
439.0890771591
 31
0.0
  0
LINE
  5
295
330
206
100
AcDbEntity
  8
SUIT-00-06_PBL1
  6
Continuous
 62
     7
100
AcDbLine
 10
538.6442303493
 20
439.0890771591
 30
0.0
 11
524.6442303493
 21
439.0890771591
 31
0.0
  0
LINE
  5
296
330
206
100
AcDbEntity
  8
SUIT-00-06_PBL1
  6
Continuous
 62
     7
100
AcDbLine
 10
720.0317303492999
 20
440.0890771591
 30
0.0
 11
714.7317303492999
 21
440.0890771591
 31
0.0
  0
LINE
  5
297
330
206
100
AcDbEntity
  8
SUIT-00-06_PBL1
  6
Continuous
 62
     7
100
AcDbLine
 10
605.7317303493
 20
440.0890771591
 30
0.0
 11
600.4317303493
 21
440.0890771591
 31
0.0
  0
LINE
  5
298
330
206
100
AcDbEntity
  8
SUIT-00-06_PBL1
  6
Continuous
 62
     7
100
AcDbLine
 10
791.4729803493
 20
443.1215771591
 30
0.0
 11
786.1729803492999
 21
443.1215771591
 31
0.0
  0
LINE
  5
299
330
206
100
AcDbEntity
  8
SUIT-00-06_PBL1
  6
Continuous
 62
     7
100
AcDbLine
 10
767.6729803492999
 20
443.1215771591
 30
0.0
 11
762.3729803493
 21
443.1215771591
 31
0.0
  0
LINE
  5
29A
330
206
100
AcDbEntity
  8
SUIT-00-06_PBL1
  6
Continuous
 62
     7
100
AcDbLine
 10
524.2379553493
 20
443.1385771591
 30
0.0
 11
529.5379553493
 21
443.1385771591
 31
0.0
  0
LINE
  5
29B
330
206
100
AcDbEntity
  8
SUIT-00-06_PBL1
  6
Continuous
 62
     7
100
AcDbLine
 10
548.0379553493
 20
443.1385771591
 30
0.0
 11
553.3379553493
 21
443.1385771591
 31
0.0
  0
LINE
  5
29C
330
206
100
AcDbEntity
  8
SUIT-00-06_PBL1
  6
Continuous
 62
     7
100
AcDbLine
 10
843.4517303493
 20
444.1215771591
 30
0.0
 11
829.4517303493
 21
444.1215771591
 31
0.0
  0
LINE
  5
29D
330
206
100
AcDbEntity
  8
SUIT-00-06_PBL1
  6
Continuous
 62
     7
100
AcDbLine
 10
783.9229803492999
 20
444.1215771591
 30
0.0
 11
769.9229803492999
 21
444.1215771591
 31
0.0
  0
LINE
  5
29E
330
206
100
AcDbEntity
  8
SUIT-00-06_PBL1
  6
Continuous
 62
     7
100
AcDbLine
 10
748.2042303492999
 20
444.1215771591
 30
0.0
 11
734.2042303492999
 21
444.1215771591
 31
0.0
  0
LINE
  5
29F
330
206
100
AcDbEntity
  8
SUIT-00-06_PBL1
  6
Continuous
 62
     7
100
AcDbLine
 10
729.1542303493
 20
444.1215771591
 30
0.0
 11
715.1542303493
 21
444.1215771591
 31
0.0
  0
LINE
  5
2A0
330
206
100
AcDbEntity
  8
SUIT-00-06_PBL1
  6
Continuous
 62
     7
100
AcDbLine
 10
710.1042303492999
 20
444.1215771591
 30
0.0
 11
696.1042303492999
 21
444.1215771591
 31
0.0
  0
LINE
  5
2A1
330
206
100
AcDbEntity
  8
SUIT-00-06_PBL1
  6
Continuous
 62
     7
100
AcDbLine
 10
691.0542303492999
 20
444.1215771591
 30
0.0
 11
677.0542303493
 21
444.1215771591
 31
0.0
  0
LINE
  5
2A2
330
206
100
AcDbEntity
  8
SUIT-00-06_PBL1
  6
Continuous
 62
     7
100
AcDbLine
 10
672.0042303493
 20
444.1215771591
 30
0.0
 11
658.0042303493
 21
444.1215771591
 31
0.0
  0
LINE
  5
2A3
330
206
100
AcDbEntity
  8
SUIT-00-06_PBL1
  6
Continuous
 62
     7
100
AcDbLine
 10
652.9542303493
 20
444.1215771591
 30
0.0
 11
638.9542303493
 21
444.1215771591
 31
0.0
  0
LINE
  5
2A4
330
206
100
AcDbEntity
  8
SUIT-00-06_PBL1
  6
Continuous
 62
     7
100
AcDbLine
 10
633.9042303493
 20
444.1215771591
 30
0.0
 11
619.9042303493
 21
444.1215771591
 31
0.0
  0
LINE
  5
2A5
330
206
100
AcDbEntity
  8
SUIT-00-06_PBL1
  6
Continuous
 62
     7
100
AcDbLine
 10
614.8542303493
 20
444.1215771591
 30
0.0
 11
600.8542303493
 21
444.1215771591
 31
0.0
  0
LINE
  5
2A6
330
206
100
AcDbEntity
  8
SUIT-00-06_PBL1
  6
Continuous
 62
     7
100
AcDbLine
 10
595.8042303493
 20
444.1215771591
 30
0.0
 11
581.8042303493
 21
444.1215771591
 31
0.0
  0
LINE
  5
2A7
330
206
100
AcDbEntity
  8
SUIT-00-06_PBL1
  6
Continuous
 62
     7
100
AcDbLine
 10
576.7542303493
 20
444.1215771591
 30
0.0
 11
562.7542303493
 21
444.1215771591
 31
0.0
  0
LINE
  5
2A8
330
206
100
AcDbEntity
  8
SUIT-00-06_PBL1
  6
Continuous
 62
     7
100
AcDbLine
 10
531.7879553493
 20
444.1385771591
 30
0.0
 11
545.7879553493
 21
444.1385771591
 31
0.0
  0
LINE
  5
2A9
330
206
100
AcDbEntity
  8
SUIT-00-06_PBL1
  6
Continuous
 62
     7
100
AcDbLine
 10
657.7167303493
 20
539.1015771591001
 30
0.0
 11
657.7167303493
 21
525.1015771591001
 31
0.0
  0
LINE
  5
2AA
330
206
100
AcDbEntity
  8
SUIT-00-06_PBL1
  6
Continuous
 62
     7
100
AcDbLine
 10
657.7167303493
 20
496.2315771591
 30
0.0
 11
657.7167303493
 21
482.2315771591
 31
0.0
  0
LINE
  5
2AB
330
206
100
AcDbEntity
  8
SUIT-00-06_PBL1
  6
Continuous
 62
     7
100
AcDbLine
 10
658.0042303493
 20
444.1215771591
 30
0.0
 11
658.0042303493
 21
458.1215771591
 31
0.0
  0
LINE
  5
2AC
330
206
100
AcDbEntity
  8
SUIT-00-06_PBL1
  6
Continuous
 62
     7
100
AcDbLine
 10
662.4792303493
 20
477.1815771591
 30
0.0
 11
662.4792303493
 21
463.1815771591
 31
0.0
  0
LINE
  5
2AD
330
206
100
AcDbEntity
  8
SUIT-00-06_PBL1
  6
Continuous
 62
     7
100
AcDbLine
 10
662.7667303493
 20
482.2315771591
 30
0.0
 11
662.7667303493
 21
496.2315771591
 31
0.0
  0
LINE
  5
2AE
330
206
100
AcDbEntity
  8
SUIT-00-06_PBL1
  6
Continuous
 62
     7
100
AcDbLine
 10
662.7667303493
 20
525.1015771591001
 30
0.0
 11
662.7667303493
 21
539.1015771591001
 31
0.0
  0
LINE
  5
2AF
330
206
100
AcDbEntity
  8
SUIT-00-06_PBL1
  6
Continuous
 62
     7
100
AcDbLine
 10
667.2317303493
 20
425.0890771591
 30
0.0
 11
667.2317303493
 21
439.0890771591
 31
0.0
  0
LINE
  5
2B0
330
206
100
AcDbEntity
  8
SUIT-00-06_PBL1
  6
Continuous
 62
     7
100
AcDbLine
 10
667.2417303493
 20
515.2815771591
 30
0.0
 11
667.2417303493
 21
501.2815771591
 31
0.0
  0
LINE
  5
2B1
330
206
100
AcDbEntity
  8
SUIT-00-06_PBL1
  6
Continuous
 62
     7
100
AcDbLine
 10
667.5292303493
 20
463.1815771591
 30
0.0
 11
667.5292303493
 21
477.1815771591
 31
0.0
  0
LINE
  5
2B2
330
206
100
AcDbEntity
  8
SUIT-00-06_PBL1
  6
Continuous
 62
     7
100
AcDbLine
 10
762.3729803493
 20
457.6215771591
 30
0.0
 11
767.6729803492999
 21
457.6215771591
 31
0.0
  0
LINE
  5
2B3
330
206
100
AcDbEntity
  8
SUIT-00-06_PBL1
  6
Continuous
 62
     7
100
AcDbLine
 10
786.1729803492999
 20
457.6215771591
 30
0.0
 11
791.4729803493
 21
457.6215771591
 31
0.0
  0
LINE
  5
2B4
330
206
100
AcDbEntity
  8
SUIT-00-06_PBL1
  6
Continuous
 62
     7
100
AcDbLine
 10
553.3379553493
 20
457.6385771591
 30
0.0
 11
548.0379553493
 21
457.6385771591
 31
0.0
  0
LINE
  5
2B5
330
206
100
AcDbEntity
  8
SUIT-00-06_PBL1
  6
Continuous
 62
     7
100
AcDbLine
 10
529.5379553493
 20
457.6385771591
 30
0.0
 11
524.2379553493
 21
457.6385771591
 31
0.0
  0
LINE
  5
2B6
330
206
100
AcDbEntity
  8
SUIT-00-06_PBL1
  6
Continuous
 62
     7
100
AcDbLine
 10
562.7542303493
 20
458.1215771591
 30
0.0
 11
576.7542303493
 21
458.1215771591
 31
0.0
  0
LINE
  5
2B7
330
206
100
AcDbEntity
  8
SUIT-00-06_PBL1
  6
Continuous
 62
     7
100
AcDbLine
 10
581.8042303493
 20
458.1215771591
 30
0.0
 11
595.8042303493
 21
458.1215771591
 31
0.0
  0
LINE
  5
2B8
330
206
100
AcDbEntity
  8
SUIT-00-06_PBL1
  6
Continuous
 62
     7
100
AcDbLine
 10
600.8542303493
 20
458.1215771591
 30
0.0
 11
614.8542303493
 21
458.1215771591
 31
0.0
  0
LINE
  5
2B9
330
206
100
AcDbEntity
  8
SUIT-00-06_PBL1
  6
Continuous
 62
     7
100
AcDbLine
 10
619.9042303493
 20
458.1215771591
 30
0.0
 11
633.9042303493
 21
458.1215771591
 31
0.0
  0
LINE
  5
2BA
330
206
100
AcDbEntity
  8
SUIT-00-06_PBL1
  6
Continuous
 62
     7
100
AcDbLine
 10
638.9542303493
 20
458.1215771591
 30
0.0
 11
652.9542303493
 21
458.1215771591
 31
0.0
  0
LINE
  5
2BB
330
206
100
AcDbEntity
  8
SUIT-00-06_PBL1
  6
Continuous
 62
     7
100
AcDbLine
 10
658.0042303493
 20
458.1215771591
 30
0.0
 11
672.0042303493
 21
458.1215771591
 31
0.0
  0
LINE
  5
2BC
330
206
100
AcDbEntity
  8
SUIT-00-06_PBL1
  6
Continuous
 62
     7
100
AcDbLine
 10
677.0542303493
 20
458.1215771591
 30
0.0
 11
691.0542303492999
 21
458.1215771591
 31
0.0
  0
LINE
  5
2BD
330
206
100
AcDbEntity
  8
SUIT-00-06_PBL1
  6
Continuous
 62
     7
100
AcDbLine
 10
696.1042303492999
 20
458.1215771591
 30
0.0
 11
710.1042303492999
 21
458.1215771591
 31
0.0
  0
LINE
  5
2BE
330
206
100
AcDbEntity
  8
SUIT-00-06_PBL1
  6
Continuous
 62
     7
100
AcDbLine
 10
715.1542303493
 20
458.1215771591
 30
0.0
 11
729.1542303493
 21
458.1215771591
 31
0.0
  0
LINE
  5
2BF
330
206
100
AcDbEntity
  8
SUIT-00-06_PBL1
  6
Continuous
 62
     7
100
AcDbLine
 10
734.2042303492999
 20
458.1215771591
 30
0.0
 11
748.2042303492999
 21
458.1215771591
 31
0.0
  0
LINE
  5
2C0
330
206
100
AcDbEntity
  8
SUIT-00-06_PBL1
  6
Continuous
 62
     7
100
AcDbLine
 10
769.9229803492999
 20
458.1215771591
 30
0.0
 11
783.9229803492999
 21
458.1215771591
 31
0.0
  0
LINE
  5
2C1
330
206
100
AcDbEntity
  8
SUIT-00-06_PBL1
  6
Continuous
 62
     7
100
AcDbLine
 10
829.4517303493
 20
458.1215771591
 30
0.0
 11
843.4517303493
 21
458.1215771591
 31
0.0
  0
LINE
  5
2C2
330
206
100
AcDbEntity
  8
SUIT-00-06_PBL1
  6
Continuous
 62
     7
100
AcDbLine
 10
545.7879553493
 20
458.1385771591
 30
0.0
 11
531.7879553493
 21
458.1385771591
 31
0.0
  0
LINE
  5
2C3
330
206
100
AcDbEntity
  8
SUIT-00-06_PBL1
  6
Continuous
 62
     7
100
AcDbLine
 10
672.0042303493
 20
458.1215771591
 30
0.0
 11
672.0042303493
 21
444.1215771591
 31
0.0
  0
LINE
  5
2C4
330
206
100
AcDbEntity
  8
SUIT-00-06_PBL1
  6
Continuous
 62
     7
100
AcDbLine
 10
672.2917303493
 20
501.2815771591
 30
0.0
 11
672.2917303493
 21
515.2815771591
 31
0.0
  0
LINE
  5
2C5
330
206
100
AcDbEntity
  8
SUIT-00-06_PBL1
  6
Continuous
 62
     7
100
AcDbLine
 10
676.7667303493
 20
539.1015771591001
 30
0.0
 11
676.7667303493
 21
525.1015771591001
 31
0.0
  0
LINE
  5
2C6
330
206
100
AcDbEntity
  8
SUIT-00-06_PBL1
  6
Continuous
 62
     7
100
AcDbLine
 10
676.7667303493
 20
496.2315771591
 30
0.0
 11
676.7667303493
 21
482.2315771591
 31
0.0
  0
LINE
  5
2C7
330
206
100
AcDbEntity
  8
SUIT-00-06_PBL1
  6
Continuous
 62
     7
100
AcDbLine
 10
677.0542303493
 20
444.1215771591
 30
0.0
 11
677.0542303493
 21
458.1215771591
 31
0.0
  0
LINE
  5
2C8
330
206
100
AcDbEntity
  8
SUIT-00-06_PBL1
  6
Continuous
 62
     7
100
AcDbLine
 10
757.7292303492999
 20
463.1815771591
 30
0.0
 11
743.7292303492999
 21
463.1815771591
 31
0.0
  0
LINE
  5
2C9
330
206
100
AcDbEntity
  8
SUIT-00-06_PBL1
  6
Continuous
 62
     7
100
AcDbLine
 10
738.6792303492999
 20
463.1815771591
 30
0.0
 11
724.6792303492999
 21
463.1815771591
 31
0.0
  0
LINE
  5
2CA
330
206
100
AcDbEntity
  8
SUIT-00-06_PBL1
  6
Continuous
 62
     7
100
AcDbLine
 10
719.6292303493
 20
463.1815771591
 30
0.0
 11
705.6292303493
 21
463.1815771591
 31
0.0
  0
LINE
  5
2CB
330
206
100
AcDbEntity
  8
SUIT-00-06_PBL1
  6
Continuous
 62
     7
100
AcDbLine
 10
700.5792303492999
 20
463.1815771591
 30
0.0
 11
686.5792303493
 21
463.1815771591
 31
0.0
  0
LINE
  5
2CC
330
206
100
AcDbEntity
  8
SUIT-00-06_PBL1
  6
Continuous
 62
     7
100
AcDbLine
 10
681.5292303493
 20
463.1815771591
 30
0.0
 11
667.5292303493
 21
463.1815771591
 31
0.0
  0
LINE
  5
2CD
330
206
100
AcDbEntity
  8
SUIT-00-06_PBL1
  6
Continuous
 62
     7
100
AcDbLine
 10
662.4792303493
 20
463.1815771591
 30
0.0
 11
648.4792303493
 21
463.1815771591
 31
0.0
  0
LINE
  5
2CE
330
206
100
AcDbEntity
  8
SUIT-00-06_PBL1
  6
Continuous
 62
     7
100
AcDbLine
 10
643.4292303493
 20
463.1815771591
 30
0.0
 11
629.4292303493
 21
463.1815771591
 31
0.0
  0
LINE
  5
2CF
330
206
100
AcDbEntity
  8
SUIT-00-06_PBL1
  6
Continuous
 62
     7
100
AcDbLine
 10
624.3792303493
 20
463.1815771591
 30
0.0
 11
610.3792303493
 21
463.1815771591
 31
0.0
  0
LINE
  5
2D0
330
206
100
AcDbEntity
  8
SUIT-00-06_PBL1
  6
Continuous
 62
     7
100
AcDbLine
 10
605.3292303493
 20
463.1815771591
 30
0.0
 11
591.3292303493
 21
463.1815771591
 31
0.0
  0
LINE
  5
2D1
330
206
100
AcDbEntity
  8
SUIT-00-06_PBL1
  6
Continuous
 62
     7
100
AcDbLine
 10
586.2792303493
 20
463.1815771591
 30
0.0
 11
572.2792303493
 21
463.1815771591
 31
0.0
  0
LINE
  5
2D2
330
206
100
AcDbEntity
  8
SUIT-00-06_PBL1
  6
Continuous
 62
     7
100
AcDbLine
 10
567.2292303493
 20
463.1815771591
 30
0.0
 11
553.2292303493
 21
463.1815771591
 31
0.0
  0
LINE
  5
2D3
330
206
100
AcDbEntity
  8
SUIT-00-06_PBL1
  6
Continuous
 62
     7
100
AcDbLine
 10
541.0354803493
 20
463.1815771591
 30
0.0
 11
522.2729803493
 21
463.1815771591
 31
0.0
  0
LINE
  5
2D4
330
206
100
AcDbEntity
  8
SUIT-00-06_PBL1
  6
Continuous
 62
     7
100
AcDbLine
 10
774.6754803493
 20
463.1890771591
 30
0.0
 11
788.6754803493
 21
463.1890771591
 31
0.0
  0
LINE
  5
2D5
330
206
100
AcDbEntity
  8
SUIT-00-06_PBL1
  6
Continuous
 62
     7
100
AcDbLine
 10
767.1254803492999
 20
463.6890771591
 30
0.0
 11
772.4254803493
 21
463.6890771591
 31
0.0
  0
LINE
  5
2D6
330
206
100
AcDbEntity
  8
SUIT-00-06_PBL1
  6
Continuous
 62
     7
100
AcDbLine
 10
790.9254803493
 20
463.6890771591
 30
0.0
 11
796.2254803492999
 21
463.6890771591
 31
0.0
  0
LINE
  5
2D7
330
206
100
AcDbEntity
  8
SUIT-00-06_PBL1
  6
Continuous
 62
     7
100
AcDbLine
 10
808.6117303492999
 20
470.3515771591
 30
0.0
 11
826.1117303492999
 21
470.3515771591
 31
0.0
  0
LINE
  5
2D8
330
206
100
AcDbEntity
  8
SUIT-00-06_PBL1
  6
Continuous
 62
     7
100
AcDbLine
 10
681.5292303493
 20
477.1815771591
 30
0.0
 11
681.5292303493
 21
463.1815771591
 31
0.0
  0
LINE
  5
2D9
330
206
100
AcDbEntity
  8
SUIT-00-06_PBL1
  6
Continuous
 62
     7
100
AcDbLine
 10
681.8167303493
 20
482.2315771591
 30
0.0
 11
681.8167303493
 21
496.2315771591
 31
0.0
  0
LINE
  5
2DA
330
206
100
AcDbEntity
  8
SUIT-00-06_PBL1
  6
Continuous
 62
     7
100
AcDbLine
 10
681.8167303493
 20
525.1015771591001
 30
0.0
 11
681.8167303493
 21
539.1015771591001
 31
0.0
  0
LINE
  5
2DB
330
206
100
AcDbEntity
  8
SUIT-00-06_PBL1
  6
Continuous
 62
     7
100
AcDbLine
 10
685.1917303493
 20
418.6015771591
 30
0.0
 11
685.1917303493
 21
420.1015771591
 31
0.0
  0
LINE
  5
2DC
330
206
100
AcDbEntity
  8
SUIT-00-06_PBL1
  6
Continuous
 62
     7
100
AcDbLine
 10
685.1917303493
 20
544.6015771591001
 30
0.0
 11
685.1917303493
 21
546.1015771591001
 31
0.0
  0
LINE
  5
2DD
330
206
100
AcDbEntity
  8
SUIT-00-06_PBL1
  6
Continuous
 62
     7
100
AcDbLine
 10
686.2917303493
 20
515.2815771591
 30
0.0
 11
686.2917303493
 21
501.2815771591
 31
0.0
  0
LINE
  5
2DE
330
206
100
AcDbEntity
  8
SUIT-00-06_PBL1
  6
Continuous
 62
     7
100
AcDbLine
 10
686.5792303493
 20
463.1815771591
 30
0.0
 11
686.5792303493
 21
477.1815771591
 31
0.0
  0
LINE
  5
2DF
330
206
100
AcDbEntity
  8
SUIT-00-06_PBL1
  6
Continuous
 62
     7
100
AcDbLine
 10
691.0542303492999
 20
458.1215771591
 30
0.0
 11
691.0542303492999
 21
444.1215771591
 31
0.0
  0
LINE
  5
2E0
330
206
100
AcDbEntity
  8
SUIT-00-06_PBL1
  6
Continuous
 62
     7
100
AcDbLine
 10
691.3417303493
 20
501.2815771591
 30
0.0
 11
691.3417303493
 21
515.2815771591
 31
0.0
  0
LINE
  5
2E1
330
206
100
AcDbEntity
  8
SUIT-00-06_PBL1
  6
Continuous
 62
     7
100
AcDbLine
 10
522.2729803493
 20
477.1815771591
 30
0.0
 11
541.0354803493
 21
477.1815771591
 31
0.0
  0
LINE
  5
2E2
330
206
100
AcDbEntity
  8
SUIT-00-06_PBL1
  6
Continuous
 62
     7
100
AcDbLine
 10
553.2292303493
 20
477.1815771591
 30
0.0
 11
567.2292303493
 21
477.1815771591
 31
0.0
  0
LINE
  5
2E3
330
206
100
AcDbEntity
  8
SUIT-00-06_PBL1
  6
Continuous
 62
     7
100
AcDbLine
 10
572.2792303493
 20
477.1815771591
 30
0.0
 11
586.2792303493
 21
477.1815771591
 31
0.0
  0
LINE
  5
2E4
330
206
100
AcDbEntity
  8
SUIT-00-06_PBL1
  6
Continuous
 62
     7
100
AcDbLine
 10
591.3292303493
 20
477.1815771591
 30
0.0
 11
605.3292303493
 21
477.1815771591
 31
0.0
  0
LINE
  5
2E5
330
206
100
AcDbEntity
  8
SUIT-00-06_PBL1
  6
Continuous
 62
     7
100
AcDbLine
 10
610.3792303493
 20
477.1815771591
 30
0.0
 11
624.3792303493
 21
477.1815771591
 31
0.0
  0
LINE
  5
2E6
330
206
100
AcDbEntity
  8
SUIT-00-06_PBL1
  6
Continuous
 62
     7
100
AcDbLine
 10
629.4292303493
 20
477.1815771591
 30
0.0
 11
643.4292303493
 21
477.1815771591
 31
0.0
  0
LINE
  5
2E7
330
206
100
AcDbEntity
  8
SUIT-00-06_PBL1
  6
Continuous
 62
     7
100
AcDbLine
 10
648.4792303493
 20
477.1815771591
 30
0.0
 11
662.4792303493
 21
477.1815771591
 31
0.0
  0
LINE
  5
2E8
330
206
100
AcDbEntity
  8
SUIT-00-06_PBL1
  6
Continuous
 62
     7
100
AcDbLine
 10
667.5292303493
 20
477.1815771591
 30
0.0
 11
681.5292303493
 21
477.1815771591
 31
0.0
  0
LINE
  5
2E9
330
206
100
AcDbEntity
  8
SUIT-00-06_PBL1
  6
Continuous
 62
     7
100
AcDbLine
 10
686.5792303493
 20
477.1815771591
 30
0.0
 11
700.5792303492999
 21
477.1815771591
 31
0.0
  0
LINE
  5
2EA
330
206
100
AcDbEntity
  8
SUIT-00-06_PBL1
  6
Continuous
 62
     7
100
AcDbLine
 10
705.6292303493
 20
477.1815771591
 30
0.0
 11
719.6292303493
 21
477.1815771591
 31
0.0
  0
LINE
  5
2EB
330
206
100
AcDbEntity
  8
SUIT-00-06_PBL1
  6
Continuous
 62
     7
100
AcDbLine
 10
724.6792303492999
 20
477.1815771591
 30
0.0
 11
738.6792303492999
 21
477.1815771591
 31
0.0
  0
LINE
  5
2EC
330
206
100
AcDbEntity
  8
SUIT-00-06_PBL1
  6
Continuous
 62
     7
100
AcDbLine
 10
743.7292303492999
 20
477.1815771591
 30
0.0
 11
757.7292303492999
 21
477.1815771591
 31
0.0
  0
LINE
  5
2ED
330
206
100
AcDbEntity
  8
SUIT-00-06_PBL1
  6
Continuous
 62
     7
100
AcDbLine
 10
788.6754803493
 20
477.1890771591
 30
0.0
 11
774.6754803493
 21
477.1890771591
 31
0.0
  0
LINE
  5
2EE
330
206
100
AcDbEntity
  8
SUIT-00-06_PBL1
  6
Continuous
 62
     7
100
AcDbLine
 10
796.2254803492999
 20
478.1890771591
 30
0.0
 11
790.9254803493
 21
478.1890771591
 31
0.0
  0
LINE
  5
2EF
330
206
100
AcDbEntity
  8
SUIT-00-06_PBL1
  6
Continuous
 62
     7
100
AcDbLine
 10
772.4254803493
 20
478.1890771591
 30
0.0
 11
767.1254803492999
 21
478.1890771591
 31
0.0
  0
LINE
  5
2F0
330
206
100
AcDbEntity
  8
SUIT-00-06_PBL1
  6
Continuous
 62
     7
100
AcDbLine
 10
826.1117303492999
 20
478.8515771591
 30
0.0
 11
808.6117303492999
 21
478.8515771591
 31
0.0
  0
LINE
  5
2F1
330
206
100
AcDbEntity
  8
SUIT-00-06_PBL1
  6
Continuous
 62
     7
100
AcDbLine
 10
862.5017303492999
 20
482.2315771591
 30
0.0
 11
848.5017303492999
 21
482.2315771591
 31
0.0
  0
LINE
  5
2F2
330
206
100
AcDbEntity
  8
SUIT-00-06_PBL1
  6
Continuous
 62
     7
100
AcDbLine
 10
843.4517303493
 20
482.2315771591
 30
0.0
 11
829.4517303493
 21
482.2315771591
 31
0.0
  0
LINE
  5
2F3
330
206
100
AcDbEntity
  8
SUIT-00-06_PBL1
  6
Continuous
 62
     7
100
AcDbLine
 10
824.4017303492999
 20
482.2315771591
 30
0.0
 11
810.4017303492999
 21
482.2315771591
 31
0.0
  0
LINE
  5
2F4
330
206
100
AcDbEntity
  8
SUIT-00-06_PBL1
  6
Continuous
 62
     7
100
AcDbLine
 10
795.8292303492999
 20
482.2315771591
 30
0.0
 11
781.8292303492999
 21
482.2315771591
 31
0.0
  0
LINE
  5
2F5
330
206
100
AcDbEntity
  8
SUIT-00-06_PBL1
  6
Continuous
 62
     7
100
AcDbLine
 10
772.0167303492999
 20
482.2315771591
 30
0.0
 11
758.0167303492999
 21
482.2315771591
 31
0.0
  0
LINE
  5
2F6
330
206
100
AcDbEntity
  8
SUIT-00-06_PBL1
  6
Continuous
 62
     7
100
AcDbLine
 10
752.9667303493
 20
482.2315771591
 30
0.0
 11
738.9667303493
 21
482.2315771591
 31
0.0
  0
LINE
  5
2F7
330
206
100
AcDbEntity
  8
SUIT-00-06_PBL1
  6
Continuous
 62
     7
100
AcDbLine
 10
733.9167303492999
 20
482.2315771591
 30
0.0
 11
719.9167303492999
 21
482.2315771591
 31
0.0
  0
LINE
  5
2F8
330
206
100
AcDbEntity
  8
SUIT-00-06_PBL1
  6
Continuous
 62
     7
100
AcDbLine
 10
714.8667303492999
 20
482.2315771591
 30
0.0
 11
700.8667303492999
 21
482.2315771591
 31
0.0
  0
LINE
  5
2F9
330
206
100
AcDbEntity
  8
SUIT-00-06_PBL1
  6
Continuous
 62
     7
100
AcDbLine
 10
695.8167303493
 20
482.2315771591
 30
0.0
 11
681.8167303493
 21
482.2315771591
 31
0.0
  0
LINE
  5
2FA
330
206
100
AcDbEntity
  8
SUIT-00-06_PBL1
  6
Continuous
 62
     7
100
AcDbLine
 10
676.7667303493
 20
482.2315771591
 30
0.0
 11
662.7667303493
 21
482.2315771591
 31
0.0
  0
LINE
  5
2FB
330
206
100
AcDbEntity
  8
SUIT-00-06_PBL1
  6
Continuous
 62
     7
100
AcDbLine
 10
657.7167303493
 20
482.2315771591
 30
0.0
 11
643.7167303493
 21
482.2315771591
 31
0.0
  0
LINE
  5
2FC
330
206
100
AcDbEntity
  8
SUIT-00-06_PBL1
  6
Continuous
 62
     7
100
AcDbLine
 10
638.6667303493
 20
482.2315771591
 30
0.0
 11
624.6667303493
 21
482.2315771591
 31
0.0
  0
LINE
  5
2FD
330
206
100
AcDbEntity
  8
SUIT-00-06_PBL1
  6
Continuous
 62
     7
100
AcDbLine
 10
619.6167303493
 20
482.2315771591
 30
0.0
 11
605.6167303493
 21
482.2315771591
 31
0.0
  0
LINE
  5
2FE
330
206
100
AcDbEntity
  8
SUIT-00-06_PBL1
  6
Continuous
 62
     7
100
AcDbLine
 10
600.5667303493
 20
482.2315771591
 30
0.0
 11
586.5667303493
 21
482.2315771591
 31
0.0
  0
LINE
  5
2FF
330
206
100
AcDbEntity
  8
SUIT-00-06_PBL1
  6
Continuous
 62
     7
100
AcDbLine
 10
581.5167303493
 20
482.2315771591
 30
0.0
 11
567.5167303493
 21
482.2315771591
 31
0.0
  0
LINE
  5
300
330
206
100
AcDbEntity
  8
SUIT-00-06_PBL1
  6
Continuous
 62
     7
100
AcDbLine
 10
562.4667303493
 20
482.2315771591
 30
0.0
 11
548.4667303493
 21
482.2315771591
 31
0.0
  0
LINE
  5
301
330
206
100
AcDbEntity
  8
SUIT-00-06_PBL1
  6
Continuous
 62
     7
100
AcDbLine
 10
538.6542303493
 20
482.2315771591
 30
0.0
 11
524.6542303493
 21
482.2315771591
 31
0.0
  0
LINE
  5
302
330
206
100
AcDbEntity
  8
SUIT-00-06_PBL1
  6
Continuous
 62
     7
100
AcDbLine
 10
695.8167303493
 20
539.1015771591001
 30
0.0
 11
695.8167303493
 21
525.1015771591001
 31
0.0
  0
LINE
  5
303
330
206
100
AcDbEntity
  8
SUIT-00-06_PBL1
  6
Continuous
 62
     7
100
AcDbLine
 10
695.8167303493
 20
496.2315771591
 30
0.0
 11
695.8167303493
 21
482.2315771591
 31
0.0
  0
LINE
  5
304
330
206
100
AcDbEntity
  8
SUIT-00-06_PBL1
  6
Continuous
 62
     7
100
AcDbLine
 10
696.1042303492999
 20
444.1215771591
 30
0.0
 11
696.1042303492999
 21
458.1215771591
 31
0.0
  0
LINE
  5
305
330
206
100
AcDbEntity
  8
SUIT-00-06_PBL1
  6
Continuous
 62
     7
100
AcDbLine
 10
697.1917303493
 20
546.1015771591001
 30
0.0
 11
697.1917303493
 21
544.6015771591001
 31
0.0
  0
LINE
  5
306
330
206
100
AcDbEntity
  8
SUIT-00-06_PBL1
  6
Continuous
 62
     7
100
AcDbLine
 10
697.1917303493
 20
420.1015771591
 30
0.0
 11
697.1917303493
 21
418.6015771591
 31
0.0
  0
LINE
  5
307
330
206
100
AcDbEntity
  8
SUIT-00-06_PBL1
  6
Continuous
 62
     7
100
AcDbLine
 10
700.5792303492999
 20
477.1815771591
 30
0.0
 11
700.5792303492999
 21
463.1815771591
 31
0.0
  0
LINE
  5
308
330
206
100
AcDbEntity
  8
SUIT-00-06_PBL1
  6
Continuous
 62
     7
100
AcDbLine
 10
700.8667303492999
 20
482.2315771591
 30
0.0
 11
700.8667303492999
 21
496.2315771591
 31
0.0
  0
LINE
  5
309
330
206
100
AcDbEntity
  8
SUIT-00-06_PBL1
  6
Continuous
 62
     7
100
AcDbLine
 10
524.6542303493
 20
496.2315771591
 30
0.0
 11
538.6542303493
 21
496.2315771591
 31
0.0
  0
LINE
  5
30A
330
206
100
AcDbEntity
  8
SUIT-00-06_PBL1
  6
Continuous
 62
     7
100
AcDbLine
 10
548.4667303493
 20
496.2315771591
 30
0.0
 11
562.4667303493
 21
496.2315771591
 31
0.0
  0
LINE
  5
30B
330
206
100
AcDbEntity
  8
SUIT-00-06_PBL1
  6
Continuous
 62
     7
100
AcDbLine
 10
567.5167303493
 20
496.2315771591
 30
0.0
 11
581.5167303493
 21
496.2315771591
 31
0.0
  0
LINE
  5
30C
330
206
100
AcDbEntity
  8
SUIT-00-06_PBL1
  6
Continuous
 62
     7
100
AcDbLine
 10
586.5667303493
 20
496.2315771591
 30
0.0
 11
600.5667303493
 21
496.2315771591
 31
0.0
  0
LINE
  5
30D
330
206
100
AcDbEntity
  8
SUIT-00-06_PBL1
  6
Continuous
 62
     7
100
AcDbLine
 10
605.6167303493
 20
496.2315771591
 30
0.0
 11
619.6167303493
 21
496.2315771591
 31
0.0
  0
LINE
  5
30E
330
206
100
AcDbEntity
  8
SUIT-00-06_PBL1
  6
Continuous
 62
     7
100
AcDbLine
 10
624.6667303493
 20
496.2315771591
 30
0.0
 11
638.6667303493
 21
496.2315771591
 31
0.0
  0
LINE
  5
30F
330
206
100
AcDbEntity
  8
SUIT-00-06_PBL1
  6
Continuous
 62
     7
100
AcDbLine
 10
643.7167303493
 20
496.2315771591
 30
0.0
 11
657.7167303493
 21
496.2315771591
 31
0.0
  0
LINE
  5
310
330
206
100
AcDbEntity
  8
SUIT-00-06_PBL1
  6
Continuous
 62
     7
100
AcDbLine
 10
662.7667303493
 20
496.2315771591
 30
0.0
 11
676.7667303493
 21
496.2315771591
 31
0.0
  0
LINE
  5
311
330
206
100
AcDbEntity
  8
SUIT-00-06_PBL1
  6
Continuous
 62
     7
100
AcDbLine
 10
681.8167303493
 20
496.2315771591
 30
0.0
 11
695.8167303493
 21
496.2315771591
 31
0.0
  0
LINE
  5
312
330
206
100
AcDbEntity
  8
SUIT-00-06_PBL1
  6
Continuous
 62
     7
100
AcDbLine
 10
700.8667303492999
 20
496.2315771591
 30
0.0
 11
714.8667303492999
 21
496.2315771591
 31
0.0
  0
LINE
  5
313
330
206
100
AcDbEntity
  8
SUIT-00-06_PBL1
  6
Continuous
 62
     7
100
AcDbLine
 10
719.9167303492999
 20
496.2315771591
 30
0.0
 11
733.9167303492999
 21
496.2315771591
 31
0.0
  0
LINE
  5
314
330
206
100
AcDbEntity
  8
SUIT-00-06_PBL1
  6
Continuous
 62
     7
100
AcDbLine
 10
738.9667303493
 20
496.2315771591
 30
0.0
 11
752.9667303493
 21
496.2315771591
 31
0.0
  0
LINE
  5
315
330
206
100
AcDbEntity
  8
SUIT-00-06_PBL1
  6
Continuous
 62
     7
100
AcDbLine
 10
758.0167303492999
 20
496.2315771591
 30
0.0
 11
772.0167303492999
 21
496.2315771591
 31
0.0
  0
LINE
  5
316
330
206
100
AcDbEntity
  8
SUIT-00-06_PBL1
  6
Continuous
 62
     7
100
AcDbLine
 10
781.8292303492999
 20
496.2315771591
 30
0.0
 11
795.8292303492999
 21
496.2315771591
 31
0.0
  0
LINE
  5
317
330
206
100
AcDbEntity
  8
SUIT-00-06_PBL1
  6
Continuous
 62
     7
100
AcDbLine
 10
810.4017303492999
 20
496.2315771591
 30
0.0
 11
824.4017303492999
 21
496.2315771591
 31
0.0
  0
LINE
  5
318
330
206
100
AcDbEntity
  8
SUIT-00-06_PBL1
  6
Continuous
 62
     7
100
AcDbLine
 10
829.4517303493
 20
496.2315771591
 30
0.0
 11
843.4517303493
 21
496.2315771591
 31
0.0
  0
LINE
  5
319
330
206
100
AcDbEntity
  8
SUIT-00-06_PBL1
  6
Continuous
 62
     7
100
AcDbLine
 10
848.5017303492999
 20
496.2315771591
 30
0.0
 11
862.5017303492999
 21
496.2315771591
 31
0.0
  0
LINE
  5
31A
330
206
100
AcDbEntity
  8
SUIT-00-06_PBL1
  6
Continuous
 62
     7
100
AcDbLine
 10
705.3417303493
 20
515.2815771591
 30
0.0
 11
705.3417303493
 21
501.2815771591
 31
0.0
  0
LINE
  5
31B
330
206
100
AcDbEntity
  8
SUIT-00-06_PBL1
  6
Continuous
 62
     7
100
AcDbLine
 10
705.6292303493
 20
463.1815771591
 30
0.0
 11
705.6292303493
 21
477.1815771591
 31
0.0
  0
LINE
  5
31C
330
206
100
AcDbEntity
  8
SUIT-00-06_PBL1
  6
Continuous
 62
     7
100
AcDbLine
 10
705.6292303493
 20
525.1015771591001
 30
0.0
 11
705.6292303493
 21
539.1015771591001
 31
0.0
  0
LINE
  5
31D
330
206
100
AcDbEntity
  8
SUIT-00-06_PBL1
  6
Continuous
 62
     7
100
AcDbLine
 10
710.1042303492999
 20
458.1215771591
 30
0.0
 11
710.1042303492999
 21
444.1215771591
 31
0.0
  0
LINE
  5
31E
330
206
100
AcDbEntity
  8
SUIT-00-06_PBL1
  6
Continuous
 62
     7
100
AcDbLine
 10
710.3917303492999
 20
501.2815771591
 30
0.0
 11
710.3917303492999
 21
515.2815771591
 31
0.0
  0
LINE
  5
31F
330
206
100
AcDbEntity
  8
SUIT-00-06_PBL1
  6
Continuous
 62
     7
100
AcDbLine
 10
713.7317303492999
 20
439.0890771591
 30
0.0
 11
713.7317303492999
 21
426.5890771591
 31
0.0
  0
LINE
  5
320
330
206
100
AcDbEntity
  8
SUIT-00-06_PBL1
  6
Continuous
 62
     7
100
AcDbLine
 10
714.8667303492999
 20
496.2315771591
 30
0.0
 11
714.8667303492999
 21
482.2315771591
 31
0.0
  0
LINE
  5
321
330
206
100
AcDbEntity
  8
SUIT-00-06_PBL1
  6
Continuous
 62
     7
100
AcDbLine
 10
715.1542303493
 20
444.1215771591
 30
0.0
 11
715.1542303493
 21
458.1215771591
 31
0.0
  0
LINE
  5
322
330
206
100
AcDbEntity
  8
SUIT-00-06_PBL1
  6
Continuous
 62
     7
100
AcDbLine
 10
769.5067303492999
 20
500.2890771591
 30
0.0
 11
774.8067303493
 21
500.2890771591
 31
0.0
  0
LINE
  5
323
330
206
100
AcDbEntity
  8
SUIT-00-06_PBL1
  6
Continuous
 62
     7
100
AcDbLine
 10
793.3067303493
 20
500.2890771591
 30
0.0
 11
798.6067303492999
 21
500.2890771591
 31
0.0
  0
LINE
  5
324
330
206
100
AcDbEntity
  8
SUIT-00-06_PBL1
  6
Continuous
 62
     7
100
AcDbLine
 10
862.5017303492999
 20
501.2815771591
 30
0.0
 11
848.5017303492999
 21
501.2815771591
 31
0.0
  0
LINE
  5
325
330
206
100
AcDbEntity
  8
SUIT-00-06_PBL1
  6
Continuous
 62
     7
100
AcDbLine
 10
843.4517303493
 20
501.2815771591
 30
0.0
 11
829.4517303493
 21
501.2815771591
 31
0.0
  0
LINE
  5
326
330
206
100
AcDbEntity
  8
SUIT-00-06_PBL1
  6
Continuous
 62
     7
100
AcDbLine
 10
824.4017303492999
 20
501.2815771591
 30
0.0
 11
810.4017303492999
 21
501.2815771591
 31
0.0
  0
LINE
  5
327
330
206
100
AcDbEntity
  8
SUIT-00-06_PBL1
  6
Continuous
 62
     7
100
AcDbLine
 10
762.4917303492999
 20
501.2815771591
 30
0.0
 11
748.4917303492999
 21
501.2815771591
 31
0.0
  0
LINE
  5
328
330
206
100
AcDbEntity
  8
SUIT-00-06_PBL1
  6
Continuous
 62
     7
100
AcDbLine
 10
743.4417303493
 20
501.2815771591
 30
0.0
 11
729.4417303493
 21
501.2815771591
 31
0.0
  0
LINE
  5
329
330
206
100
AcDbEntity
  8
SUIT-00-06_PBL1
  6
Continuous
 62
     7
100
AcDbLine
 10
724.3917303492999
 20
501.2815771591
 30
0.0
 11
710.3917303492999
 21
501.2815771591
 31
0.0
  0
LINE
  5
32A
330
206
100
AcDbEntity
  8
SUIT-00-06_PBL1
  6
Continuous
 62
     7
100
AcDbLine
 10
705.3417303493
 20
501.2815771591
 30
0.0
 11
691.3417303493
 21
501.2815771591
 31
0.0
  0
LINE
  5
32B
330
206
100
AcDbEntity
  8
SUIT-00-06_PBL1
  6
Continuous
 62
     7
100
AcDbLine
 10
686.2917303493
 20
501.2815771591
 30
0.0
 11
672.2917303493
 21
501.2815771591
 31
0.0
  0
LINE
  5
32C
330
206
100
AcDbEntity
  8
SUIT-00-06_PBL1
  6
Continuous
 62
     7
100
AcDbLine
 10
667.2417303493
 20
501.2815771591
 30
0.0
 11
653.2417303493
 21
501.2815771591
 31
0.0
  0
LINE
  5
32D
330
206
100
AcDbEntity
  8
SUIT-00-06_PBL1
  6
Continuous
 62
     7
100
AcDbLine
 10
648.1917303493
 20
501.2815771591
 30
0.0
 11
634.1917303493
 21
501.2815771591
 31
0.0
  0
LINE
  5
32E
330
206
100
AcDbEntity
  8
SUIT-00-06_PBL1
  6
Continuous
 62
     7
100
AcDbLine
 10
629.1417303493
 20
501.2815771591
 30
0.0
 11
615.1417303493
 21
501.2815771591
 31
0.0
  0
LINE
  5
32F
330
206
100
AcDbEntity
  8
SUIT-00-06_PBL1
  6
Continuous
 62
     7
100
AcDbLine
 10
610.0917303493
 20
501.2815771591
 30
0.0
 11
596.0917303493
 21
501.2815771591
 31
0.0
  0
LINE
  5
330
330
206
100
AcDbEntity
  8
SUIT-00-06_PBL1
  6
Continuous
 62
     7
100
AcDbLine
 10
591.0317303493
 20
501.2815771591
 30
0.0
 11
577.0317303493
 21
501.2815771591
 31
0.0
  0
LINE
  5
331
330
206
100
AcDbEntity
  8
SUIT-00-06_PBL1
  6
Continuous
 62
     7
100
AcDbLine
 10
571.9817303493
 20
501.2815771591
 30
0.0
 11
557.9817303493
 21
501.2815771591
 31
0.0
  0
LINE
  5
332
330
206
100
AcDbEntity
  8
SUIT-00-06_PBL1
  6
Continuous
 62
     7
100
AcDbLine
 10
552.9317303493
 20
501.2815771591
 30
0.0
 11
538.9317303493
 21
501.2815771591
 31
0.0
  0
LINE
  5
333
330
206
100
AcDbEntity
  8
SUIT-00-06_PBL1
  6
Continuous
 62
     7
100
AcDbLine
 10
533.8817303493
 20
501.2815771591
 30
0.0
 11
519.8817303493
 21
501.2815771591
 31
0.0
  0
LINE
  5
334
330
206
100
AcDbEntity
  8
SUIT-00-06_PBL1
  6
Continuous
 62
     7
100
AcDbLine
 10
777.0567303493
 20
501.2890771591
 30
0.0
 11
791.0567303493
 21
501.2890771591
 31
0.0
  0
LINE
  5
335
330
206
100
AcDbEntity
  8
SUIT-00-06_PBL1
  6
Continuous
 62
     7
100
AcDbLine
 10
719.6292303493
 20
539.1015771591001
 30
0.0
 11
719.6292303493
 21
525.1015771591001
 31
0.0
  0
LINE
  5
336
330
206
100
AcDbEntity
  8
SUIT-00-06_PBL1
  6
Continuous
 62
     7
100
AcDbLine
 10
719.6292303493
 20
477.1815771591
 30
0.0
 11
719.6292303493
 21
463.1815771591
 31
0.0
  0
LINE
  5
337
330
206
100
AcDbEntity
  8
SUIT-00-06_PBL1
  6
Continuous
 62
     7
100
AcDbLine
 10
719.9167303492999
 20
482.2315771591
 30
0.0
 11
719.9167303492999
 21
496.2315771591
 31
0.0
  0
LINE
  5
338
330
206
100
AcDbEntity
  8
SUIT-00-06_PBL1
  6
Continuous
 62
     7
100
AcDbLine
 10
721.0317303492999
 20
426.5890771591
 30
0.0
 11
721.0317303492999
 21
439.0890771591
 31
0.0
  0
LINE
  5
339
330
206
100
AcDbEntity
  8
SUIT-00-06_PBL1
  6
Continuous
 62
     7
100
AcDbLine
 10
724.3917303492999
 20
515.2815771591
 30
0.0
 11
724.3917303492999
 21
501.2815771591
 31
0.0
  0
LINE
  5
33A
330
206
100
AcDbEntity
  8
SUIT-00-06_PBL1
  6
Continuous
 62
     7
100
AcDbLine
 10
724.6792303492999
 20
463.1815771591
 30
0.0
 11
724.6792303492999
 21
477.1815771591
 31
0.0
  0
LINE
  5
33B
330
206
100
AcDbEntity
  8
SUIT-00-06_PBL1
  6
Continuous
 62
     7
100
AcDbLine
 10
724.6792303492999
 20
525.1015771591001
 30
0.0
 11
724.6792303492999
 21
539.1015771591001
 31
0.0
  0
LINE
  5
33C
330
206
100
AcDbEntity
  8
SUIT-00-06_PBL1
  6
Continuous
 62
     7
100
AcDbLine
 10
729.1542303493
 20
458.1215771591
 30
0.0
 11
729.1542303493
 21
444.1215771591
 31
0.0
  0
LINE
  5
33D
330
206
100
AcDbEntity
  8
SUIT-00-06_PBL1
  6
Continuous
 62
     7
100
AcDbLine
 10
729.4417303493
 20
501.2815771591
 30
0.0
 11
729.4417303493
 21
515.2815771591
 31
0.0
  0
LINE
  5
33E
330
206
100
AcDbEntity
  8
SUIT-00-06_PBL1
  6
Continuous
 62
     7
100
AcDbLine
 10
798.6067303492999
 20
514.7890771591001
 30
0.0
 11
793.3067303493
 21
514.7890771591001
 31
0.0
  0
LINE
  5
33F
330
206
100
AcDbEntity
  8
SUIT-00-06_PBL1
  6
Continuous
 62
     7
100
AcDbLine
 10
774.8067303493
 20
514.7890771591001
 30
0.0
 11
769.5067303492999
 21
514.7890771591001
 31
0.0
  0
LINE
  5
340
330
206
100
AcDbEntity
  8
SUIT-00-06_PBL1
  6
Continuous
 62
     7
100
AcDbLine
 10
519.8817303493
 20
515.2815771591
 30
0.0
 11
533.8817303493
 21
515.2815771591
 31
0.0
  0
LINE
  5
341
330
206
100
AcDbEntity
  8
SUIT-00-06_PBL1
  6
Continuous
 62
     7
100
AcDbLine
 10
538.9317303493
 20
515.2815771591
 30
0.0
 11
552.9317303493
 21
515.2815771591
 31
0.0
  0
LINE
  5
342
330
206
100
AcDbEntity
  8
SUIT-00-06_PBL1
  6
Continuous
 62
     7
100
AcDbLine
 10
557.9817303493
 20
515.2815771591
 30
0.0
 11
571.9817303493
 21
515.2815771591
 31
0.0
  0
LINE
  5
343
330
206
100
AcDbEntity
  8
SUIT-00-06_PBL1
  6
Continuous
 62
     7
100
AcDbLine
 10
577.0317303493
 20
515.2815771591
 30
0.0
 11
591.0317303493
 21
515.2815771591
 31
0.0
  0
LINE
  5
344
330
206
100
AcDbEntity
  8
SUIT-00-06_PBL1
  6
Continuous
 62
     7
100
AcDbLine
 10
596.0917303493
 20
515.2815771591
 30
0.0
 11
610.0917303493
 21
515.2815771591
 31
0.0
  0
LINE
  5
345
330
206
100
AcDbEntity
  8
SUIT-00-06_PBL1
  6
Continuous
 62
     7
100
AcDbLine
 10
615.1417303493
 20
515.2815771591
 30
0.0
 11
629.1417303493
 21
515.2815771591
 31
0.0
  0
LINE
  5
346
330
206
100
AcDbEntity
  8
SUIT-00-06_PBL1
  6
Continuous
 62
     7
100
AcDbLine
 10
634.1917303493
 20
515.2815771591
 30
0.0
 11
648.1917303493
 21
515.2815771591
 31
0.0
  0
LINE
  5
347
330
206
100
AcDbEntity
  8
SUIT-00-06_PBL1
  6
Continuous
 62
     7
100
AcDbLine
 10
653.2417303493
 20
515.2815771591
 30
0.0
 11
667.2417303493
 21
515.2815771591
 31
0.0
  0
LINE
  5
348
330
206
100
AcDbEntity
  8
SUIT-00-06_PBL1
  6
Continuous
 62
     7
100
AcDbLine
 10
672.2917303493
 20
515.2815771591
 30
0.0
 11
686.2917303493
 21
515.2815771591
 31
0.0
  0
LINE
  5
349
330
206
100
AcDbEntity
  8
SUIT-00-06_PBL1
  6
Continuous
 62
     7
100
AcDbLine
 10
691.3417303493
 20
515.2815771591
 30
0.0
 11
705.3417303493
 21
515.2815771591
 31
0.0
  0
LINE
  5
34A
330
206
100
AcDbEntity
  8
SUIT-00-06_PBL1
  6
Continuous
 62
     7
100
AcDbLine
 10
710.3917303492999
 20
515.2815771591
 30
0.0
 11
724.3917303492999
 21
515.2815771591
 31
0.0
  0
LINE
  5
34B
330
206
100
AcDbEntity
  8
SUIT-00-06_PBL1
  6
Continuous
 62
     7
100
AcDbLine
 10
729.4417303493
 20
515.2815771591
 30
0.0
 11
743.4417303493
 21
515.2815771591
 31
0.0
  0
LINE
  5
34C
330
206
100
AcDbEntity
  8
SUIT-00-06_PBL1
  6
Continuous
 62
     7
100
AcDbLine
 10
748.4917303492999
 20
515.2815771591
 30
0.0
 11
762.4917303492999
 21
515.2815771591
 31
0.0
  0
LINE
  5
34D
330
206
100
AcDbEntity
  8
SUIT-00-06_PBL1
  6
Continuous
 62
     7
100
AcDbLine
 10
810.4017303492999
 20
515.2815771591
 30
0.0
 11
824.4017303492999
 21
515.2815771591
 31
0.0
  0
LINE
  5
34E
330
206
100
AcDbEntity
  8
SUIT-00-06_PBL1
  6
Continuous
 62
     7
100
AcDbLine
 10
829.4517303493
 20
515.2815771591
 30
0.0
 11
843.4517303493
 21
515.2815771591
 31
0.0
  0
LINE
  5
34F
330
206
100
AcDbEntity
  8
SUIT-00-06_PBL1
  6
Continuous
 62
     7
100
AcDbLine
 10
848.5017303492999
 20
515.2815771591
 30
0.0
 11
862.5017303492999
 21
515.2815771591
 31
0.0
  0
LINE
  5
350
330
206
100
AcDbEntity
  8
SUIT-00-06_PBL1
  6
Continuous
 62
     7
100
AcDbLine
 10
791.0567303493
 20
515.2890771591001
 30
0.0
 11
777.0567303493
 21
515.2890771591001
 31
0.0
  0
LINE
  5
351
330
206
100
AcDbEntity
  8
SUIT-00-06_PBL1
  6
Continuous
 62
     7
100
AcDbLine
 10
544.0082792737
 20
519.4415771591
 30
0.0
 11
651.205181425
 21
519.4415771591
 31
0.0
  0
LINE
  5
352
330
206
100
AcDbEntity
  8
SUIT-00-06_PBL1
  6
Continuous
 62
     7
100
AcDbLine
 10
669.2782792736
 20
519.4415771591
 30
0.0
 11
772.6507723928
 21
519.4415771591
 31
0.0
  0
LINE
  5
353
330
206
100
AcDbEntity
  8
SUIT-00-06_PBL1
  6
Continuous
 62
     7
100
AcDbLine
 10
772.6507723928
 20
520.9415771591
 30
0.0
 11
669.2782792736
 21
520.9415771591
 31
0.0
  0
LINE
  5
354
330
206
100
AcDbEntity
  8
SUIT-00-06_PBL1
  6
Continuous
 62
     7
100
AcDbLine
 10
651.205181425
 20
520.9415771591
 30
0.0
 11
544.0082792737
 21
520.9415771591
 31
0.0
  0
LINE
  5
355
330
206
100
AcDbEntity
  8
SUIT-00-06_PBL1
  6
Continuous
 62
     7
100
AcDbLine
 10
733.9167303492999
 20
496.2315771591
 30
0.0
 11
733.9167303492999
 21
482.2315771591
 31
0.0
  0
LINE
  5
356
330
206
100
AcDbEntity
  8
SUIT-00-06_PBL1
  6
Continuous
 62
     7
100
AcDbLine
 10
734.1942303492999
 20
439.0890771591
 30
0.0
 11
734.1942303492999
 21
425.0890771591
 31
0.0
  0
LINE
  5
357
330
206
100
AcDbEntity
  8
SUIT-00-06_PBL1
  6
Continuous
 62
     7
100
AcDbLine
 10
734.2042303492999
 20
444.1215771591
 30
0.0
 11
734.2042303492999
 21
458.1215771591
 31
0.0
  0
LINE
  5
358
330
206
100
AcDbEntity
  8
SUIT-00-06_PBL1
  6
Continuous
 62
     7
100
AcDbLine
 10
738.6792303492999
 20
539.1015771591001
 30
0.0
 11
738.6792303492999
 21
525.1015771591001
 31
0.0
  0
LINE
  5
359
330
206
100
AcDbEntity
  8
SUIT-00-06_PBL1
  6
Continuous
 62
     7
100
AcDbLine
 10
738.6792303492999
 20
477.1815771591
 30
0.0
 11
738.6792303492999
 21
463.1815771591
 31
0.0
  0
LINE
  5
35A
330
206
100
AcDbEntity
  8
SUIT-00-06_PBL1
  6
Continuous
 62
     7
100
AcDbLine
 10
738.9667303493
 20
482.2315771591
 30
0.0
 11
738.9667303493
 21
496.2315771591
 31
0.0
  0
LINE
  5
35B
330
206
100
AcDbEntity
  8
SUIT-00-06_PBL1
  6
Continuous
 62
     7
100
AcDbLine
 10
862.5017303492999
 20
525.1015771591001
 30
0.0
 11
848.5017303492999
 21
525.1015771591001
 31
0.0
  0
LINE
  5
35C
330
206
100
AcDbEntity
  8
SUIT-00-06_PBL1
  6
Continuous
 62
     7
100
AcDbLine
 10
843.4517303493
 20
525.1015771591001
 30
0.0
 11
829.4517303493
 21
525.1015771591001
 31
0.0
  0
LINE
  5
35D
330
206
100
AcDbEntity
  8
SUIT-00-06_PBL1
  6
Continuous
 62
     7
100
AcDbLine
 10
824.4017303492999
 20
525.1015771591001
 30
0.0
 11
810.4017303492999
 21
525.1015771591001
 31
0.0
  0
LINE
  5
35E
330
206
100
AcDbEntity
  8
SUIT-00-06_PBL1
  6
Continuous
 62
     7
100
AcDbLine
 10
800.5917303493
 20
525.1015771591001
 30
0.0
 11
786.5917303493
 21
525.1015771591001
 31
0.0
  0
LINE
  5
35F
330
206
100
AcDbEntity
  8
SUIT-00-06_PBL1
  6
Continuous
 62
     7
100
AcDbLine
 10
776.7792303493
 20
525.1015771591001
 30
0.0
 11
762.7792303493
 21
525.1015771591001
 31
0.0
  0
LINE
  5
360
330
206
100
AcDbEntity
  8
SUIT-00-06_PBL1
  6
Continuous
 62
     7
100
AcDbLine
 10
757.7292303492999
 20
525.1015771591001
 30
0.0
 11
743.7292303492999
 21
525.1015771591001
 31
0.0
  0
LINE
  5
361
330
206
100
AcDbEntity
  8
SUIT-00-06_PBL1
  6
Continuous
 62
     7
100
AcDbLine
 10
738.6792303492999
 20
525.1015771591001
 30
0.0
 11
724.6792303492999
 21
525.1015771591001
 31
0.0
  0
LINE
  5
362
330
206
100
AcDbEntity
  8
SUIT-00-06_PBL1
  6
Continuous
 62
     7
100
AcDbLine
 10
719.6292303493
 20
525.1015771591001
 30
0.0
 11
705.6292303493
 21
525.1015771591001
 31
0.0
  0
LINE
  5
363
330
206
100
AcDbEntity
  8
SUIT-00-06_PBL1
  6
Continuous
 62
     7
100
AcDbLine
 10
695.8167303493
 20
525.1015771591001
 30
0.0
 11
681.8167303493
 21
525.1015771591001
 31
0.0
  0
LINE
  5
364
330
206
100
AcDbEntity
  8
SUIT-00-06_PBL1
  6
Continuous
 62
     7
100
AcDbLine
 10
676.7667303493
 20
525.1015771591001
 30
0.0
 11
662.7667303493
 21
525.1015771591001
 31
0.0
  0
LINE
  5
365
330
206
100
AcDbEntity
  8
SUIT-00-06_PBL1
  6
Continuous
 62
     7
100
AcDbLine
 10
657.7167303493
 20
525.1015771591001
 30
0.0
 11
643.7167303493
 21
525.1015771591001
 31
0.0
  0
LINE
  5
366
330
206
100
AcDbEntity
  8
SUIT-00-06_PBL1
  6
Continuous
 62
     7
100
AcDbLine
 10
638.6667303493
 20
525.1015771591001
 30
0.0
 11
624.6667303493
 21
525.1015771591001
 31
0.0
  0
LINE
  5
367
330
206
100
AcDbEntity
  8
SUIT-00-06_PBL1
  6
Continuous
 62
     7
100
AcDbLine
 10
614.8542303493
 20
525.1015771591001
 30
0.0
 11
600.8542303493
 21
525.1015771591001
 31
0.0
  0
LINE
  5
368
330
206
100
AcDbEntity
  8
SUIT-00-06_PBL1
  6
Continuous
 62
     7
100
AcDbLine
 10
595.8042303493
 20
525.1015771591001
 30
0.0
 11
581.8042303493
 21
525.1015771591001
 31
0.0
  0
LINE
  5
369
330
206
100
AcDbEntity
  8
SUIT-00-06_PBL1
  6
Continuous
 62
     7
100
AcDbLine
 10
576.7442303493
 20
525.1015771591001
 30
0.0
 11
562.7442303493
 21
525.1015771591001
 31
0.0
  0
LINE
  5
36A
330
206
100
AcDbEntity
  8
SUIT-00-06_PBL1
  6
Continuous
 62
     7
100
AcDbLine
 10
557.6942303493
 20
525.1015771591001
 30
0.0
 11
543.6942303493
 21
525.1015771591001
 31
0.0
  0
LINE
  5
36B
330
206
100
AcDbEntity
  8
SUIT-00-06_PBL1
  6
Continuous
 62
     7
100
AcDbLine
 10
533.8817303493
 20
525.1015771591001
 30
0.0
 11
519.8817303493
 21
525.1015771591001
 31
0.0
  0
LINE
  5
36C
330
206
100
AcDbEntity
  8
SUIT-00-06_PBL1
  6
Continuous
 62
     7
100
AcDbLine
 10
526.8817303493
 20
532.1015771591001
 30
0.0
 11
533.8817303493
 21
532.1015771591001
 31
0.0
  0
LINE
  5
36D
330
206
100
AcDbEntity
  8
SUIT-00-06_PBL1
  6
Continuous
 62
     7
100
AcDbLine
 10
743.4417303493
 20
515.2815771591
 30
0.0
 11
743.4417303493
 21
501.2815771591
 31
0.0
  0
LINE
  5
36E
330
206
100
AcDbEntity
  8
SUIT-00-06_PBL1
  6
Continuous
 62
     7
100
AcDbLine
 10
743.7292303492999
 20
463.1815771591
 30
0.0
 11
743.7292303492999
 21
477.1815771591
 31
0.0
  0
LINE
  5
36F
330
206
100
AcDbEntity
  8
SUIT-00-06_PBL1
  6
Continuous
 62
     7
100
AcDbLine
 10
743.7292303492999
 20
525.1015771591001
 30
0.0
 11
743.7292303492999
 21
539.1015771591001
 31
0.0
  0
LINE
  5
370
330
206
100
AcDbEntity
  8
SUIT-00-06_PBL1
  6
Continuous
 62
     7
100
AcDbLine
 10
748.1942303492999
 20
425.0890771591
 30
0.0
 11
748.1942303492999
 21
439.0890771591
 31
0.0
  0
LINE
  5
371
330
206
100
AcDbEntity
  8
SUIT-00-06_PBL1
  6
Continuous
 62
     7
100
AcDbLine
 10
748.2042303492999
 20
458.1215771591
 30
0.0
 11
748.2042303492999
 21
444.1215771591
 31
0.0
  0
LINE
  5
372
330
206
100
AcDbEntity
  8
SUIT-00-06_PBL1
  6
Continuous
 62
     7
100
AcDbLine
 10
748.4917303492999
 20
501.2815771591
 30
0.0
 11
748.4917303492999
 21
515.2815771591
 31
0.0
  0
LINE
  5
373
330
206
100
AcDbEntity
  8
SUIT-00-06_PBL1
  6
Continuous
 62
     7
100
AcDbLine
 10
752.9667303493
 20
496.2315771591
 30
0.0
 11
752.9667303493
 21
482.2315771591
 31
0.0
  0
LINE
  5
374
330
206
100
AcDbEntity
  8
SUIT-00-06_PBL1
  6
Continuous
 62
     7
100
AcDbLine
 10
519.8817303493
 20
539.1015771591001
 30
0.0
 11
533.8817303493
 21
539.1015771591001
 31
0.0
  0
LINE
  5
375
330
206
100
AcDbEntity
  8
SUIT-00-06_PBL1
  6
Continuous
 62
     7
100
AcDbLine
 10
543.6942303493
 20
539.1015771591001
 30
0.0
 11
557.6942303493
 21
539.1015771591001
 31
0.0
  0
LINE
  5
376
330
206
100
AcDbEntity
  8
SUIT-00-06_PBL1
  6
Continuous
 62
     7
100
AcDbLine
 10
562.7442303493
 20
539.1015771591001
 30
0.0
 11
576.7442303493
 21
539.1015771591001
 31
0.0
  0
LINE
  5
377
330
206
100
AcDbEntity
  8
SUIT-00-06_PBL1
  6
Continuous
 62
     7
100
AcDbLine
 10
581.8042303493
 20
539.1015771591001
 30
0.0
 11
595.8042303493
 21
539.1015771591001
 31
0.0
  0
LINE
  5
378
330
206
100
AcDbEntity
  8
SUIT-00-06_PBL1
  6
Continuous
 62
     7
100
AcDbLine
 10
600.8542303493
 20
539.1015771591001
 30
0.0
 11
614.8542303493
 21
539.1015771591001
 31
0.0
  0
LINE
  5
379
330
206
100
AcDbEntity
  8
SUIT-00-06_PBL1
  6
Continuous
 62
     7
100
AcDbLine
 10
624.6667303493
 20
539.1015771591001
 30
0.0
 11
638.6667303493
 21
539.1015771591001
 31
0.0
  0
LINE
  5
37A
330
206
100
AcDbEntity
  8
SUIT-00-06_PBL1
  6
Continuous
 62
     7
100
AcDbLine
 10
643.7167303493
 20
539.1015771591001
 30
0.0
 11
657.7167303493
 21
539.1015771591001
 31
0.0
  0
LINE
  5
37B
330
206
100
AcDbEntity
  8
SUIT-00-06_PBL1
  6
Continuous
 62
     7
100
AcDbLine
 10
662.7667303493
 20
539.1015771591001
 30
0.0
 11
676.7667303493
 21
539.1015771591001
 31
0.0
  0
LINE
  5
37C
330
206
100
AcDbEntity
  8
SUIT-00-06_PBL1
  6
Continuous
 62
     7
100
AcDbLine
 10
681.8167303493
 20
539.1015771591001
 30
0.0
 11
695.8167303493
 21
539.1015771591001
 31
0.0
  0
LINE
  5
37D
330
206
100
AcDbEntity
  8
SUIT-00-06_PBL1
  6
Continuous
 62
     7
100
AcDbLine
 10
705.6292303493
 20
539.1015771591001
 30
0.0
 11
719.6292303493
 21
539.1015771591001
 31
0.0
  0
LINE
  5
37E
330
206
100
AcDbEntity
  8
SUIT-00-06_PBL1
  6
Continuous
 62
     7
100
AcDbLine
 10
724.6792303492999
 20
539.1015771591001
 30
0.0
 11
738.6792303492999
 21
539.1015771591001
 31
0.0
  0
LINE
  5
37F
330
206
100
AcDbEntity
  8
SUIT-00-06_PBL1
  6
Continuous
 62
     7
100
AcDbLine
 10
743.7292303492999
 20
539.1015771591001
 30
0.0
 11
757.7292303492999
 21
539.1015771591001
 31
0.0
  0
LINE
  5
380
330
206
100
AcDbEntity
  8
SUIT-00-06_PBL1
  6
Continuous
 62
     7
100
AcDbLine
 10
762.7792303493
 20
539.1015771591001
 30
0.0
 11
776.7792303493
 21
539.1015771591001
 31
0.0
  0
LINE
  5
381
330
206
100
AcDbEntity
  8
SUIT-00-06_PBL1
  6
Continuous
 62
     7
100
AcDbLine
 10
786.5917303493
 20
539.1015771591001
 30
0.0
 11
800.5917303493
 21
539.1015771591001
 31
0.0
  0
LINE
  5
382
330
206
100
AcDbEntity
  8
SUIT-00-06_PBL1
  6
Continuous
 62
     7
100
AcDbLine
 10
810.4017303492999
 20
539.1015771591001
 30
0.0
 11
824.4017303492999
 21
539.1015771591001
 31
0.0
  0
LINE
  5
383
330
206
100
AcDbEntity
  8
SUIT-00-06_PBL1
  6
Continuous
 62
     7
100
AcDbLine
 10
829.4517303493
 20
539.1015771591001
 30
0.0
 11
843.4517303493
 21
539.1015771591001
 31
0.0
  0
LINE
  5
384
330
206
100
AcDbEntity
  8
SUIT-00-06_PBL1
  6
Continuous
 62
     7
100
AcDbLine
 10
848.5017303492999
 20
539.1015771591001
 30
0.0
 11
862.5017303492999
 21
539.1015771591001
 31
0.0
  0
LINE
  5
385
330
206
100
AcDbEntity
  8
SUIT-00-06_PBL1
  6
Continuous
 62
     7
100
AcDbLine
 10
864.5017303492999
 20
542.6015771591001
 30
0.0
 11
850.5017303492999
 21
542.6015771591001
 31
0.0
  0
LINE
  5
386
330
206
100
AcDbEntity
  8
SUIT-00-06_PBL1
  6
Continuous
 62
     7
100
AcDbLine
 10
819.5017303492999
 20
542.6015771591001
 30
0.0
 11
779.6917303493
 21
542.6015771591001
 31
0.0
  0
LINE
  5
387
330
206
100
AcDbEntity
  8
SUIT-00-06_PBL1
  6
Continuous
 62
     7
100
AcDbLine
 10
712.6917303493
 20
542.6015771591001
 30
0.0
 11
669.6917303493
 21
542.6015771591001
 31
0.0
  0
LINE
  5
388
330
206
100
AcDbEntity
  8
SUIT-00-06_PBL1
  6
Continuous
 62
     7
100
AcDbLine
 10
602.6917303493
 20
542.6015771591001
 30
0.0
 11
562.8817303493
 21
542.6015771591001
 31
0.0
  0
LINE
  5
389
330
206
100
AcDbEntity
  8
SUIT-00-06_PBL1
  6
Continuous
 62
     7
100
AcDbLine
 10
531.8817303493
 20
542.6015771591001
 30
0.0
 11
517.8817303493
 21
542.6015771591001
 31
0.0
  0
LINE
  5
38A
330
206
100
AcDbEntity
  8
SUIT-00-06_PBL1
  6
Continuous
 62
     7
100
AcDbLine
 10
862.5017303492999
 20
543.6015771591001
 30
0.0
 11
850.5017303492999
 21
543.6015771591001
 31
0.0
  0
LINE
  5
38B
330
206
100
AcDbEntity
  8
SUIT-00-06_PBL1
  6
Continuous
 62
     7
100
AcDbLine
 10
819.5017303492999
 20
543.6015771591001
 30
0.0
 11
807.5017303492999
 21
543.6015771591001
 31
0.0
  0
LINE
  5
38C
330
206
100
AcDbEntity
  8
SUIT-00-06_PBL1
  6
Continuous
 62
     7
100
AcDbLine
 10
794.1917303493
 20
543.6015771591001
 30
0.0
 11
779.6917303493
 21
543.6015771591001
 31
0.0
  0
LINE
  5
38D
330
206
100
AcDbEntity
  8
SUIT-00-06_PBL1
  6
Continuous
 62
     7
100
AcDbLine
 10
712.6917303493
 20
543.6015771591001
 30
0.0
 11
698.1917303493
 21
543.6015771591001
 31
0.0
  0
LINE
  5
38E
330
206
100
AcDbEntity
  8
SUIT-00-06_PBL1
  6
Continuous
 62
     7
100
AcDbLine
 10
684.1917303493
 20
543.6015771591001
 30
0.0
 11
669.6917303493
 21
543.6015771591001
 31
0.0
  0
LINE
  5
38F
330
206
100
AcDbEntity
  8
SUIT-00-06_PBL1
  6
Continuous
 62
     7
100
AcDbLine
 10
602.6917303493
 20
543.6015771591001
 30
0.0
 11
588.1917303493
 21
543.6015771591001
 31
0.0
  0
LINE
  5
390
330
206
100
AcDbEntity
  8
SUIT-00-06_PBL1
  6
Continuous
 62
     7
100
AcDbLine
 10
574.8817303493
 20
543.6015771591001
 30
0.0
 11
562.8817303493
 21
543.6015771591001
 31
0.0
  0
LINE
  5
391
330
206
100
AcDbEntity
  8
SUIT-00-06_PBL1
  6
Continuous
 62
     7
100
AcDbLine
 10
531.8817303493
 20
543.6015771591001
 30
0.0
 11
519.8817303493
 21
543.6015771591001
 31
0.0
  0
LINE
  5
392
330
206
100
AcDbEntity
  8
SUIT-00-06_PBL1
  6
Continuous
 62
     7
100
AcDbLine
 10
757.7292303492999
 20
539.1015771591001
 30
0.0
 11
757.7292303492999
 21
525.1015771591001
 31
0.0
  0
LINE
  5
393
330
206
100
AcDbEntity
  8
SUIT-00-06_PBL1
  6
Continuous
 62
     7
100
AcDbLine
 10
757.7292303492999
 20
477.1815771591
 30
0.0
 11
757.7292303492999
 21
463.1815771591
 31
0.0
  0
LINE
  5
394
330
206
100
AcDbEntity
  8
SUIT-00-06_PBL1
  6
Continuous
 62
     7
100
AcDbLine
 10
758.0167303492999
 20
482.2315771591
 30
0.0
 11
758.0167303492999
 21
496.2315771591
 31
0.0
  0
LINE
  5
395
330
206
100
AcDbEntity
  8
SUIT-00-06_PBL1
  6
Continuous
 62
     7
100
AcDbLine
 10
761.3729803493
 20
444.1215771591
 30
0.0
 11
761.3729803493
 21
456.6215771591
 31
0.0
  0
LINE
  5
396
330
206
100
AcDbEntity
  8
SUIT-00-06_PBL1
  6
Continuous
 62
     7
100
AcDbLine
 10
762.4917303492999
 20
515.2815771591
 30
0.0
 11
762.4917303492999
 21
501.2815771591
 31
0.0
  0
LINE
  5
397
330
206
100
AcDbEntity
  8
SUIT-00-06_PBL1
  6
Continuous
 62
     7
100
AcDbLine
 10
762.7792303493
 20
525.1015771591001
 30
0.0
 11
762.7792303493
 21
539.1015771591001
 31
0.0
  0
LINE
  5
398
330
206
100
AcDbEntity
  8
SUIT-00-06_PBL1
  6
Continuous
 62
     7
100
AcDbLine
 10
766.1254803492999
 20
477.1890771591
 30
0.0
 11
766.1254803492999
 21
464.6890771591
 31
0.0
  0
LINE
  5
399
330
206
100
AcDbEntity
  8
SUIT-00-06_PBL1
  6
Continuous
 62
     7
100
AcDbLine
 10
862.5017303492999
 20
547.1015771591001
 30
0.0
 11
807.5017303492999
 21
547.1015771591001
 31
0.0
  0
LINE
  5
39A
330
206
100
AcDbEntity
  8
SUIT-00-06_PBL1
  6
Continuous
 62
     7
100
AcDbLine
 10
794.1917303493
 20
547.1015771591001
 30
0.0
 11
698.1917303493
 21
547.1015771591001
 31
0.0
  0
LINE
  5
39B
330
206
100
AcDbEntity
  8
SUIT-00-06_PBL1
  6
Continuous
 62
     7
100
AcDbLine
 10
684.1917303493
 20
547.1015771591001
 30
0.0
 11
588.1917303493
 21
547.1015771591001
 31
0.0
  0
LINE
  5
39C
330
206
100
AcDbEntity
  8
SUIT-00-06_PBL1
  6
Continuous
 62
     7
100
AcDbLine
 10
574.8817303493
 20
547.1015771591001
 30
0.0
 11
519.8817303493
 21
547.1015771591001
 31
0.0
  0
LINE
  5
39D
330
206
100
AcDbEntity
  8
SUIT-00-06_PBL1
  6
Continuous
 62
     7
100
AcDbLine
 10
768.5067303492999
 20
513.7890771591001
 30
0.0
 11
768.5067303492999
 21
501.2890771591
 31
0.0
  0
LINE
  5
39E
330
206
100
AcDbEntity
  8
SUIT-00-06_PBL1
  6
Continuous
 62
     7
100
AcDbLine
 10
768.6729803492999
 20
456.6215771591
 30
0.0
 11
768.6729803492999
 21
444.1215771591
 31
0.0
  0
LINE
  5
39F
330
206
100
AcDbEntity
  8
SUIT-00-06_PBL1
  6
Continuous
 62
     7
100
AcDbLine
 10
769.9229803492999
 20
444.1215771591
 30
0.0
 11
769.9229803492999
 21
458.1215771591
 31
0.0
  0
LINE
  5
3A0
330
206
100
AcDbEntity
  8
SUIT-00-06_PBL1
  6
Continuous
 62
     7
100
AcDbLine
 10
772.0167303492999
 20
496.2315771591
 30
0.0
 11
772.0167303492999
 21
482.2315771591
 31
0.0
  0
LINE
  5
3A1
330
206
100
AcDbEntity
  8
SUIT-00-06_PBL1
  6
Continuous
 62
     7
100
AcDbLine
 10
773.4254803493
 20
464.6890771591
 30
0.0
 11
773.4254803493
 21
477.1890771591
 31
0.0
  0
LINE
  5
3A2
330
206
100
AcDbEntity
  8
SUIT-00-06_PBL1
  6
Continuous
 62
     7
100
AcDbLine
 10
774.6754803493
 20
477.1890771591
 30
0.0
 11
774.6754803493
 21
463.1890771591
 31
0.0
  0
LINE
  5
3A3
330
206
100
AcDbEntity
  8
SUIT-00-06_PBL1
  6
Continuous
 62
     7
100
AcDbLine
 10
775.8067303493
 20
501.2890771591
 30
0.0
 11
775.8067303493
 21
513.7890771591001
 31
0.0
  0
LINE
  5
3A4
330
206
100
AcDbEntity
  8
SUIT-00-06_PBL1
  6
Continuous
 62
     7
100
AcDbLine
 10
776.7792303493
 20
539.1015771591001
 30
0.0
 11
776.7792303493
 21
525.1015771591001
 31
0.0
  0
LINE
  5
3A5
330
206
100
AcDbEntity
  8
SUIT-00-06_PBL1
  6
Continuous
 62
     7
100
AcDbLine
 10
777.0567303493
 20
515.2890771591001
 30
0.0
 11
777.0567303493
 21
501.2890771591
 31
0.0
  0
LINE
  5
3A6
330
206
100
AcDbEntity
  8
SUIT-00-06_PBL1
  6
Continuous
 62
     7
100
AcDbLine
 10
781.8192303492999
 20
439.0890771591
 30
0.0
 11
781.8192303492999
 21
425.0890771591
 31
0.0
  0
LINE
  5
3A7
330
206
100
AcDbEntity
  8
SUIT-00-06_PBL1
  6
Continuous
 62
     7
100
AcDbLine
 10
781.8292303492999
 20
482.2315771591
 30
0.0
 11
781.8292303492999
 21
496.2315771591
 31
0.0
  0
LINE
  5
3A8
330
206
100
AcDbEntity
  8
SUIT-00-06_PBL1
  6
Continuous
 62
     7
100
AcDbLine
 10
783.9229803492999
 20
458.1215771591
 30
0.0
 11
783.9229803492999
 21
444.1215771591
 31
0.0
  0
LINE
  5
3A9
330
206
100
AcDbEntity
  8
SUIT-00-06_PBL1
  6
Continuous
 62
     7
100
AcDbLine
 10
785.1729803492999
 20
444.1215771591
 30
0.0
 11
785.1729803492999
 21
456.6215771591
 31
0.0
  0
LINE
  5
3AA
330
206
100
AcDbEntity
  8
SUIT-00-06_PBL1
  6
Continuous
 62
     7
100
AcDbLine
 10
786.5917303493
 20
525.1015771591001
 30
0.0
 11
786.5917303493
 21
539.1015771591001
 31
0.0
  0
LINE
  5
3AB
330
206
100
AcDbEntity
  8
SUIT-00-06_PBL1
  6
Continuous
 62
     7
100
AcDbLine
 10
788.6754803493
 20
463.1890771591
 30
0.0
 11
788.6754803493
 21
477.1890771591
 31
0.0
  0
LINE
  5
3AC
330
206
100
AcDbEntity
  8
SUIT-00-06_PBL1
  6
Continuous
 62
     7
100
AcDbLine
 10
789.9254803493
 20
477.1890771591
 30
0.0
 11
789.9254803493
 21
464.6890771591
 31
0.0
  0
LINE
  5
3AD
330
206
100
AcDbEntity
  8
SUIT-00-06_PBL1
  6
Continuous
 62
     7
100
AcDbLine
 10
791.0567303493
 20
501.2890771591
 30
0.0
 11
791.0567303493
 21
515.2890771591001
 31
0.0
  0
LINE
  5
3AE
330
206
100
AcDbEntity
  8
SUIT-00-06_PBL1
  6
Continuous
 62
     7
100
AcDbLine
 10
792.3067303493
 20
513.7890771591001
 30
0.0
 11
792.3067303493
 21
501.2890771591
 31
0.0
  0
LINE
  5
3AF
330
206
100
AcDbEntity
  8
SUIT-00-06_PBL1
  6
Continuous
 62
     7
100
AcDbLine
 10
792.4729803493
 20
456.6215771591
 30
0.0
 11
792.4729803493
 21
444.1215771591
 31
0.0
  0
LINE
  5
3B0
330
206
100
AcDbEntity
  8
SUIT-00-06_PBL1
  6
Continuous
 62
     7
100
AcDbLine
 10
795.1917303493
 20
418.6015771591
 30
0.0
 11
795.1917303493
 21
420.1015771591
 31
0.0
  0
LINE
  5
3B1
330
206
100
AcDbEntity
  8
SUIT-00-06_PBL1
  6
Continuous
 62
     7
100
AcDbLine
 10
795.1917303493
 20
544.6015771591001
 30
0.0
 11
795.1917303493
 21
546.1015771591001
 31
0.0
  0
LINE
  5
3B2
330
206
100
AcDbEntity
  8
SUIT-00-06_PBL1
  6
Continuous
 62
     7
100
AcDbLine
 10
795.8192303492999
 20
425.0890771591
 30
0.0
 11
795.8192303492999
 21
439.0890771591
 31
0.0
  0
LINE
  5
3B3
330
206
100
AcDbEntity
  8
SUIT-00-06_PBL1
  6
Continuous
 62
     7
100
AcDbLine
 10
795.8292303492999
 20
496.2315771591
 30
0.0
 11
795.8292303492999
 21
482.2315771591
 31
0.0
  0
LINE
  5
3B4
330
206
100
AcDbEntity
  8
SUIT-00-06_PBL1
  6
Continuous
 62
     7
100
AcDbLine
 10
797.2254803492999
 20
464.6890771591
 30
0.0
 11
797.2254803492999
 21
477.1890771591
 31
0.0
  0
LINE
  5
3B5
330
206
100
AcDbEntity
  8
SUIT-00-06_PBL1
  6
Continuous
 62
     7
100
AcDbLine
 10
799.6067303492999
 20
501.2890771591
 30
0.0
 11
799.6067303492999
 21
513.7890771591001
 31
0.0
  0
LINE
  5
3B6
330
206
100
AcDbEntity
  8
SUIT-00-06_PBL1
  6
Continuous
 62
     7
100
AcDbLine
 10
800.5917303493
 20
539.1015771591001
 30
0.0
 11
800.5917303493
 21
525.1015771591001
 31
0.0
  0
LINE
  5
3B7
330
206
100
AcDbEntity
  8
SUIT-00-06_PBL1
  6
Continuous
 62
     7
100
AcDbLine
 10
804.7467303492999
 20
536.323459076
 30
0.0
 11
804.7467303492999
 21
482.9815771591
 31
0.0
  0
LINE
  5
3B8
330
206
100
AcDbEntity
  8
SUIT-00-06_PBL1
  6
Continuous
 62
     7
100
AcDbLine
 10
804.7467303492999
 20
476.4390771591
 30
0.0
 11
804.7467303492999
 21
427.7803704303
 31
0.0
  0
LINE
  5
3B9
330
206
100
AcDbEntity
  8
SUIT-00-06_PBL1
  6
Continuous
 62
     7
100
AcDbLine
 10
806.2467303492999
 20
427.7803704303
 30
0.0
 11
806.2467303492999
 21
476.4390771591
 31
0.0
  0
LINE
  5
3BA
330
206
100
AcDbEntity
  8
SUIT-00-06_PBL1
  6
Continuous
 62
     7
100
AcDbLine
 10
806.2467303492999
 20
482.9815771591
 30
0.0
 11
806.2467303492999
 21
536.323459076
 31
0.0
  0
LINE
  5
3BB
330
206
100
AcDbEntity
  8
SUIT-00-06_PBL1
  6
Continuous
 62
     7
100
AcDbLine
 10
806.5017303492999
 20
546.1015771591001
 30
0.0
 11
806.5017303492999
 21
544.6015771591001
 31
0.0
  0
LINE
  5
3BC
330
206
100
AcDbEntity
  8
SUIT-00-06_PBL1
  6
Continuous
 62
     7
100
AcDbLine
 10
806.5017303492999
 20
420.1015771591
 30
0.0
 11
806.5017303492999
 21
418.6015771591
 31
0.0
  0
LINE
  5
3BD
330
206
100
AcDbEntity
  8
SUIT-00-06_PBL1
  6
Continuous
 62
     7
100
AcDbLine
 10
807.6117303492999
 20
477.8515771591
 30
0.0
 11
807.6117303492999
 21
471.3515771591
 31
0.0
  0
LINE
  5
3BE
330
206
100
AcDbEntity
  8
SUIT-00-06_PBL1
  6
Continuous
 62
     7
100
AcDbLine
 10
810.4017303492999
 20
425.0715771591001
 30
0.0
 11
810.4017303492999
 21
439.0715771591001
 31
0.0
  0
LINE
  5
3BF
330
206
100
AcDbEntity
  8
SUIT-00-06_PBL1
  6
Continuous
 62
     7
100
AcDbLine
 10
810.4017303492999
 20
482.2315771591
 30
0.0
 11
810.4017303492999
 21
496.2315771591
 31
0.0
  0
LINE
  5
3C0
330
206
100
AcDbEntity
  8
SUIT-00-06_PBL1
  6
Continuous
 62
     7
100
AcDbLine
 10
810.4017303492999
 20
501.2815771591
 30
0.0
 11
810.4017303492999
 21
515.2815771591
 31
0.0
  0
LINE
  5
3C1
330
206
100
AcDbEntity
  8
SUIT-00-06_PBL1
  6
Continuous
 62
     7
100
AcDbLine
 10
810.4017303492999
 20
525.1015771591001
 30
0.0
 11
810.4017303492999
 21
539.1015771591001
 31
0.0
  0
LINE
  5
3C2
330
206
100
AcDbEntity
  8
SUIT-00-06_PBL1
  6
Continuous
 62
     7
100
AcDbLine
 10
824.4017303492999
 20
539.1015771591001
 30
0.0
 11
824.4017303492999
 21
525.1015771591001
 31
0.0
  0
LINE
  5
3C3
330
206
100
AcDbEntity
  8
SUIT-00-06_PBL1
  6
Continuous
 62
     7
100
AcDbLine
 10
824.4017303492999
 20
515.2815771591
 30
0.0
 11
824.4017303492999
 21
501.2815771591
 31
0.0
  0
LINE
  5
3C4
330
206
100
AcDbEntity
  8
SUIT-00-06_PBL1
  6
Continuous
 62
     7
100
AcDbLine
 10
824.4017303492999
 20
496.2315771591
 30
0.0
 11
824.4017303492999
 21
482.2315771591
 31
0.0
  0
LINE
  5
3C5
330
206
100
AcDbEntity
  8
SUIT-00-06_PBL1
  6
Continuous
 62
     7
100
AcDbLine
 10
824.4017303492999
 20
439.0715771591001
 30
0.0
 11
824.4017303492999
 21
425.0715771591001
 31
0.0
  0
LINE
  5
3C6
330
206
100
AcDbEntity
  8
SUIT-00-06_PBL1
  6
Continuous
 62
     7
100
AcDbLine
 10
827.1117303492999
 20
471.3515771591
 30
0.0
 11
827.1117303492999
 21
477.8515771591
 31
0.0
  0
LINE
  5
3C7
330
206
100
AcDbEntity
  8
SUIT-00-06_PBL1
  6
Continuous
 62
     7
100
AcDbLine
 10
829.4517303493
 20
425.0715771591001
 30
0.0
 11
829.4517303493
 21
439.0715771591001
 31
0.0
  0
LINE
  5
3C8
330
206
100
AcDbEntity
  8
SUIT-00-06_PBL1
  6
Continuous
 62
     7
100
AcDbLine
 10
829.4517303493
 20
444.1215771591
 30
0.0
 11
829.4517303493
 21
458.1215771591
 31
0.0
  0
LINE
  5
3C9
330
206
100
AcDbEntity
  8
SUIT-00-06_PBL1
  6
Continuous
 62
     7
100
AcDbLine
 10
829.4517303493
 20
482.2315771591
 30
0.0
 11
829.4517303493
 21
496.2315771591
 31
0.0
  0
LINE
  5
3CA
330
206
100
AcDbEntity
  8
SUIT-00-06_PBL1
  6
Continuous
 62
     7
100
AcDbLine
 10
829.4517303493
 20
501.2815771591
 30
0.0
 11
829.4517303493
 21
515.2815771591
 31
0.0
  0
LINE
  5
3CB
330
206
100
AcDbEntity
  8
SUIT-00-06_PBL1
  6
Continuous
 62
     7
100
AcDbLine
 10
829.4517303493
 20
525.1015771591001
 30
0.0
 11
829.4517303493
 21
539.1015771591001
 31
0.0
  0
LINE
  5
3CC
330
206
100
AcDbEntity
  8
SUIT-00-06_PBL1
  6
Continuous
 62
     7
100
AcDbLine
 10
843.4517303493
 20
539.1015771591001
 30
0.0
 11
843.4517303493
 21
525.1015771591001
 31
0.0
  0
LINE
  5
3CD
330
206
100
AcDbEntity
  8
SUIT-00-06_PBL1
  6
Continuous
 62
     7
100
AcDbLine
 10
843.4517303493
 20
515.2815771591
 30
0.0
 11
843.4517303493
 21
501.2815771591
 31
0.0
  0
LINE
  5
3CE
330
206
100
AcDbEntity
  8
SUIT-00-06_PBL1
  6
Continuous
 62
     7
100
AcDbLine
 10
843.4517303493
 20
496.2315771591
 30
0.0
 11
843.4517303493
 21
482.2315771591
 31
0.0
  0
LINE
  5
3CF
330
206
100
AcDbEntity
  8
SUIT-00-06_PBL1
  6
Continuous
 62
     7
100
AcDbLine
 10
843.4517303493
 20
458.1215771591
 30
0.0
 11
843.4517303493
 21
444.1215771591
 31
0.0
  0
LINE
  5
3D0
330
206
100
AcDbEntity
  8
SUIT-00-06_PBL1
  6
Continuous
 62
     7
100
AcDbLine
 10
843.4517303493
 20
439.0715771591001
 30
0.0
 11
843.4517303493
 21
425.0715771591001
 31
0.0
  0
LINE
  5
3D1
330
206
100
AcDbEntity
  8
SUIT-00-06_PBL1
  6
Continuous
 62
     7
100
AcDbLine
 10
848.5017303492999
 20
425.0715771591001
 30
0.0
 11
848.5017303492999
 21
439.0715771591001
 31
0.0
  0
LINE
  5
3D2
330
206
100
AcDbEntity
  8
SUIT-00-06_PBL1
  6
Continuous
 62
     7
100
AcDbLine
 10
848.5017303492999
 20
482.2315771591
 30
0.0
 11
848.5017303492999
 21
496.2315771591
 31
0.0
  0
LINE
  5
3D3
330
206
100
AcDbEntity
  8
SUIT-00-06_PBL1
  6
Continuous
 62
     7
100
AcDbLine
 10
848.5017303492999
 20
501.2815771591
 30
0.0
 11
848.5017303492999
 21
515.2815771591
 31
0.0
  0
LINE
  5
3D4
330
206
100
AcDbEntity
  8
SUIT-00-06_PBL1
  6
Continuous
 62
     7
100
AcDbLine
 10
848.5017303492999
 20
525.1015771591001
 30
0.0
 11
848.5017303492999
 21
539.1015771591001
 31
0.0
  0
LINE
  5
3D5
330
206
100
AcDbEntity
  8
SUIT-00-06_PBL1
  6
Continuous
 62
     7
100
AcDbLine
 10
862.5017303492999
 20
539.1015771591001
 30
0.0
 11
862.5017303492999
 21
525.1015771591001
 31
0.0
  0
LINE
  5
3D6
330
206
100
AcDbEntity
  8
SUIT-00-06_PBL1
  6
Continuous
 62
     7
100
AcDbLine
 10
862.5017303492999
 20
515.2815771591
 30
0.0
 11
862.5017303492999
 21
501.2815771591
 31
0.0
  0
LINE
  5
3D7
330
206
100
AcDbEntity
  8
SUIT-00-06_PBL1
  6
Continuous
 62
     7
100
AcDbLine
 10
862.5017303492999
 20
496.2315771591
 30
0.0
 11
862.5017303492999
 21
482.2315771591
 31
0.0
  0
LINE
  5
3D8
330
206
100
AcDbEntity
  8
SUIT-00-06_PBL1
  6
Continuous
 62
     7
100
AcDbLine
 10
862.5017303492999
 20
439.0715771591001
 30
0.0
 11
862.5017303492999
 21
425.0715771591001
 31
0.0
  0
LINE
  5
3D9
330
206
100
AcDbEntity
  8
SUIT-00-06_PBL1
  6
Continuous
 62
     7
100
AcDbLine
 10
863.5017303492999
 20
418.6015771591
 30
0.0
 11
863.5017303492999
 21
420.1015771591
 31
0.0
  0
LINE
  5
3DA
330
206
100
AcDbEntity
  8
SUIT-00-06_PBL1
  6
Continuous
 62
     7
100
AcDbLine
 10
863.5017303492999
 20
544.6015771591001
 30
0.0
 11
863.5017303492999
 21
546.1015771591001
 31
0.0
  0
LINE
  5
3DB
330
206
100
AcDbEntity
  8
SUIT-00-06_PBL1
  6
Continuous
 62
     7
100
AcDbLine
 10
865.5017303492999
 20
423.1015771591
 30
0.0
 11
865.5017303492999
 21
541.6015771591001
 31
0.0
  0
CIRCLE
  5
3DC
330
206
100
AcDbEntity
  8
SUIT-00-06_PBL1
  6
Continuous
 62
     7
100
AcDbCircle
 10
594.6048215014
 20
441.5965771591
 30
0.0
 40
2.3
  0
CIRCLE
  5
3DD
330
206
100
AcDbEntity
  8
SUIT-00-06_PBL1
  6
Continuous
 62
     7
100
AcDbCircle
 10
542.3592303493
 20
437.2960481793
 30
0.0
 40
2.3
  0
CIRCLE
  5
3DE
330
206
100
AcDbEntity
  8
SUIT-00-06_PBL1
  6
Continuous
 62
     7
100
AcDbCircle
 10
594.6048215014
 20
441.5965771591
 30
0.0
 40
1.1
  0
CIRCLE
  5
3DF
330
206
100
AcDbEntity
  8
SUIT-00-06_PBL1
  6
Continuous
 62
     7
100
AcDbCircle
 10
542.3592303493
 20
437.2960481793
 30
0.0
 40
1.1
  0
ARC
  5
3E0
330
206
100
AcDbEntity
  8
SUIT-00-06_PBL1
  6
Continuous
 62
     7
100
AcDbCircle
 10
517.8817303493
 20
423.1015771591
 30
0.0
 40
1.0
100
AcDbArc
 50
180.0
 51
270.0
  0
ARC
  5
3E1
330
206
100
AcDbEntity
  8
SUIT-00-06_PBL1
  6
Continuous
 62
     7
100
AcDbCircle
 10
519.8817303493
 20
420.1015771591
 30
0.0
 40
1.0
100
AcDbArc
 50
90.0
 51
180.0
  0
ARC
  5
3E2
330
206
100
AcDbEntity
  8
SUIT-00-06_PBL1
  6
Continuous
 62
     7
100
AcDbCircle
 10
519.8817303493
 20
418.6015771591
 30
0.0
 40
1.0
100
AcDbArc
 50
180.0
 51
270.0
  0
ARC
  5
3E3
330
206
100
AcDbEntity
  8
SUIT-00-06_PBL1
  6
Continuous
 62
     7
100
AcDbCircle
 10
574.8817303493
 20
418.6015771591
 30
0.0
 40
1.0
100
AcDbArc
 50
270.0
 51
360.0
  0
ARC
  5
3E4
330
206
100
AcDbEntity
  8
SUIT-00-06_PBL1
  6
Continuous
 62
     7
100
AcDbCircle
 10
574.8817303493
 20
420.1015771591
 30
0.0
 40
1.0
100
AcDbArc
 50
0.0
 51
90.0
  0
ARC
  5
3E5
330
206
100
AcDbEntity
  8
SUIT-00-06_PBL1
  6
Continuous
 62
     7
100
AcDbCircle
 10
588.1917303493
 20
420.1015771591
 30
0.0
 40
1.0
100
AcDbArc
 50
90.0
 51
180.0
  0
ARC
  5
3E6
330
206
100
AcDbEntity
  8
SUIT-00-06_PBL1
  6
Continuous
 62
     7
100
AcDbCircle
 10
588.1917303493
 20
418.6015771591
 30
0.0
 40
1.0
100
AcDbArc
 50
180.0
 51
270.0
  0
ARC
  5
3E7
330
206
100
AcDbEntity
  8
SUIT-00-06_PBL1
  6
Continuous
 62
     7
100
AcDbCircle
 10
600.4317303493
 20
426.5890771591
 30
0.0
 40
1.0
100
AcDbArc
 50
180.0
 51
270.0
  0
ARC
  5
3E8
330
206
100
AcDbEntity
  8
SUIT-00-06_PBL1
  6
Continuous
 62
     7
100
AcDbCircle
 10
600.4317303493
 20
439.0890771591
 30
0.0
 40
1.0
100
AcDbArc
 50
90.0
 51
180.0
  0
ARC
  5
3E9
330
206
100
AcDbEntity
  8
SUIT-00-06_PBL1
  6
Continuous
 62
     7
100
AcDbCircle
 10
548.0379553493
 20
444.1385771591
 30
0.0
 40
1.0
100
AcDbArc
 50
180.0
 51
270.0
  0
ARC
  5
3EA
330
206
100
AcDbEntity
  8
SUIT-00-06_PBL1
  6
Continuous
 62
     7
100
AcDbCircle
 10
553.3379553493
 20
444.1385771591
 30
0.0
 40
1.0
100
AcDbArc
 50
270.0
 51
360.0
  0
ARC
  5
3EB
330
206
100
AcDbEntity
  8
SUIT-00-06_PBL1
  6
Continuous
 62
     7
100
AcDbCircle
 10
524.2379553493
 20
444.1385771591
 30
0.0
 40
1.0
100
AcDbArc
 50
180.0
 51
270.0
  0
ARC
  5
3EC
330
206
100
AcDbEntity
  8
SUIT-00-06_PBL1
  6
Continuous
 62
     7
100
AcDbCircle
 10
529.5379553493
 20
444.1385771591
 30
0.0
 40
1.0
100
AcDbArc
 50
270.0
 51
360.0
  0
ARC
  5
3ED
330
206
100
AcDbEntity
  8
SUIT-00-06_PBL1
  6
Continuous
 62
     7
100
AcDbCircle
 10
531.8817303493
 20
421.6015771591
 30
0.0
 40
0.5
100
AcDbArc
 50
270.0
 51
90.0
  0
ARC
  5
3EE
330
206
100
AcDbEntity
  8
SUIT-00-06_PBL1
  6
Continuous
 62
     7
100
AcDbCircle
 10
562.8817303493
 20
421.6015771591
 30
0.0
 40
0.5
100
AcDbArc
 50
90.0
 51
270.0
  0
CIRCLE
  5
3EF
330
206
100
AcDbEntity
  8
SUIT-00-06_PBL1
  6
Continuous
 62
     7
100
AcDbCircle
 10
545.9317303493
 20
479.7065771591
 30
0.0
 40
2.3
  0
CIRCLE
  5
3F0
330
206
100
AcDbEntity
  8
SUIT-00-06_PBL1
  6
Continuous
 62
     7
100
AcDbCircle
 10
545.9317303493
 20
479.7065771591
 30
0.0
 40
1.1
  0
ARC
  5
3F1
330
206
100
AcDbEntity
  8
SUIT-00-06_PBL1
  6
Continuous
 62
     7
100
AcDbCircle
 10
548.0379553493
 20
456.6385771591
 30
0.0
 40
1.0
100
AcDbArc
 50
90.0
 51
180.0
  0
ARC
  5
3F2
330
206
100
AcDbEntity
  8
SUIT-00-06_PBL1
  6
Continuous
 62
     7
100
AcDbCircle
 10
553.3379553493
 20
456.6385771591
 30
0.0
 40
1.0
100
AcDbArc
 50
0.0
 51
90.0
  0
ARC
  5
3F3
330
206
100
AcDbEntity
  8
SUIT-00-06_PBL1
  6
Continuous
 62
     7
100
AcDbCircle
 10
524.2379553493
 20
456.6385771591
 30
0.0
 40
1.0
100
AcDbArc
 50
90.0
 51
180.0
  0
ARC
  5
3F4
330
206
100
AcDbEntity
  8
SUIT-00-06_PBL1
  6
Continuous
 62
     7
100
AcDbCircle
 10
529.5379553493
 20
456.6385771591
 30
0.0
 40
1.0
100
AcDbArc
 50
0.0
 51
90.0
  0
ARC
  5
3F5
330
206
100
AcDbEntity
  8
SUIT-00-06_PBL1
  6
Continuous
 62
     7
100
AcDbCircle
 10
684.1917303493
 20
418.6015771591
 30
0.0
 40
1.0
100
AcDbArc
 50
270.0
 51
360.0
  0
ARC
  5
3F6
330
206
100
AcDbEntity
  8
SUIT-00-06_PBL1
  6
Continuous
 62
     7
100
AcDbCircle
 10
684.1917303493
 20
420.1015771591
 30
0.0
 40
1.0
100
AcDbArc
 50
0.0
 51
90.0
  0
ARC
  5
3F7
330
206
100
AcDbEntity
  8
SUIT-00-06_PBL1
  6
Continuous
 62
     7
100
AcDbCircle
 10
605.7317303493
 20
439.0890771591
 30
0.0
 40
1.0
100
AcDbArc
 50
0.0
 51
90.0
  0
ARC
  5
3F8
330
206
100
AcDbEntity
  8
SUIT-00-06_PBL1
  6
Continuous
 62
     7
100
AcDbCircle
 10
605.7317303493
 20
426.5890771591
 30
0.0
 40
1.0
100
AcDbArc
 50
270.0
 51
360.0
  0
ARC
  5
3F9
330
206
100
AcDbEntity
  8
SUIT-00-06_PBL1
  6
Continuous
 62
     7
100
AcDbCircle
 10
672.2317303493
 20
432.0890771591
 30
0.0
 40
0.75
100
AcDbArc
 50
90.0
 51
270.0
  0
ARC
  5
3FA
330
206
100
AcDbEntity
  8
SUIT-00-06_PBL1
  6
Continuous
 62
     7
100
AcDbCircle
 10
648.2317303493
 20
432.0890771591
 30
0.0
 40
0.75
100
AcDbArc
 50
270.0
 51
90.0
  0
ARC
  5
3FB
330
206
100
AcDbEntity
  8
SUIT-00-06_PBL1
  6
Continuous
 62
     7
100
AcDbCircle
 10
611.7317303493
 20
432.0890771591
 30
0.0
 40
0.75
100
AcDbArc
 50
90.0
 51
270.0
  0
ARC
  5
3FC
330
206
100
AcDbEntity
  8
SUIT-00-06_PBL1
  6
Continuous
 62
     7
100
AcDbCircle
 10
602.6917303493
 20
421.6015771591
 30
0.0
 40
0.5
100
AcDbArc
 50
270.0
 51
90.0
  0
ARC
  5
3FD
330
206
100
AcDbEntity
  8
SUIT-00-06_PBL1
  6
Continuous
 62
     7
100
AcDbCircle
 10
669.6917303493
 20
421.6015771591
 30
0.0
 40
0.5
100
AcDbArc
 50
90.0
 51
270.0
  0
CIRCLE
  5
3FE
330
206
100
AcDbEntity
  8
SUIT-00-06_PBL1
  6
Continuous
 62
     7
100
AcDbCircle
 10
660.2417303493
 20
479.7065771591
 30
0.0
 40
2.3
  0
CIRCLE
  5
3FF
330
206
100
AcDbEntity
  8
SUIT-00-06_PBL1
  6
Continuous
 62
     7
100
AcDbCircle
 10
660.2417303493
 20
479.7065771591
 30
0.0
 40
1.1
  0
CIRCLE
  5
400
330
206
100
AcDbEntity
  8
SUIT-00-06_PBL1
  6
Continuous
 62
     7
100
AcDbCircle
 10
531.0082792737
 20
520.1915771591
 30
0.0
 40
2.3
  0
CIRCLE
  5
401
330
206
100
AcDbEntity
  8
SUIT-00-06_PBL1
  6
Continuous
 62
     7
100
AcDbCircle
 10
660.2417303493
 20
520.1915771591
 30
0.0
 40
2.3
  0
CIRCLE
  5
402
330
206
100
AcDbEntity
  8
SUIT-00-06_PBL1
  6
Continuous
 62
     7
100
AcDbCircle
 10
660.2417303493
 20
520.1915771591
 30
0.0
 40
1.1
  0
CIRCLE
  5
403
330
206
100
AcDbEntity
  8
SUIT-00-06_PBL1
  6
Continuous
 62
     7
100
AcDbCircle
 10
531.0082792737
 20
520.1915771591
 30
0.0
 40
1.1
  0
ARC
  5
404
330
206
100
AcDbEntity
  8
SUIT-00-06_PBL1
  6
Continuous
 62
     7
100
AcDbCircle
 10
684.1917303493
 20
544.6015771591001
 30
0.0
 40
1.0
100
AcDbArc
 50
270.0
 51
360.0
  0
ARC
  5
405
330
206
100
AcDbEntity
  8
SUIT-00-06_PBL1
  6
Continuous
 62
     7
100
AcDbCircle
 10
684.1917303493
 20
546.1015771591001
 30
0.0
 40
1.0
100
AcDbArc
 50
0.0
 51
90.0
  0
ARC
  5
406
330
206
100
AcDbEntity
  8
SUIT-00-06_PBL1
  6
Continuous
 62
     7
100
AcDbCircle
 10
588.1917303493
 20
546.1015771591001
 30
0.0
 40
1.0
100
AcDbArc
 50
90.0
 51
180.0
  0
ARC
  5
407
330
206
100
AcDbEntity
  8
SUIT-00-06_PBL1
  6
Continuous
 62
     7
100
AcDbCircle
 10
588.1917303493
 20
544.6015771591001
 30
0.0
 40
1.0
100
AcDbArc
 50
180.0
 51
270.0
  0
ARC
  5
408
330
206
100
AcDbEntity
  8
SUIT-00-06_PBL1
  6
Continuous
 62
     7
100
AcDbCircle
 10
574.8817303493
 20
544.6015771591001
 30
0.0
 40
1.0
100
AcDbArc
 50
270.0
 51
360.0
  0
ARC
  5
409
330
206
100
AcDbEntity
  8
SUIT-00-06_PBL1
  6
Continuous
 62
     7
100
AcDbCircle
 10
574.8817303493
 20
546.1015771591001
 30
0.0
 40
1.0
100
AcDbArc
 50
0.0
 51
90.0
  0
ARC
  5
40A
330
206
100
AcDbEntity
  8
SUIT-00-06_PBL1
  6
Continuous
 62
     7
100
AcDbCircle
 10
519.8817303493
 20
546.1015771591001
 30
0.0
 40
1.0
100
AcDbArc
 50
90.0
 51
180.0
  0
ARC
  5
40B
330
206
100
AcDbEntity
  8
SUIT-00-06_PBL1
  6
Continuous
 62
     7
100
AcDbCircle
 10
519.8817303493
 20
544.6015771591001
 30
0.0
 40
1.0
100
AcDbArc
 50
180.0
 51
270.0
  0
ARC
  5
40C
330
206
100
AcDbEntity
  8
SUIT-00-06_PBL1
  6
Continuous
 62
     7
100
AcDbCircle
 10
517.8817303493
 20
541.6015771591001
 30
0.0
 40
1.0
100
AcDbArc
 50
90.0
 51
180.0
  0
ARC
  5
40D
330
206
100
AcDbEntity
  8
SUIT-00-06_PBL1
  6
Continuous
 62
     7
100
AcDbCircle
 10
669.2782792736
 20
520.1915771591
 30
0.0
 40
0.75
100
AcDbArc
 50
90.0
 51
270.0
  0
ARC
  5
40E
330
206
100
AcDbEntity
  8
SUIT-00-06_PBL1
  6
Continuous
 62
     7
100
AcDbCircle
 10
544.0082792737
 20
520.1915771591
 30
0.0
 40
0.75
100
AcDbArc
 50
90.0
 51
270.0
  0
ARC
  5
40F
330
206
100
AcDbEntity
  8
SUIT-00-06_PBL1
  6
Continuous
 62
     7
100
AcDbCircle
 10
651.205181425
 20
520.1915771591
 30
0.0
 40
0.75
100
AcDbArc
 50
270.0
 51
90.0
  0
ARC
  5
410
330
206
100
AcDbEntity
  8
SUIT-00-06_PBL1
  6
Continuous
 62
     7
100
AcDbCircle
 10
669.6917303493
 20
543.1015771591001
 30
0.0
 40
0.5
100
AcDbArc
 50
90.0
 51
270.0
  0
ARC
  5
411
330
206
100
AcDbEntity
  8
SUIT-00-06_PBL1
  6
Continuous
 62
     7
100
AcDbCircle
 10
602.6917303493
 20
543.1015771591001
 30
0.0
 40
0.5
100
AcDbArc
 50
270.0
 51
90.0
  0
ARC
  5
412
330
206
100
AcDbEntity
  8
SUIT-00-06_PBL1
  6
Continuous
 62
     7
100
AcDbCircle
 10
562.8817303493
 20
543.1015771591001
 30
0.0
 40
0.5
100
AcDbArc
 50
90.0
 51
270.0
  0
ARC
  5
413
330
206
100
AcDbEntity
  8
SUIT-00-06_PBL1
  6
Continuous
 62
     7
100
AcDbCircle
 10
531.8817303493
 20
543.1015771591001
 30
0.0
 40
0.5
100
AcDbArc
 50
270.0
 51
90.0
  0
CIRCLE
  5
414
330
206
100
AcDbEntity
  8
SUIT-00-06_PBL1
  6
Continuous
 62
     7
100
AcDbCircle
 10
776.9129803492999
 20
437.2960481793
 30
0.0
 40
2.3
  0
CIRCLE
  5
415
330
206
100
AcDbEntity
  8
SUIT-00-06_PBL1
  6
Continuous
 62
     7
100
AcDbCircle
 10
725.8586391972999
 20
441.5965771591
 30
0.0
 40
2.3
  0
CIRCLE
  5
416
330
206
100
AcDbEntity
  8
SUIT-00-06_PBL1
  6
Continuous
 62
     7
100
AcDbCircle
 10
776.9129803492999
 20
437.2960481793
 30
0.0
 40
1.1
  0
CIRCLE
  5
417
330
206
100
AcDbEntity
  8
SUIT-00-06_PBL1
  6
Continuous
 62
     7
100
AcDbCircle
 10
725.8586391972999
 20
441.5965771591
 30
0.0
 40
1.1
  0
ARC
  5
418
330
206
100
AcDbEntity
  8
SUIT-00-06_PBL1
  6
Continuous
 62
     7
100
AcDbCircle
 10
698.1917303493
 20
420.1015771591
 30
0.0
 40
1.0
100
AcDbArc
 50
90.0
 51
180.0
  0
ARC
  5
419
330
206
100
AcDbEntity
  8
SUIT-00-06_PBL1
  6
Continuous
 62
     7
100
AcDbCircle
 10
698.1917303493
 20
418.6015771591
 30
0.0
 40
1.0
100
AcDbArc
 50
180.0
 51
270.0
  0
ARC
  5
41A
330
206
100
AcDbEntity
  8
SUIT-00-06_PBL1
  6
Continuous
 62
     7
100
AcDbCircle
 10
720.0317303492999
 20
439.0890771591
 30
0.0
 40
1.0
100
AcDbArc
 50
0.0
 51
90.0
  0
ARC
  5
41B
330
206
100
AcDbEntity
  8
SUIT-00-06_PBL1
  6
Continuous
 62
     7
100
AcDbCircle
 10
720.0317303492999
 20
426.5890771591
 30
0.0
 40
1.0
100
AcDbArc
 50
270.0
 51
360.0
  0
ARC
  5
41C
330
206
100
AcDbEntity
  8
SUIT-00-06_PBL1
  6
Continuous
 62
     7
100
AcDbCircle
 10
714.7317303492999
 20
426.5890771591
 30
0.0
 40
1.0
100
AcDbArc
 50
180.0
 51
270.0
  0
ARC
  5
41D
330
206
100
AcDbEntity
  8
SUIT-00-06_PBL1
  6
Continuous
 62
     7
100
AcDbCircle
 10
714.7317303492999
 20
439.0890771591
 30
0.0
 40
1.0
100
AcDbArc
 50
90.0
 51
180.0
  0
ARC
  5
41E
330
206
100
AcDbEntity
  8
SUIT-00-06_PBL1
  6
Continuous
 62
     7
100
AcDbCircle
 10
767.6729803492999
 20
444.1215771591
 30
0.0
 40
1.0
100
AcDbArc
 50
270.0
 51
360.0
  0
ARC
  5
41F
330
206
100
AcDbEntity
  8
SUIT-00-06_PBL1
  6
Continuous
 62
     7
100
AcDbCircle
 10
762.3729803493
 20
444.1215771591
 30
0.0
 40
1.0
100
AcDbArc
 50
180.0
 51
270.0
  0
ARC
  5
420
330
206
100
AcDbEntity
  8
SUIT-00-06_PBL1
  6
Continuous
 62
     7
100
AcDbCircle
 10
708.7317303492999
 20
432.0890771591
 30
0.0
 40
0.75
100
AcDbArc
 50
270.0
 51
90.0
  0
ARC
  5
421
330
206
100
AcDbEntity
  8
SUIT-00-06_PBL1
  6
Continuous
 62
     7
100
AcDbCircle
 10
712.6917303493
 20
421.6015771591
 30
0.0
 40
0.5
100
AcDbArc
 50
270.0
 51
90.0
  0
ARC
  5
422
330
206
100
AcDbEntity
  8
SUIT-00-06_PBL1
  6
Continuous
 62
     7
100
AcDbCircle
 10
779.6917303493
 20
421.6015771591
 30
0.0
 40
0.5
100
AcDbArc
 50
90.0
 51
270.0
  0
CIRCLE
  5
423
330
206
100
AcDbEntity
  8
SUIT-00-06_PBL1
  6
Continuous
 62
     7
100
AcDbCircle
 10
761.6817952661
 20
479.7065771591
 30
0.0
 40
2.3
  0
CIRCLE
  5
424
330
206
100
AcDbEntity
  8
SUIT-00-06_PBL1
  6
Continuous
 62
     7
100
AcDbCircle
 10
761.6817952661
 20
479.7065771591
 30
0.0
 40
1.1
  0
ARC
  5
425
330
206
100
AcDbEntity
  8
SUIT-00-06_PBL1
  6
Continuous
 62
     7
100
AcDbCircle
 10
772.4254803493
 20
477.1890771591
 30
0.0
 40
1.0
100
AcDbArc
 50
0.0
 51
90.0
  0
ARC
  5
426
330
206
100
AcDbEntity
  8
SUIT-00-06_PBL1
  6
Continuous
 62
     7
100
AcDbCircle
 10
772.4254803493
 20
464.6890771591
 30
0.0
 40
1.0
100
AcDbArc
 50
270.0
 51
360.0
  0
ARC
  5
427
330
206
100
AcDbEntity
  8
SUIT-00-06_PBL1
  6
Continuous
 62
     7
100
AcDbCircle
 10
767.1254803492999
 20
464.6890771591
 30
0.0
 40
1.0
100
AcDbArc
 50
180.0
 51
270.0
  0
ARC
  5
428
330
206
100
AcDbEntity
  8
SUIT-00-06_PBL1
  6
Continuous
 62
     7
100
AcDbCircle
 10
767.1254803492999
 20
477.1890771591
 30
0.0
 40
1.0
100
AcDbArc
 50
90.0
 51
180.0
  0
ARC
  5
429
330
206
100
AcDbEntity
  8
SUIT-00-06_PBL1
  6
Continuous
 62
     7
100
AcDbCircle
 10
762.3729803493
 20
456.6215771591
 30
0.0
 40
1.0
100
AcDbArc
 50
90.0
 51
180.0
  0
ARC
  5
42A
330
206
100
AcDbEntity
  8
SUIT-00-06_PBL1
  6
Continuous
 62
     7
100
AcDbCircle
 10
767.6729803492999
 20
456.6215771591
 30
0.0
 40
1.0
100
AcDbArc
 50
0.0
 51
90.0
  0
CIRCLE
  5
42B
330
206
100
AcDbEntity
  8
SUIT-00-06_PBL1
  6
Continuous
 62
     7
100
AcDbCircle
 10
836.504577928
 20
441.6680855468
 30
0.0
 40
2.3
  0
CIRCLE
  5
42C
330
206
100
AcDbEntity
  8
SUIT-00-06_PBL1
  6
Continuous
 62
     7
100
AcDbCircle
 10
836.504577928
 20
441.6680855468
 30
0.0
 40
1.1
  0
ARC
  5
42D
330
206
100
AcDbEntity
  8
SUIT-00-06_PBL1
  6
Continuous
 62
     7
100
AcDbCircle
 10
864.5017303492999
 20
423.1015771591
 30
0.0
 40
1.0
100
AcDbArc
 50
270.0
 51
360.0
  0
ARC
  5
42E
330
206
100
AcDbEntity
  8
SUIT-00-06_PBL1
  6
Continuous
 62
     7
100
AcDbCircle
 10
794.1917303493
 20
418.6015771591
 30
0.0
 40
1.0
100
AcDbArc
 50
270.0
 51
360.0
  0
ARC
  5
42F
330
206
100
AcDbEntity
  8
SUIT-00-06_PBL1
  6
Continuous
 62
     7
100
AcDbCircle
 10
794.1917303493
 20
420.1015771591
 30
0.0
 40
1.0
100
AcDbArc
 50
0.0
 51
90.0
  0
ARC
  5
430
330
206
100
AcDbEntity
  8
SUIT-00-06_PBL1
  6
Continuous
 62
     7
100
AcDbCircle
 10
807.5017303492999
 20
420.1015771591
 30
0.0
 40
1.0
100
AcDbArc
 50
90.0
 51
180.0
  0
ARC
  5
431
330
206
100
AcDbEntity
  8
SUIT-00-06_PBL1
  6
Continuous
 62
     7
100
AcDbCircle
 10
807.5017303492999
 20
418.6015771591
 30
0.0
 40
1.0
100
AcDbArc
 50
180.0
 51
270.0
  0
ARC
  5
432
330
206
100
AcDbEntity
  8
SUIT-00-06_PBL1
  6
Continuous
 62
     7
100
AcDbCircle
 10
862.5017303492999
 20
418.6015771591
 30
0.0
 40
1.0
100
AcDbArc
 50
270.0
 51
360.0
  0
ARC
  5
433
330
206
100
AcDbEntity
  8
SUIT-00-06_PBL1
  6
Continuous
 62
     7
100
AcDbCircle
 10
862.5017303492999
 20
420.1015771591
 30
0.0
 40
1.0
100
AcDbArc
 50
0.0
 51
90.0
  0
ARC
  5
434
330
206
100
AcDbEntity
  8
SUIT-00-06_PBL1
  6
Continuous
 62
     7
100
AcDbCircle
 10
791.4729803493
 20
444.1215771591
 30
0.0
 40
1.0
100
AcDbArc
 50
270.0
 51
360.0
  0
ARC
  5
435
330
206
100
AcDbEntity
  8
SUIT-00-06_PBL1
  6
Continuous
 62
     7
100
AcDbCircle
 10
786.1729803492999
 20
444.1215771591
 30
0.0
 40
1.0
100
AcDbArc
 50
180.0
 51
270.0
  0
ARC
  5
436
330
206
100
AcDbEntity
  8
SUIT-00-06_PBL1
  6
Continuous
 62
     7
100
AcDbCircle
 10
805.4967303492999
 20
427.7803704303
 30
0.0
 40
0.75
100
AcDbArc
 50
180.0
 51
360.0
  0
ARC
  5
437
330
206
100
AcDbEntity
  8
SUIT-00-06_PBL1
  6
Continuous
 62
     7
100
AcDbCircle
 10
819.5017303492999
 20
421.6015771591
 30
0.0
 40
0.5
100
AcDbArc
 50
270.0
 51
90.0
  0
ARC
  5
438
330
206
100
AcDbEntity
  8
SUIT-00-06_PBL1
  6
Continuous
 62
     7
100
AcDbCircle
 10
850.5017303492999
 20
421.6015771591
 30
0.0
 40
0.5
100
AcDbArc
 50
90.0
 51
270.0
  0
ARC
  5
439
330
206
100
AcDbEntity
  8
SUIT-00-06_PBL1
  6
Continuous
 62
     7
100
AcDbCircle
 10
808.6117303492999
 20
471.3515771591
 30
0.0
 40
1.0
100
AcDbArc
 50
180.0
 51
270.0
  0
ARC
  5
43A
330
206
100
AcDbEntity
  8
SUIT-00-06_PBL1
  6
Continuous
 62
     7
100
AcDbCircle
 10
826.1117303492999
 20
471.3515771591
 30
0.0
 40
1.0
100
AcDbArc
 50
270.0
 51
360.0
  0
ARC
  5
43B
330
206
100
AcDbEntity
  8
SUIT-00-06_PBL1
  6
Continuous
 62
     7
100
AcDbCircle
 10
826.1117303492999
 20
477.8515771591
 30
0.0
 40
1.0
100
AcDbArc
 50
0.0
 51
90.0
  0
ARC
  5
43C
330
206
100
AcDbEntity
  8
SUIT-00-06_PBL1
  6
Continuous
 62
     7
100
AcDbCircle
 10
808.6117303492999
 20
477.8515771591
 30
0.0
 40
1.0
100
AcDbArc
 50
90.0
 51
180.0
  0
ARC
  5
43D
330
206
100
AcDbEntity
  8
SUIT-00-06_PBL1
  6
Continuous
 62
     7
100
AcDbCircle
 10
796.2254803492999
 20
477.1890771591
 30
0.0
 40
1.0
100
AcDbArc
 50
0.0
 51
90.0
  0
ARC
  5
43E
330
206
100
AcDbEntity
  8
SUIT-00-06_PBL1
  6
Continuous
 62
     7
100
AcDbCircle
 10
796.2254803492999
 20
464.6890771591
 30
0.0
 40
1.0
100
AcDbArc
 50
270.0
 51
360.0
  0
ARC
  5
43F
330
206
100
AcDbEntity
  8
SUIT-00-06_PBL1
  6
Continuous
 62
     7
100
AcDbCircle
 10
790.9254803493
 20
464.6890771591
 30
0.0
 40
1.0
100
AcDbArc
 50
180.0
 51
270.0
  0
ARC
  5
440
330
206
100
AcDbEntity
  8
SUIT-00-06_PBL1
  6
Continuous
 62
     7
100
AcDbCircle
 10
790.9254803493
 20
477.1890771591
 30
0.0
 40
1.0
100
AcDbArc
 50
90.0
 51
180.0
  0
ARC
  5
441
330
206
100
AcDbEntity
  8
SUIT-00-06_PBL1
  6
Continuous
 62
     7
100
AcDbCircle
 10
786.1729803492999
 20
456.6215771591
 30
0.0
 40
1.0
100
AcDbArc
 50
90.0
 51
180.0
  0
ARC
  5
442
330
206
100
AcDbEntity
  8
SUIT-00-06_PBL1
  6
Continuous
 62
     7
100
AcDbCircle
 10
791.4729803493
 20
456.6215771591
 30
0.0
 40
1.0
100
AcDbArc
 50
0.0
 51
90.0
  0
ARC
  5
443
330
206
100
AcDbEntity
  8
SUIT-00-06_PBL1
  6
Continuous
 62
     7
100
AcDbCircle
 10
805.4967303492999
 20
476.4390771591
 30
0.0
 40
0.75
100
AcDbArc
 50
0.0
 51
180.0
  0
CIRCLE
  5
444
330
206
100
AcDbEntity
  8
SUIT-00-06_PBL1
  6
Continuous
 62
     7
100
AcDbCircle
 10
781.6873213171001
 20
520.1915771591
 30
0.0
 40
2.3
  0
CIRCLE
  5
445
330
206
100
AcDbEntity
  8
SUIT-00-06_PBL1
  6
Continuous
 62
     7
100
AcDbCircle
 10
836.4517303493
 20
520.1915771591
 30
0.0
 40
2.3
  0
CIRCLE
  5
446
330
206
100
AcDbEntity
  8
SUIT-00-06_PBL1
  6
Continuous
 62
     7
100
AcDbCircle
 10
781.6873213171001
 20
520.1915771591
 30
0.0
 40
1.1
  0
CIRCLE
  5
447
330
206
100
AcDbEntity
  8
SUIT-00-06_PBL1
  6
Continuous
 62
     7
100
AcDbCircle
 10
836.4517303493
 20
520.1915771591
 30
0.0
 40
1.1
  0
ARC
  5
448
330
206
100
AcDbEntity
  8
SUIT-00-06_PBL1
  6
Continuous
 62
     7
100
AcDbCircle
 10
864.5017303492999
 20
541.6015771591001
 30
0.0
 40
1.0
100
AcDbArc
 50
0.0
 51
90.0
  0
ARC
  5
449
330
206
100
AcDbEntity
  8
SUIT-00-06_PBL1
  6
Continuous
 62
     7
100
AcDbCircle
 10
862.5017303492999
 20
544.6015771591001
 30
0.0
 40
1.0
100
AcDbArc
 50
270.0
 51
360.0
  0
ARC
  5
44A
330
206
100
AcDbEntity
  8
SUIT-00-06_PBL1
  6
Continuous
 62
     7
100
AcDbCircle
 10
862.5017303492999
 20
546.1015771591001
 30
0.0
 40
1.0
100
AcDbArc
 50
0.0
 51
90.0
  0
ARC
  5
44B
330
206
100
AcDbEntity
  8
SUIT-00-06_PBL1
  6
Continuous
 62
     7
100
AcDbCircle
 10
807.5017303492999
 20
546.1015771591001
 30
0.0
 40
1.0
100
AcDbArc
 50
90.0
 51
180.0
  0
ARC
  5
44C
330
206
100
AcDbEntity
  8
SUIT-00-06_PBL1
  6
Continuous
 62
     7
100
AcDbCircle
 10
807.5017303492999
 20
544.6015771591001
 30
0.0
 40
1.0
100
AcDbArc
 50
180.0
 51
270.0
  0
ARC
  5
44D
330
206
100
AcDbEntity
  8
SUIT-00-06_PBL1
  6
Continuous
 62
     7
100
AcDbCircle
 10
794.1917303493
 20
544.6015771591001
 30
0.0
 40
1.0
100
AcDbArc
 50
270.0
 51
360.0
  0
ARC
  5
44E
330
206
100
AcDbEntity
  8
SUIT-00-06_PBL1
  6
Continuous
 62
     7
100
AcDbCircle
 10
794.1917303493
 20
546.1015771591001
 30
0.0
 40
1.0
100
AcDbArc
 50
0.0
 51
90.0
  0
ARC
  5
44F
330
206
100
AcDbEntity
  8
SUIT-00-06_PBL1
  6
Continuous
 62
     7
100
AcDbCircle
 10
698.1917303493
 20
546.1015771591001
 30
0.0
 40
1.0
100
AcDbArc
 50
90.0
 51
180.0
  0
ARC
  5
450
330
206
100
AcDbEntity
  8
SUIT-00-06_PBL1
  6
Continuous
 62
     7
100
AcDbCircle
 10
698.1917303493
 20
544.6015771591001
 30
0.0
 40
1.0
100
AcDbArc
 50
180.0
 51
270.0
  0
ARC
  5
451
330
206
100
AcDbEntity
  8
SUIT-00-06_PBL1
  6
Continuous
 62
     7
100
AcDbCircle
 10
793.3067303493
 20
501.2890771591
 30
0.0
 40
1.0
100
AcDbArc
 50
180.0
 51
270.0
  0
ARC
  5
452
330
206
100
AcDbEntity
  8
SUIT-00-06_PBL1
  6
Continuous
 62
     7
100
AcDbCircle
 10
793.3067303493
 20
513.7890771591001
 30
0.0
 40
1.0
100
AcDbArc
 50
90.0
 51
180.0
  0
ARC
  5
453
330
206
100
AcDbEntity
  8
SUIT-00-06_PBL1
  6
Continuous
 62
     7
100
AcDbCircle
 10
798.6067303492999
 20
513.7890771591001
 30
0.0
 40
1.0
100
AcDbArc
 50
0.0
 51
90.0
  0
ARC
  5
454
330
206
100
AcDbEntity
  8
SUIT-00-06_PBL1
  6
Continuous
 62
     7
100
AcDbCircle
 10
798.6067303492999
 20
501.2890771591
 30
0.0
 40
1.0
100
AcDbArc
 50
270.0
 51
360.0
  0
ARC
  5
455
330
206
100
AcDbEntity
  8
SUIT-00-06_PBL1
  6
Continuous
 62
     7
100
AcDbCircle
 10
769.5067303492999
 20
501.2890771591
 30
0.0
 40
1.0
100
AcDbArc
 50
180.0
 51
270.0
  0
ARC
  5
456
330
206
100
AcDbEntity
  8
SUIT-00-06_PBL1
  6
Continuous
 62
     7
100
AcDbCircle
 10
769.5067303492999
 20
513.7890771591001
 30
0.0
 40
1.0
100
AcDbArc
 50
90.0
 51
180.0
  0
ARC
  5
457
330
206
100
AcDbEntity
  8
SUIT-00-06_PBL1
  6
Continuous
 62
     7
100
AcDbCircle
 10
774.8067303493
 20
513.7890771591001
 30
0.0
 40
1.0
100
AcDbArc
 50
0.0
 51
90.0
  0
ARC
  5
458
330
206
100
AcDbEntity
  8
SUIT-00-06_PBL1
  6
Continuous
 62
     7
100
AcDbCircle
 10
774.8067303493
 20
501.2890771591
 30
0.0
 40
1.0
100
AcDbArc
 50
270.0
 51
360.0
  0
ARC
  5
459
330
206
100
AcDbEntity
  8
SUIT-00-06_PBL1
  6
Continuous
 62
     7
100
AcDbCircle
 10
805.4967303492999
 20
536.323459076
 30
0.0
 40
0.75
100
AcDbArc
 50
0.0
 51
180.0
  0
ARC
  5
45A
330
206
100
AcDbEntity
  8
SUIT-00-06_PBL1
  6
Continuous
 62
     7
100
AcDbCircle
 10
805.4967303492999
 20
482.9815771591
 30
0.0
 40
0.75
100
AcDbArc
 50
180.0
 51
360.0
  0
ARC
  5
45B
330
206
100
AcDbEntity
  8
SUIT-00-06_PBL1
  6
Continuous
 62
     7
100
AcDbCircle
 10
772.6507723928
 20
520.1915771591
 30
0.0
 40
0.75
100
AcDbArc
 50
270.0
 51
90.0
  0
ARC
  5
45C
330
206
100
AcDbEntity
  8
SUIT-00-06_PBL1
  6
Continuous
 62
     7
100
AcDbCircle
 10
850.5017303492999
 20
543.1015771591001
 30
0.0
 40
0.5
100
AcDbArc
 50
90.0
 51
270.0
  0
ARC
  5
45D
330
206
100
AcDbEntity
  8
SUIT-00-06_PBL1
  6
Continuous
 62
     7
100
AcDbCircle
 10
819.5017303492999
 20
543.1015771591001
 30
0.0
 40
0.5
100
AcDbArc
 50
270.0
 51
90.0
  0
ARC
  5
45E
330
206
100
AcDbEntity
  8
SUIT-00-06_PBL1
  6
Continuous
 62
     7
100
AcDbCircle
 10
779.6917303493
 20
543.1015771591001
 30
0.0
 40
0.5
100
AcDbArc
 50
90.0
 51
270.0
  0
ARC
  5
45F
330
206
100
AcDbEntity
  8
SUIT-00-06_PBL1
  6
Continuous
 62
     7
100
AcDbCircle
 10
712.6917303493
 20
543.1015771591001
 30
0.0
 40
0.5
100
AcDbArc
 50
270.0
 51
90.0
  0
ENDBLK
  5
460
330
206
100
AcDbEntity
  8
0
  6
ByBlock
 62
     0
100
AcDbBlockEnd
  0
BLOCK
  5
B89
330
B88
100
AcDbEntity
  8
0
100
AcDbBlockBegin
  2
1
 70
     0
 10
0.0
 20
0.0
 30
0.0
  3
1
  1

  0
LINE
  5
55D3
330
B88
100
AcDbEntity
  8
0
100
AcDbLine
 10
609.7042303492998
 20
169.3779034794162
 30
0.0
 11
625.0542303492998
 21
169.3779034794163
 31
0.0
1001
AcDbBlockRepETag
1070
     1
1071
        0
1005
55D3
  0
LINE
  5
55D4
330
B88
100
AcDbEntity
  8
0
100
AcDbLine
 10
625.0542303492998
 20
169.6779034794163
 30
0.0
 11
609.7042303492999
 21
169.6779034794163
 31
0.0
1001
AcDbBlockRepETag
1070
     1
1071
        1
1005
55D4
  0
LINE
  5
55D5
330
B88
100
AcDbEntity
  8
0
100
AcDbLine
 10
609.2042303492999
 20
154.0279034794162
 30
0.0
 11
609.2042303492998
 21
168.8779034794162
 31
0.0
1001
AcDbBlockRepETag
1070
     1
1071
        6
1005
55D5
  0
LINE
  5
55D6
330
B88
100
AcDbEntity
  8
0
100
AcDbLine
 10
608.9042303493
 20
168.8779034794163
 30
0.0
 11
608.9042303493
 21
154.0279034794162
 31
0.0
1001
AcDbBlockRepETag
1070
     1
1071
        7
1005
55D6
  0
LINE
  5
55D7
330
B88
100
AcDbEntity
  8
0
100
AcDbLine
 10
625.5542303492998
 20
154.0279034794162
 30
0.0
 11
625.5542303492998
 21
168.8779034794163
 31
0.0
1001
AcDbBlockRepETag
1070
     1
1071
        8
1005
55D7
  0
LINE
  5
55D8
330
B88
100
AcDbEntity
  8
0
100
AcDbLine
 10
625.8542303492998
 20
168.8779034794163
 30
0.0
 11
625.8542303492998
 21
154.0279034794162
 31
0.0
1001
AcDbBlockRepETag
1070
     1
1071
        9
1005
55D8
  0
LINE
  5
55D9
330
B88
100
AcDbEntity
  8
0
100
AcDbLine
 10
627.0542303492998
 20
169.6779034794163
 30
0.0
 11
626.7542303492996
 21
169.6779034794163
 31
0.0
1001
AcDbBlockRepETag
1070
     1
1071
       14
1005
55D9
  0
LINE
  5
55DA
330
B88
100
AcDbEntity
  8
0
100
AcDbLine
 10
608.0042303492999
 20
169.6779034794163
 30
0.0
 11
607.7042303492999
 21
169.6779034794163
 31
0.0
1001
AcDbBlockRepETag
1070
     1
1071
       15
1005
55DA
  0
LINE
  5
55DB
330
B88
100
AcDbEntity
  8
0
100
AcDbLine
 10
608.0042303492997
 20
153.5279034794162
 30
0.0
 11
608.0042303492999
 21
169.6779034794163
 31
0.0
1001
AcDbBlockRepETag
1070
     1
1071
       16
1005
55DB
  0
LINE
  5
55DC
330
B88
100
AcDbEntity
  8
0
100
AcDbLine
 10
607.7042303492999
 20
169.6779034794163
 30
0.0
 11
607.7042303492999
 21
153.5279034794162
 31
0.0
1001
AcDbBlockRepETag
1070
     1
1071
       17
1005
55DC
  0
LINE
  5
55DD
330
B88
100
AcDbEntity
  8
0
100
AcDbLine
 10
626.7542303492995
 20
153.5279034794162
 30
0.0
 11
626.7542303492996
 21
169.6779034794163
 31
0.0
1001
AcDbBlockRepETag
1070
     1
1071
       18
1005
55DD
  0
LINE
  5
55DE
330
B88
100
AcDbEntity
  8
0
100
AcDbLine
 10
627.0542303492998
 20
169.6779034794163
 30
0.0
 11
627.0542303492995
 21
153.5279034794162
 31
0.0
1001
AcDbBlockRepETag
1070
     1
1071
       19
1005
55DE
  0
LINE
  5
55DF
330
B88
100
AcDbEntity
  8
0
100
AcDbLine
 10
608.5042303492997
 20
153.0279034794162
 30
0.0
 11
626.2542303492995
 21
153.0279034794162
 31
0.0
1001
AcDbBlockRepETag
1070
     1
1071
       20
1005
55DF
  0
LINE
  5
55E0
330
B88
100
AcDbEntity
  8
0
100
AcDbLine
 10
626.2542303492995
 20
152.7279034794162
 30
0.0
 11
608.5042303492999
 21
152.7279034794162
 31
0.0
1001
AcDbBlockRepETag
1070
     1
1071
       21
1005
55E0
  0
LINE
  5
55E1
330
B88
100
AcDbEntity
  8
0
100
AcDbLine
 10
609.2042303492999
 20
154.0279034794162
 30
0.0
 11
608.9042303493
 21
154.0279034794162
 31
0.0
1001
AcDbBlockRepETag
1070
     1
1071
       24
1005
55E1
  0
LINE
  5
55E2
330
B88
100
AcDbEntity
  8
0
100
AcDbLine
 10
625.8542303492998
 20
154.0279034794162
 30
0.0
 11
625.5542303492998
 21
154.0279034794162
 31
0.0
1001
AcDbBlockRepETag
1070
     1
1071
       25
1005
55E2
  0
ARC
  5
55E6
330
B88
100
AcDbEntity
  8
0
100
AcDbCircle
 10
609.7042303492999
 20
168.8779034794163
 30
0.0
 40
0.8
100
AcDbArc
 50
90.0
 51
180.0
1001
AcDbBlockRepETag
1070
     1
1071
       26
1005
55E6
  0
ARC
  5
55E8
330
B88
100
AcDbEntity
  8
0
100
AcDbCircle
 10
625.0542303492998
 20
168.8779034794163
 30
0.0
 40
0.8
100
AcDbArc
 50
0.0
 51
89.9999999999999
1001
AcDbBlockRepETag
1070
     1
1071
       27
1005
55E8
  0
ARC
  5
55E9
330
B88
100
AcDbEntity
  8
0
100
AcDbCircle
 10
626.2542303492995
 20
153.5279034794162
 30
0.0
 40
0.8
100
AcDbArc
 50
270.0
 51
359.9999999999993
1001
AcDbBlockRepETag
1070
     1
1071
       28
1005
55E9
  0
ARC
  5
55EA
330
B88
100
AcDbEntity
  8
0
100
AcDbCircle
 10
608.5042303492999
 20
153.5279034794162
 30
0.0
 40
0.8
100
AcDbArc
 50
180.0
 51
270.0
1001
AcDbBlockRepETag
1070
     1
1071
       29
1005
55EA
  0
ARC
  5
55EC
330
B88
100
AcDbEntity
  8
0
100
AcDbCircle
 10
608.5042303492997
 20
153.5279034794162
 30
0.0
 40
0.5
100
AcDbArc
 50
180.0
 51
269.9999999999999
1001
AcDbBlockRepETag
1070
     1
1071
       30
1005
55EC
  0
ARC
  5
55ED
330
B88
100
AcDbEntity
  8
0
100
AcDbCircle
 10
626.2542303492995
 20
153.5279034794162
 30
0.0
 40
0.5
100
AcDbArc
 50
270.0
 51
0.0
1001
AcDbBlockRepETag
1070
     1
1071
       31
1005
55ED
  0
ARC
  5
55EE
330
B88
100
AcDbEntity
  8
0
100
AcDbCircle
 10
625.0542303492998
 20
168.8779034794163
 30
0.0
 40
0.5
100
AcDbArc
 50
0.0
 51
90.0000000000002
1001
AcDbBlockRepETag
1070
     1
1071
       32
1005
55EE
  0
ARC
  5
55EF
330
B88
100
AcDbEntity
  8
0
100
AcDbCircle
 10
609.7042303492998
 20
168.8779034794162
 30
0.0
 40
0.5
100
AcDbArc
 50
90.0000000000002
 51
180.0
1001
AcDbBlockRepETag
1070
     1
1071
       33
1005
55EF
  0
ENDBLK
  5
B8A
330
B88
100
AcDbEntity
  8
0
100
AcDbBlockEnd
  0
BLOCK
  5
C2F
330
C2E
100
AcDbEntity
  8
0
100
AcDbBlockBegin
  2
2
 70
     0
 10
0.0
 20
0.0
 30
0.0
  3
2
  1

  0
LINE
  5
CBA
330
C2E
100
AcDbEntity
  8
0
100
AcDbLine
 10
521.2379553492999
 20
150.1291988357144
 30
0.0
 11
536.2879553492999
 21
150.1291988357144
 31
0.0
1001
AcDbBlockRepETag
1070
     1
1071
        0
1005
CBA
  0
LINE
  5
CBB
330
C2E
100
AcDbEntity
  8
0
100
AcDbLine
 10
556.6379553492998
 20
150.4291988357144
 30
0.0
 11
541.2879553492998
 21
150.4291988357144
 31
0.0
1001
AcDbBlockRepETag
1070
     1
1071
        1
1005
CBB
  0
LINE
  5
CBC
330
C2E
100
AcDbEntity
  8
0
100
AcDbLine
 10
521.2379553492999
 20
133.4767487156672
 30
0.0
 11
536.2879553493
 21
133.4767487156672
 31
0.0
1001
AcDbBlockRepETag
1070
     1
1071
        2
1005
CBC
  0
LINE
  5
CBD
330
C2E
100
AcDbEntity
  8
0
100
AcDbLine
 10
556.6379553492998
 20
133.1767487156672
 30
0.0
 11
541.2879553492999
 21
133.1767487156672
 31
0.0
1001
AcDbBlockRepETag
1070
     1
1071
        3
1005
CBD
  0
LINE
  5
CBE
330
C2E
100
AcDbEntity
  8
0
100
AcDbLine
 10
520.9379553493
 20
133.1767487156672
 30
0.0
 11
520.9379553493
 21
139.3029737756908
 31
0.0
1001
AcDbBlockRepETag
1070
     1
1071
        4
1005
CBE
  0
LINE
  5
CBF
330
C2E
100
AcDbEntity
  8
0
100
AcDbLine
 10
521.2379553492999
 20
150.1291988357144
 30
0.0
 11
521.2379553493
 21
144.3029737756908
 31
0.0
1001
AcDbBlockRepETag
1070
     1
1071
        5
1005
CBF
  0
LINE
  5
CC0
330
C2E
100
AcDbEntity
  8
0
100
AcDbLine
 10
556.6379553492999
 20
133.1767487156672
 30
0.0
 11
556.6379553492999
 21
139.302973775691
 31
0.0
1001
AcDbBlockRepETag
1070
     1
1071
        6
1005
CC0
  0
LINE
  5
CC1
330
C2E
100
AcDbEntity
  8
0
100
AcDbLine
 10
556.3379553492999
 20
150.1291988357144
 30
0.0
 11
556.3379553492999
 21
144.3029737756911
 31
0.0
1001
AcDbBlockRepETag
1070
     1
1071
        7
1005
CC1
  0
LINE
  5
CC2
330
C2E
100
AcDbEntity
  8
0
100
AcDbLine
 10
536.2879553492999
 20
150.4291988357144
 30
0.0
 11
536.2879553492999
 21
150.1291988357144
 31
0.0
1001
AcDbBlockRepETag
1070
     1
1071
        8
1005
CC2
  0
LINE
  5
CC3
330
C2E
100
AcDbEntity
  8
0
100
AcDbLine
 10
541.2879553492999
 20
150.4291988357144
 30
0.0
 11
541.2879553492999
 21
150.1291988357143
 31
0.0
1001
AcDbBlockRepETag
1070
     1
1071
        9
1005
CC3
  0
LINE
  5
CC4
330
C2E
100
AcDbEntity
  8
0
100
AcDbLine
 10
536.2879553492999
 20
150.4291988357144
 30
0.0
 11
520.9379553493
 21
150.4291988357144
 31
0.0
1001
AcDbBlockRepETag
1070
     1
1071
       10
1005
CC4
  0
LINE
  5
CC5
330
C2E
100
AcDbEntity
  8
0
100
AcDbLine
 10
541.2879553492999
 20
150.1291988357144
 30
0.0
 11
556.3379553493
 21
150.1291988357144
 31
0.0
1001
AcDbBlockRepETag
1070
     1
1071
       11
1005
CC5
  0
LINE
  5
CC6
330
C2E
100
AcDbEntity
  8
0
100
AcDbLine
 10
536.2879553493
 20
133.1767487156672
 30
0.0
 11
520.9379553492998
 21
133.1767487156672
 31
0.0
1001
AcDbBlockRepETag
1070
     1
1071
       12
1005
CC6
  0
LINE
  5
CC7
330
C2E
100
AcDbEntity
  8
0
100
AcDbLine
 10
541.2879553492999
 20
133.4767487156672
 30
0.0
 11
556.3379553492998
 21
133.4767487156672
 31
0.0
1001
AcDbBlockRepETag
1070
     1
1071
       13
1005
CC7
  0
LINE
  5
CC8
330
C2E
100
AcDbEntity
  8
0
100
AcDbLine
 10
541.2879553492998
 20
133.4767487156672
 30
0.0
 11
541.2879553492999
 21
133.1767487156672
 31
0.0
1001
AcDbBlockRepETag
1070
     1
1071
       14
1005
CC8
  0
LINE
  5
CC9
330
C2E
100
AcDbEntity
  8
0
100
AcDbLine
 10
536.2879553492999
 20
133.4767487156673
 30
0.0
 11
536.2879553492999
 21
133.1767487156672
 31
0.0
1001
AcDbBlockRepETag
1070
     1
1071
       15
1005
CC9
  0
LINE
  5
CCA
330
C2E
100
AcDbEntity
  8
0
100
AcDbLine
 10
521.2379553493
 20
144.3029737756908
 30
0.0
 11
520.9379553493
 21
144.3029737756908
 31
0.0
1001
AcDbBlockRepETag
1070
     1
1071
       16
1005
CCA
  0
LINE
  5
CCB
330
C2E
100
AcDbEntity
  8
0
100
AcDbLine
 10
521.2379553493
 20
139.3029737756908
 30
0.0
 11
520.9379553492998
 21
139.3029737756908
 31
0.0
1001
AcDbBlockRepETag
1070
     1
1071
       17
1005
CCB
  0
LINE
  5
CCC
330
C2E
100
AcDbEntity
  8
0
100
AcDbLine
 10
521.2379553492999
 20
139.3029737756908
 30
0.0
 11
521.2379553492999
 21
133.4767487156672
 31
0.0
1001
AcDbBlockRepETag
1070
     1
1071
       18
1005
CCC
  0
LINE
  5
CCD
330
C2E
100
AcDbEntity
  8
0
100
AcDbLine
 10
520.9379553493
 20
144.3029737756908
 30
0.0
 11
520.9379553493
 21
150.4291988357144
 31
0.0
1001
AcDbBlockRepETag
1070
     1
1071
       19
1005
CCD
  0
LINE
  5
CCE
330
C2E
100
AcDbEntity
  8
0
100
AcDbLine
 10
556.6379553492998
 20
144.3029737756911
 30
0.0
 11
556.3379553492997
 21
144.3029737756911
 31
0.0
1001
AcDbBlockRepETag
1070
     1
1071
       20
1005
CCE
  0
LINE
  5
CCF
330
C2E
100
AcDbEntity
  8
0
100
AcDbLine
 10
556.6379553492998
 20
139.3029737756911
 30
0.0
 11
556.3379553492996
 21
139.3029737756911
 31
0.0
1001
AcDbBlockRepETag
1070
     1
1071
       21
1005
CCF
  0
LINE
  5
CD0
330
C2E
100
AcDbEntity
  8
0
100
AcDbLine
 10
556.3379553492998
 20
139.302973775691
 30
0.0
 11
556.3379553492998
 21
133.4767487156672
 31
0.0
1001
AcDbBlockRepETag
1070
     1
1071
       22
1005
CD0
  0
LINE
  5
CD1
330
C2E
100
AcDbEntity
  8
0
100
AcDbLine
 10
556.6379553492998
 20
144.3029737756911
 30
0.0
 11
556.6379553492998
 21
150.4291988357144
 31
0.0
1001
AcDbBlockRepETag
1070
     1
1071
       23
1005
CD1
  0
ENDBLK
  5
C30
330
C2E
100
AcDbEntity
  8
0
100
AcDbBlockEnd
  0
BLOCK
  5
4232
330
4221
100
AcDbEntity
  8
0
100
AcDbBlockBegin
  2
A$C0E3A64E7
 70
     0
 10
0.0
 20
0.0
 30
0.0
  3
A$C0E3A64E7
  1

  0
LINE
  5
4222
330
4221
100
AcDbEntity
  8
0
100
AcDbLine
 10
1.500001652161473
 20
16.29999911819127
 30
0.0
 11
17.50000165216147
 21
16.29999911819132
 31
0.0
1001
AcDbBlockRepETag
1070
     1
1071
        0
1005
4222
  0
LINE
  5
4223
330
4221
100
AcDbEntity
  8
0
100
AcDbLine
 10
17.80000165216143
 20
16.59999911819131
 30
0.0
 11
1.200001652161518
 21
16.59999911819131
 31
0.0
1001
AcDbBlockRepETag
1070
     1
1071
        1
1005
4223
  0
LINE
  5
4224
330
4221
100
AcDbEntity
  8
0
100
AcDbLine
 10
1.500001652161473
 20
1.299999118191295
 30
0.0
 11
1.500001652161473
 21
16.29999911819127
 31
0.0
1001
AcDbBlockRepETag
1070
     1
1071
        6
1005
4224
  0
LINE
  5
4225
330
4221
100
AcDbEntity
  8
0
100
AcDbLine
 10
1.200001652161518
 20
16.59999911819131
 30
0.0
 11
1.200001652161518
 21
1.299999118191295
 31
0.0
1001
AcDbBlockRepETag
1070
     1
1071
        7
1005
4225
  0
LINE
  5
4226
330
4221
100
AcDbEntity
  8
0
100
AcDbLine
 10
17.50000165216147
 20
1.29999911819128
 30
0.0
 11
17.50000165216147
 21
16.29999911819132
 31
0.0
1001
AcDbBlockRepETag
1070
     1
1071
        8
1005
4226
  0
LINE
  5
4227
330
4221
100
AcDbEntity
  8
0
100
AcDbLine
 10
17.80000165216143
 20
16.59999911819131
 30
0.0
 11
17.80000165216143
 21
1.299999118191295
 31
0.0
1001
AcDbBlockRepETag
1070
     1
1071
        9
1005
4227
  0
LINE
  5
4228
330
4221
100
AcDbEntity
  8
0
100
AcDbLine
 10
19.00000165216147
 20
16.59999911819134
 30
0.0
 11
18.70000165216129
 21
16.59999911819133
 31
0.0
1001
AcDbBlockRepETag
1070
     1
1071
       14
1005
4228
  0
LINE
  5
4229
330
4221
100
AcDbEntity
  8
0
100
AcDbLine
 10
0.300001652161427
 20
16.59999911819132
 30
0.0
 11
0.0000016521614725
 21
16.59999911819131
 31
0.0
1001
AcDbBlockRepETag
1070
     1
1071
       15
1005
4229
  0
LINE
  5
422A
330
4221
100
AcDbEntity
  8
0
100
AcDbLine
 10
0.300001652161427
 20
0.2999991181913089
 30
0.0
 11
0.300001652161427
 21
16.59999911819132
 31
0.0
1001
AcDbBlockRepETag
1070
     1
1071
       16
1005
422A
  0
LINE
  5
422B
330
4221
100
AcDbEntity
  8
0
100
AcDbLine
 10
0.0000016521614725
 20
16.59999911819131
 30
0.0
 11
0.0000016521614725
 21
-0.0000008818087309
 31
0.0
1001
AcDbBlockRepETag
1070
     1
1071
       17
1005
422B
  0
LINE
  5
422C
330
4221
100
AcDbEntity
  8
0
100
AcDbLine
 10
18.70000165216129
 20
0.2999991181912804
 30
0.0
 11
18.70000165216129
 21
16.59999911819133
 31
0.0
1001
AcDbBlockRepETag
1070
     1
1071
       18
1005
422C
  0
LINE
  5
422D
330
4221
100
AcDbEntity
  8
0
100
AcDbLine
 10
19.00000165216147
 20
16.59999911819134
 30
0.0
 11
19.00000165216125
 21
-0.0000008818087593
 31
0.0
1001
AcDbBlockRepETag
1070
     1
1071
       19
1005
422D
  0
LINE
  5
422E
330
4221
100
AcDbEntity
  8
0
100
AcDbLine
 10
0.300001652161427
 20
0.2999991181913089
 30
0.0
 11
18.70000165216129
 21
0.2999991181912804
 31
0.0
1001
AcDbBlockRepETag
1070
     1
1071
       20
1005
422E
  0
LINE
  5
422F
330
4221
100
AcDbEntity
  8
0
100
AcDbLine
 10
19.00000165216125
 20
-0.0000008818087593
 30
0.0
 11
0.0000016521614725
 21
-0.0000008818087309
 31
0.0
1001
AcDbBlockRepETag
1070
     1
1071
       21
1005
422F
  0
ENDBLK
  5
4233
330
4221
100
AcDbEntity
  8
0
100
AcDbBlockEnd
  0
BLOCK
  5
7C92
330
7C91
100
AcDbEntity
  8
0
100
AcDbBlockBegin
  2
_FILLED
 70
     0
 10
0.0
 20
0.0
 30
0.0
  3
_FILLED
  1

  0
SOLID
  5
7C93
330
7C91
100
AcDbEntity
  8
0
  6
ByBlock
 62
     0
100
AcDbTrace
 10
0.0
 20
0.0
 30
0.0
 11
-1.0
 21
0.1666666667
 31
0.0
 12
-1.0
 22
-0.1666666667
 32
0.0
 13
-1.0
 23
-0.1666666667
 33
0.0
  0
ENDBLK
  5
7C94
330
7C91
100
AcDbEntity
  8
0
  6
ByBlock
 62
     0
100
AcDbBlockEnd
  0
BLOCK
  5
7DC3
330
7DB0
100
AcDbEntity
  8
0
100
AcDbBlockBegin
  2
A$C154afad6
 70
     0
 10
0.0
 20
0.0
 30
0.0
  3
A$C154afad6
  1

  0
LINE
  5
7DB1
330
7DB0
100
AcDbEntity
  8
0
100
AcDbLine
 10
1.925867462351334
 20
14.14644580564197
 30
0.0
 11
12.36702306796656
 21
14.14644580564084
 31
0.0
  0
LINE
  5
7DB2
330
7DB0
100
AcDbEntity
  8
0
100
AcDbLine
 10
0.1464452651582633
 20
12.36702360845095
 30
0.0
 11
0.1464452651582633
 21
1.925868002835955
 31
0.0
  0
LINE
  5
7DB3
330
7DB0
100
AcDbEntity
  8
0
100
AcDbLine
 10
14.14644526515963
 20
12.36702360844981
 30
0.0
 11
14.1464452651569
 21
1.925868002832999
 31
0.0
  0
LINE
  5
7DB4
330
7DB0
100
AcDbEntity
  8
0
100
AcDbLine
 10
1.92586746234997
 20
0.1464458056419744
 30
0.0
 11
12.36702306796428
 21
0.1464458056419744
 31
0.0
  0
ARC
  5
7DB5
330
7DB0
100
AcDbEntity
  8
0
100
AcDbCircle
 10
13.29289187456448
 20
0.9999991962348531
 30
0.0
 40
0.9999999999999812
100
AcDbArc
 50
252.023738220798
 51
17.97626177917363
  0
ARC
  5
7DB6
330
7DB0
100
AcDbEntity
  8
0
100
AcDbCircle
 10
16.1464452651569
 20
1.925868002832999
 30
0.0
 40
2.0
100
AcDbArc
 50
180.0
 51
197.9762617791736
  0
ARC
  5
7DB7
330
7DB0
100
AcDbEntity
  8
0
100
AcDbCircle
 10
12.36702306796428
 20
-1.853554194358026
 30
0.0
 40
2.0
100
AcDbArc
 50
72.02373822079798
 51
90.0
  0
ARC
  5
7DB8
330
7DB0
100
AcDbEntity
  8
0
100
AcDbCircle
 10
0.9999986557515967
 20
0.99999919623599
 30
0.0
 40
0.9999999999999812
100
AcDbArc
 50
162.023738220804
 51
287.9762617791746
  0
ARC
  5
7DB9
330
7DB0
100
AcDbEntity
  8
0
100
AcDbCircle
 10
1.92586746234997
 20
-1.853554194357116
 30
0.0
 40
2.0
100
AcDbArc
 50
90.0
 51
107.9762617791746
  0
ARC
  5
7DBA
330
7DB0
100
AcDbEntity
  8
0
100
AcDbCircle
 10
-1.853554734840372
 20
1.925868002835955
 30
0.0
 40
2.0
100
AcDbArc
 50
342.023738220804
 51
0.0
  0
ARC
  5
7DBB
330
7DB0
100
AcDbEntity
  8
0
100
AcDbCircle
 10
0.9999986557520515
 20
13.2928924150491
 30
0.0
 40
0.9999999999999812
100
AcDbArc
 50
72.02373822079798
 51
197.9762617791736
  0
ARC
  5
7DBC
330
7DB0
100
AcDbEntity
  8
0
100
AcDbCircle
 10
-1.853554734840372
 20
12.36702360845095
 30
0.0
 40
2.0
100
AcDbArc
 50
0.0
 51
17.97626177917363
  0
ARC
  5
7DBD
330
7DB0
100
AcDbEntity
  8
0
100
AcDbCircle
 10
1.925867462351334
 20
16.14644580564197
 30
0.0
 40
2.0
100
AcDbArc
 50
252.023738220798
 51
270.0
  0
ARC
  5
7DBE
330
7DB0
100
AcDbEntity
  8
0
100
AcDbCircle
 10
13.29289187456448
 20
13.29289241504796
 30
0.0
 40
0.9999999999999812
100
AcDbArc
 50
342.0237382208124
 51
107.976261779202
  0
ARC
  5
7DBF
330
7DB0
100
AcDbEntity
  8
0
100
AcDbCircle
 10
12.36702306796656
 20
16.14644580564084
 30
0.0
 40
2.0
100
AcDbArc
 50
270.0
 51
287.976261779202
  0
ARC
  5
7DC0
330
7DB0
100
AcDbEntity
  8
0
100
AcDbCircle
 10
16.14644526515826
 20
12.36702360844981
 30
0.0
 40
2.0
100
AcDbArc
 50
162.0237382208124
 51
180.0000000000261
  0
ENDBLK
  5
7DC4
330
7DB0
100
AcDbEntity
  8
0
100
AcDbBlockEnd
  0
BLOCK
  5
84E9
330
84E8
100
AcDbEntity
  8
0
100
AcDbBlockBegin
  2
block 72
 70
     0
 10
0.0
 20
0.0
 30
0.0
  3
block 72
  1

  0
SPLINE
  5
84EA
330
84E8
100
AcDbEntity
  8
0
 62
     7
370
    18
100
AcDbSpline
210
0.0
220
0.0
230
1.0
 70
    11
 71
     3
 72
    29
 73
    25
 74
     0
 42
0.000000001
 43
0.0000000001
 40
0.0
 40
0.0
 40
0.0
 40
0.0
 40
1.0
 40
1.0
 40
1.0
 40
2.0
 40
2.0
 40
2.0
 40
3.0
 40
3.0
 40
3.0
 40
4.0
 40
4.0
 40
4.0
 40
5.0
 40
5.0
 40
5.0
 40
6.0
 40
6.0
 40
6.0
 40
7.0
 40
7.0
 40
7.0
 40
8.0
 40
8.0
 40
8.0
 40
8.0
 10
103.530783693142
 20
179.0351387894744
 30
0.0
 10
103.530783693142
 20
179.0351387894744
 30
0.0
 10
86.23078369314239
 20
179.0351387894744
 30
0.0
 10
86.23078369314239
 20
179.0351387894744
 30
0.0
 10
85.81657013076934
 20
179.0351387894744
 30
0.0
 10
85.48078369314253
 20
178.6993523518473
 30
0.0
 10
85.48078369314253
 20
178.2851387894746
 30
0.0
 10
85.4807836931422
 20
178.2851387894746
 30
0.0
 10
85.4807836931422
 20
165.7851387894744
 30
0.0
 10
85.4807836931422
 20
165.7851387894744
 30
0.0
 10
85.48078369314253
 20
165.3709252271011
 30
0.0
 10
85.81657013076934
 20
165.0351387894746
 30
0.0
 10
86.23078369314239
 20
165.0351387894746
 30
0.0
 10
86.23078369314239
 20
165.0351387894746
 30
0.0
 10
103.530783693142
 20
165.0351387894746
 30
0.0
 10
103.530783693142
 20
165.0351387894746
 30
0.0
 10
103.9449972555151
 20
165.0351387894746
 30
0.0
 10
104.2807836931419
 20
165.3709252271011
 30
0.0
 10
104.2807836931419
 20
165.7851387894744
 30
0.0
 10
104.2807836931419
 20
165.7851387894744
 30
0.0
 10
104.2807836931419
 20
178.2851387894746
 30
0.0
 10
104.2807836931419
 20
178.2851387894746
 30
0.0
 10
104.2807836931419
 20
178.6993523518473
 30
0.0
 10
103.9449972555151
 20
179.0351387894744
 30
0.0
 10
103.530783693142
 20
179.0351387894744
 30
0.0
  0
ENDBLK
  5
84EB
330
84E8
100
AcDbEntity
  8
0
100
AcDbBlockEnd
  0
BLOCK
  5
8507
330
84F4
100
AcDbEntity
  8
0
100
AcDbBlockBegin
  2
A$Ca3357c42
 70
     0
 10
0.0
 20
0.0
 30
0.0
  3
A$Ca3357c42
  1

  0
LINE
  5
84F5
330
84F4
100
AcDbEntity
  8
0
100
AcDbLine
 10
1.925867462351334
 20
14.14644580564197
 30
0.0
 11
12.36702306796656
 21
14.14644580564084
 31
0.0
  0
LINE
  5
84F6
330
84F4
100
AcDbEntity
  8
0
100
AcDbLine
 10
0.1464452651582633
 20
12.36702360845095
 30
0.0
 11
0.1464452651582633
 21
1.925868002835955
 31
0.0
  0
LINE
  5
84F7
330
84F4
100
AcDbEntity
  8
0
100
AcDbLine
 10
14.14644526515963
 20
12.36702360844981
 30
0.0
 11
14.1464452651569
 21
1.925868002832999
 31
0.0
  0
LINE
  5
84F8
330
84F4
100
AcDbEntity
  8
0
100
AcDbLine
 10
1.92586746234997
 20
0.1464458056419744
 30
0.0
 11
12.36702306796428
 21
0.1464458056419744
 31
0.0
  0
ARC
  5
84F9
330
84F4
100
AcDbEntity
  8
0
100
AcDbCircle
 10
13.29289187456448
 20
0.9999991962348531
 30
0.0
 40
0.9999999999999812
100
AcDbArc
 50
252.023738220798
 51
17.97626177917363
  0
ARC
  5
84FA
330
84F4
100
AcDbEntity
  8
0
100
AcDbCircle
 10
16.1464452651569
 20
1.925868002832999
 30
0.0
 40
2.0
100
AcDbArc
 50
180.0
 51
197.9762617791736
  0
ARC
  5
84FB
330
84F4
100
AcDbEntity
  8
0
100
AcDbCircle
 10
12.36702306796428
 20
-1.853554194358026
 30
0.0
 40
2.0
100
AcDbArc
 50
72.02373822079798
 51
90.0
  0
ARC
  5
84FC
330
84F4
100
AcDbEntity
  8
0
100
AcDbCircle
 10
0.9999986557515967
 20
0.99999919623599
 30
0.0
 40
0.9999999999999812
100
AcDbArc
 50
162.023738220804
 51
287.9762617791746
  0
ARC
  5
84FD
330
84F4
100
AcDbEntity
  8
0
100
AcDbCircle
 10
1.92586746234997
 20
-1.853554194357116
 30
0.0
 40
2.0
100
AcDbArc
 50
90.0
 51
107.9762617791746
  0
ARC
  5
84FE
330
84F4
100
AcDbEntity
  8
0
100
AcDbCircle
 10
-1.853554734840372
 20
1.925868002835955
 30
0.0
 40
2.0
100
AcDbArc
 50
342.023738220804
 51
0.0
  0
ARC
  5
84FF
330
84F4
100
AcDbEntity
  8
0
100
AcDbCircle
 10
0.9999986557520515
 20
13.2928924150491
 30
0.0
 40
0.9999999999999812
100
AcDbArc
 50
72.02373822079798
 51
197.9762617791736
  0
ARC
  5
8500
330
84F4
100
AcDbEntity
  8
0
100
AcDbCircle
 10
-1.853554734840372
 20
12.36702360845095
 30
0.0
 40
2.0
100
AcDbArc
 50
0.0
 51
17.97626177917363
  0
ARC
  5
8501
330
84F4
100
AcDbEntity
  8
0
100
AcDbCircle
 10
1.925867462351334
 20
16.14644580564197
 30
0.0
 40
2.0
100
AcDbArc
 50
252.023738220798
 51
270.0
  0
ARC
  5
8502
330
84F4
100
AcDbEntity
  8
0
100
AcDbCircle
 10
13.29289187456448
 20
13.29289241504796
 30
0.0
 40
0.9999999999999812
100
AcDbArc
 50
342.0237382208124
 51
107.976261779202
  0
ARC
  5
8503
330
84F4
100
AcDbEntity
  8
0
100
AcDbCircle
 10
12.36702306796656
 20
16.14644580564084
 30
0.0
 40
2.0
100
AcDbArc
 50
270.0
 51
287.976261779202
  0
ARC
  5
8504
330
84F4
100
AcDbEntity
  8
0
100
AcDbCircle
 10
16.14644526515826
 20
12.36702360844981
 30
0.0
 40
2.0
100
AcDbArc
 50
162.0237382208124
 51
180.0000000000261
  0
ENDBLK
  5
8508
330
84F4
100
AcDbEntity
  8
0
100
AcDbBlockEnd
  0
BLOCK
  5
896A
330
8963
100
AcDbEntity
  8
0
100
AcDbBlockBegin
  2
A$C311f73ba
 70
     0
 10
0.0
 20
0.0
 30
0.0
  3
A$C311f73ba
  1

  0
LINE
  5
8964
330
8963
100
AcDbEntity
  8
SUIT-00-06_PBL1
  6
Continuous
 62
     7
100
AcDbLine
 10
0.9999996693702542
 20
0.0000001389837223
 30
0.0
 11
37.59999966937039
 21
0.0000001389837223
 31
0.0
  0
LINE
  5
8965
330
8963
100
AcDbEntity
  8
SUIT-00-06_PBL1
  6
Continuous
 62
     7
100
AcDbLine
 10
37.59999966937039
 20
2.000000138983722
 30
0.0
 11
0.9999996693702542
 21
2.000000138983722
 31
0.0
  0
ARC
  5
8966
330
8963
100
AcDbEntity
  8
0
100
AcDbCircle
 10
0.9999996693702542
 20
1.000000138983722
 30
0.0
 40
1.0
100
AcDbArc
 50
90.0
 51
270.0
  0
ARC
  5
8967
330
8963
100
AcDbEntity
  8
0
100
AcDbCircle
 10
37.59999966937039
 20
1.000000138983723
 30
0.0
 40
1.0
100
AcDbArc
 50
270.0
 51
90.0
  0
ENDBLK
  5
896B
330
8963
100
AcDbEntity
  8
0
100
AcDbBlockEnd
  0
BLOCK
  5
8BAD
330
8BA1
100
AcDbEntity
  8
0
100
AcDbBlockBegin
  2
A$Cdd5e3443
 70
     0
 10
0.0
 20
0.0
 30
0.0
  3
A$Cdd5e3443
  1

  0
LINE
  5
8BA2
330
8BA1
100
AcDbEntity
  8
SUIT-00-06_PBL1
  6
Continuous
 62
     7
100
AcDbLine
 10
0.0000004716171134
 20
2.000000299989182
 30
0.0
 11
0.0000004716171134
 21
1.000000299989182
 31
0.0
  0
LINE
  5
8BA3
330
8BA1
100
AcDbEntity
  8
SUIT-00-06_PBL1
  6
Continuous
 62
     7
100
AcDbLine
 10
98.00000047161734
 20
1.000000299989182
 30
0.0
 11
98.00000047161734
 21
2.000000299989182
 31
0.0
  0
LINE
  5
8BA4
330
8BA1
100
AcDbEntity
  8
SUIT-00-06_PBL1
  6
Continuous
 62
     7
100
AcDbLine
 10
97.00000047161734
 20
0.0000002999891819
 30
0.0
 11
83.00000047161734
 21
0.0000002999891819
 31
0.0
  0
LINE
  5
8BA5
330
8BA1
100
AcDbEntity
  8
SUIT-00-06_PBL1
  6
Continuous
 62
     7
100
AcDbLine
 10
15.00000047161711
 20
0.0000002999891819
 30
0.0
 11
1.000000471617113
 21
0.0000002999891819
 31
0.0
  0
LINE
  5
8BA6
330
8BA1
100
AcDbEntity
  8
SUIT-00-06_PBL1
  6
Continuous
 62
     7
100
AcDbLine
 10
97.00000047161734
 20
3.000000299989182
 30
0.0
 11
1.000000471617113
 21
3.000000299989182
 31
0.0
  0
ARC
  5
8BA7
330
8BA1
100
AcDbEntity
  8
SUIT-00-06_PBL1
  6
Continuous
 62
     7
100
AcDbCircle
 10
97.00000047161734
 20
1.000000299989182
 30
0.0
 40
1.0
100
AcDbArc
 50
270.0
 51
0.0
  0
ARC
  5
8BA8
330
8BA1
100
AcDbEntity
  8
SUIT-00-06_PBL1
  6
Continuous
 62
     7
100
AcDbCircle
 10
97.00000047161734
 20
2.000000299989182
 30
0.0
 40
1.0
100
AcDbArc
 50
0.0
 51
90.0
  0
ARC
  5
8BA9
330
8BA1
100
AcDbEntity
  8
SUIT-00-06_PBL1
  6
Continuous
 62
     7
100
AcDbCircle
 10
1.000000471617113
 20
2.000000299989182
 30
0.0
 40
1.0
100
AcDbArc
 50
90.0
 51
180.0
  0
ARC
  5
8BAA
330
8BA1
100
AcDbEntity
  8
SUIT-00-06_PBL1
  6
Continuous
 62
     7
100
AcDbCircle
 10
1.000000471617113
 20
1.000000299989182
 30
0.0
 40
1.0
100
AcDbArc
 50
180.0
 51
270.0
  0
ENDBLK
  5
8BAE
330
8BA1
100
AcDbEntity
  8
0
100
AcDbBlockEnd
  0
BLOCK
  5
8BE6
330
8BD8
100
AcDbEntity
  8
0
100
AcDbBlockBegin
  2
A$Cd8320433
 70
     0
 10
0.0
 20
0.0
 30
0.0
  3
A$Cd8320433
  1

  0
LINE
  5
8BD9
330
8BD8
100
AcDbEntity
  8
SUIT-00-06_PBL1
  6
Continuous
 62
     7
100
AcDbLine
 10
-0.0000005902036264
 20
3.999999083792062
 30
0.0
 11
-0.0000005902036264
 21
2.999999083792062
 31
0.0
  0
LINE
  5
8BDA
330
8BD8
100
AcDbEntity
  8
SUIT-00-06_PBL1
  6
Continuous
 62
     7
100
AcDbLine
 10
97.9999994097966
 20
2.999999083792062
 30
0.0
 11
97.9999994097966
 21
3.999999083792062
 31
0.0
  0
LINE
  5
8BDB
330
8BD8
100
AcDbEntity
  8
SUIT-00-06_PBL1
  6
Continuous
 62
     7
100
AcDbLine
 10
96.9999994097966
 20
1.999999083792062
 30
0.0
 11
82.9999994097966
 21
1.999999083792062
 31
0.0
  0
LINE
  5
8BDC
330
8BD8
100
AcDbEntity
  8
SUIT-00-06_PBL1
  6
Continuous
 62
     7
100
AcDbLine
 10
14.99999940979637
 20
1.999999083792062
 30
0.0
 11
0.9999994097963736
 21
1.999999083792062
 31
0.0
  0
LINE
  5
8BDD
330
8BD8
100
AcDbEntity
  8
SUIT-00-06_PBL1
  6
Continuous
 62
     7
100
AcDbLine
 10
96.9999994097966
 20
4.999999083792062
 30
0.0
 11
0.9999994097963736
 21
4.999999083792062
 31
0.0
  0
ARC
  5
8BDE
330
8BD8
100
AcDbEntity
  8
SUIT-00-06_PBL1
  6
Continuous
 62
     7
100
AcDbCircle
 10
96.9999994097966
 20
2.999999083792062
 30
0.0
 40
1.0
100
AcDbArc
 50
270.0
 51
0.0
  0
ARC
  5
8BDF
330
8BD8
100
AcDbEntity
  8
SUIT-00-06_PBL1
  6
Continuous
 62
     7
100
AcDbCircle
 10
96.9999994097966
 20
3.999999083792062
 30
0.0
 40
1.0
100
AcDbArc
 50
0.0
 51
90.0
  0
ARC
  5
8BE0
330
8BD8
100
AcDbEntity
  8
SUIT-00-06_PBL1
  6
Continuous
 62
     7
100
AcDbCircle
 10
0.9999994097963736
 20
3.999999083792062
 30
0.0
 40
1.0
100
AcDbArc
 50
90.0
 51
180.0
  0
ARC
  5
8BE1
330
8BD8
100
AcDbEntity
  8
SUIT-00-06_PBL1
  6
Continuous
 62
     7
100
AcDbCircle
 10
0.9999994097963736
 20
2.999999083792062
 30
0.0
 40
1.0
100
AcDbArc
 50
180.0
 51
270.0
  0
ARC
  5
8BE2
330
8BD8
100
AcDbEntity
  8
0
100
AcDbCircle
 10
14.99999940979637
 20
0.999999083792062
 30
0.0
 40
1.0
100
AcDbArc
 50
270.0
 51
90.0
  0
ARC
  5
8BE3
330
8BD8
100
AcDbEntity
  8
0
100
AcDbCircle
 10
82.9999994097966
 20
0.999999083792062
 30
0.0
 40
1.0
100
AcDbArc
 50
90.0
 51
270.0
  0
ENDBLK
  5
8BE7
330
8BD8
100
AcDbEntity
  8
0
100
AcDbBlockEnd
  0
ENDSEC
  0
SECTION
  2
ENTITIES
  0
LINE
  5
72EE
330
203
100
AcDbEntity
  8
SUIT-00-06_PBL1
  6
Continuous
 62
     7
100
AcDbLine
 10
960.8779847871656
 20
24.65635427217407
 30
0.0
 11
960.8779847871656
 21
-93.84364572782594
 31
0.0
  0
LINE
  5
72EF
330
203
100
AcDbEntity
  8
SUIT-00-06_PBL1
  6
Continuous
 62
     7
100
AcDbLine
 10
962.8779847871656
 20
29.65635427217407
 30
0.0
 11
962.8779847871656
 21
28.65635427217407
 31
0.0
  0
LINE
  5
7314
330
203
100
AcDbEntity
  8
SUIT-00-06_PBL1
  6
Continuous
 62
     7
100
AcDbLine
 10
1019.877984787166
 20
28.65635427217407
 30
0.0
 11
1019.877984787166
 21
29.65635427217407
 31
0.0
  0
LINE
  5
731E
330
203
100
AcDbEntity
  8
SUIT-00-06_PBL1
  6
Continuous
 62
     7
100
AcDbLine
 10
1031.187984787166
 20
29.65635427217407
 30
0.0
 11
1031.187984787166
 21
28.65635427217407
 31
0.0
  0
LINE
  5
7349
330
203
100
AcDbEntity
  8
SUIT-00-06_PBL1
  6
Continuous
 62
     7
100
AcDbLine
 10
961.8779847871656
 20
-94.84364572782594
 30
0.0
 11
975.3779847871655
 21
-94.84364572782593
 31
0.0
  0
LINE
  5
734A
330
203
100
AcDbEntity
  8
SUIT-00-06_PBL1
  6
Continuous
 62
     7
100
AcDbLine
 10
1007.377984787166
 20
-94.84364572782593
 30
0.0
 11
1046.187984787166
 21
-94.84364572782611
 31
0.0
  0
LINE
  5
734B
330
203
100
AcDbEntity
  8
SUIT-00-06_PBL1
  6
Continuous
 62
     7
100
AcDbLine
 10
1114.187984787166
 20
-94.84364572782611
 30
0.0
 11
1156.187984787166
 21
-94.84364572782593
 31
0.0
  0
LINE
  5
734C
330
203
100
AcDbEntity
  8
SUIT-00-06_PBL1
  6
Continuous
 62
     7
100
AcDbLine
 10
1224.187984787166
 20
-94.84364572782593
 30
0.0
 11
1262.997984787166
 21
-94.84364572782611
 31
0.0
  0
LINE
  5
734D
330
203
100
AcDbEntity
  8
SUIT-00-06_PBL1
  6
Continuous
 62
     7
100
AcDbLine
 10
1294.997984787166
 20
-94.84364572782611
 30
0.0
 11
1308.497984787166
 21
-94.84364572782594
 31
0.0
  0
LINE
  5
73B5
330
203
100
AcDbEntity
  8
SUIT-00-06_PBL1
  6
Continuous
 62
     7
100
AcDbLine
 10
1129.187984787166
 20
28.65635427217407
 30
0.0
 11
1129.187984787166
 21
29.65635427217407
 31
0.0
  0
LINE
  5
745D
330
203
100
AcDbEntity
  8
SUIT-00-06_PBL1
  6
Continuous
 62
     7
100
AcDbLine
 10
1308.497984787166
 20
25.65635427217407
 30
0.0
 11
1294.997984787166
 21
25.65635427217407
 31
0.0
  0
LINE
  5
745E
330
203
100
AcDbEntity
  8
SUIT-00-06_PBL1
  6
Continuous
 62
     7
100
AcDbLine
 10
1262.997984787165
 20
25.65635427217407
 30
0.0
 11
1224.187984787166
 21
25.65635427217407
 31
0.0
  0
LINE
  5
745F
330
203
100
AcDbEntity
  8
SUIT-00-06_PBL1
  6
Continuous
 62
     7
100
AcDbLine
 10
1156.187984787166
 20
25.65635427217407
 30
0.0
 11
1114.187984787166
 21
25.65635427217407
 31
0.0
  0
LINE
  5
7460
330
203
100
AcDbEntity
  8
SUIT-00-06_PBL1
  6
Continuous
 62
     7
100
AcDbLine
 10
1046.187984787166
 20
25.65635427217407
 30
0.0
 11
1007.377984787166
 21
25.65635427217407
 31
0.0
  0
LINE
  5
7461
330
203
100
AcDbEntity
  8
SUIT-00-06_PBL1
  6
Continuous
 62
     7
100
AcDbLine
 10
975.3779847871656
 20
25.65635427217407
 30
0.0
 11
961.8779847871656
 21
25.65635427217407
 31
0.0
  0
LINE
  5
7466
330
203
100
AcDbEntity
  8
SUIT-00-06_PBL1
  6
Continuous
 62
     7
100
AcDbLine
 10
1128.187984787166
 20
27.65635427217407
 30
0.0
 11
1114.187984787166
 21
27.65635427217407
 31
0.0
  0
LINE
  5
7467
330
203
100
AcDbEntity
  8
SUIT-00-06_PBL1
  6
Continuous
 62
     7
100
AcDbLine
 10
1046.187984787166
 20
27.65635427217407
 30
0.0
 11
1032.187984787166
 21
27.65635427217407
 31
0.0
  0
LINE
  5
7468
330
203
100
AcDbEntity
  8
SUIT-00-06_PBL1
  6
Continuous
 62
     7
100
AcDbLine
 10
1018.877984787166
 20
27.65635427217407
 30
0.0
 11
1007.377984787166
 21
27.65635427217407
 31
0.0
  0
LINE
  5
7469
330
203
100
AcDbEntity
  8
SUIT-00-06_PBL1
  6
Continuous
 62
     7
100
AcDbLine
 10
975.3779847871656
 20
27.65635427217407
 30
0.0
 11
963.8779847871656
 21
27.65635427217407
 31
0.0
  0
LINE
  5
7474
330
203
100
AcDbEntity
  8
SUIT-00-06_PBL1
  6
Continuous
 62
     7
100
AcDbLine
 10
1128.187984787166
 20
30.65635427217407
 30
0.0
 11
1032.187984787166
 21
30.65635427217407
 31
0.0
  0
LINE
  5
7475
330
203
100
AcDbEntity
  8
SUIT-00-06_PBL1
  6
Continuous
 62
     7
100
AcDbLine
 10
1018.877984787166
 20
30.65635427217407
 30
0.0
 11
963.8779847871656
 21
30.65635427217407
 31
0.0
  0
LINE
  5
74B3
330
203
100
AcDbEntity
  8
SUIT-00-06_PBL1
  6
Continuous
 62
     7
100
AcDbLine
 10
1309.497984787166
 20
-93.84364572782594
 30
0.0
 11
1309.497984787166
 21
24.65635427217407
 31
0.0
  0
ARC
  5
74B4
330
203
100
AcDbEntity
  8
SUIT-00-06_PBL1
  6
Continuous
 62
     7
100
AcDbCircle
 10
961.8779847871656
 20
-93.84364572782594
 30
0.0
 40
1.0
100
AcDbArc
 50
180.0
 51
270.0
  0
ARC
  5
74D0
330
203
100
AcDbEntity
  8
SUIT-00-06_PBL1
  6
Continuous
 62
     7
100
AcDbCircle
 10
1128.187984787166
 20
28.65635427217407
 30
0.0
 40
1.0
100
AcDbArc
 50
270.0
 51
0.0
  0
ARC
  5
74D1
330
203
100
AcDbEntity
  8
SUIT-00-06_PBL1
  6
Continuous
 62
     7
100
AcDbCircle
 10
1128.187984787166
 20
29.65635427217407
 30
0.0
 40
1.0
100
AcDbArc
 50
0.0
 51
90.0
  0
ARC
  5
74D2
330
203
100
AcDbEntity
  8
SUIT-00-06_PBL1
  6
Continuous
 62
     7
100
AcDbCircle
 10
1032.187984787166
 20
29.65635427217407
 30
0.0
 40
1.0
100
AcDbArc
 50
90.0
 51
180.0
  0
ARC
  5
74D3
330
203
100
AcDbEntity
  8
SUIT-00-06_PBL1
  6
Continuous
 62
     7
100
AcDbCircle
 10
1032.187984787166
 20
28.65635427217407
 30
0.0
 40
1.0
100
AcDbArc
 50
180.0
 51
270.0
  0
ARC
  5
74D4
330
203
100
AcDbEntity
  8
SUIT-00-06_PBL1
  6
Continuous
 62
     7
100
AcDbCircle
 10
1018.877984787166
 20
28.65635427217407
 30
0.0
 40
1.0
100
AcDbArc
 50
270.0
 51
0.0
  0
ARC
  5
74D5
330
203
100
AcDbEntity
  8
SUIT-00-06_PBL1
  6
Continuous
 62
     7
100
AcDbCircle
 10
1018.877984787166
 20
29.65635427217407
 30
0.0
 40
1.0
100
AcDbArc
 50
0.0
 51
90.0
  0
ARC
  5
74D6
330
203
100
AcDbEntity
  8
SUIT-00-06_PBL1
  6
Continuous
 62
     7
100
AcDbCircle
 10
963.8779847871656
 20
29.65635427217407
 30
0.0
 40
1.0
100
AcDbArc
 50
90.0
 51
180.0
  0
ARC
  5
74D7
330
203
100
AcDbEntity
  8
SUIT-00-06_PBL1
  6
Continuous
 62
     7
100
AcDbCircle
 10
963.8779847871656
 20
28.65635427217407
 30
0.0
 40
1.0
100
AcDbArc
 50
180.0
 51
270.0
  0
ARC
  5
74D8
330
203
100
AcDbEntity
  8
SUIT-00-06_PBL1
  6
Continuous
 62
     7
100
AcDbCircle
 10
961.8779847871656
 20
24.65635427217407
 30
0.0
 40
1.0
100
AcDbArc
 50
90.0
 51
180.0
  0
ARC
  5
74E0
330
203
100
AcDbEntity
  8
SUIT-00-06_PBL1
  6
Continuous
 62
     7
100
AcDbCircle
 10
1308.497984787166
 20
-93.84364572782594
 30
0.0
 40
1.0
100
AcDbArc
 50
270.0
 51
0.0
  0
ARC
  5
7504
330
203
100
AcDbEntity
  8
SUIT-00-06_PBL1
  6
Continuous
 62
     7
100
AcDbCircle
 10
1308.497984787166
 20
24.65635427217407
 30
0.0
 40
1.0
100
AcDbArc
 50
0.0
 51
90.0
  0
LINE
  5
7533
330
203
100
AcDbEntity
  8
SUIT-00-06_PBL1
  6
Continuous
 62
     7
100
AcDbLine
 10
971.8419664696737
 20
2.246354272174017
 30
0.0
 11
1058.654774596571
 21
2.246354272174017
 31
0.0
  0
LINE
  5
7534
330
203
100
AcDbEntity
  8
SUIT-00-06_PBL1
  6
Continuous
 62
     7
100
AcDbLine
 10
1058.654774596571
 20
4.246354272174017
 30
0.0
 11
971.8419664696737
 21
4.246354272174017
 31
0.0
  0
MTEXT
  5
7542
330
203
100
AcDbEntity
  8
0
100
AcDbMText
 10
1065.320852695176
 20
76.05385832437469
 30
0.0
 40
10.19238265871769
 41
4090.932214660641
 71
     1
 72
     5
  1
{\fSimHei|b0|i0|c134|p49;定位板 1.5mm}
 73
     1
 44
1.0
  0
LINE
  5
7635
330
203
100
AcDbEntity
  8
0
100
AcDbLine
 10
965.6574069843598
 20
22.15635427217407
 30
0.0
 11
976.098562589975
 21
22.15635427217293
 31
0.0
  0
LINE
  5
7636
330
203
100
AcDbEntity
  8
0
100
AcDbLine
 10
963.8779847871667
 20
20.37693207498305
 30
0.0
 11
963.8779847871667
 21
9.93577646936805
 31
0.0
  0
LINE
  5
7637
330
203
100
AcDbEntity
  8
0
100
AcDbLine
 10
977.8779847871681
 20
20.37693207498191
 30
0.0
 11
977.8779847871654
 21
9.935776469365095
 31
0.0
  0
LINE
  5
7638
330
203
100
AcDbEntity
  8
0
100
AcDbLine
 10
965.6574069843584
 20
8.15635427217407
 30
0.0
 11
976.0985625899727
 21
8.15635427217407
 31
0.0
  0
ARC
  5
7639
330
203
100
AcDbEntity
  8
0
100
AcDbCircle
 10
977.0244313965729
 20
9.009907662766949
 30
0.0
 40
0.9999999999999812
100
AcDbArc
 50
252.0237382207979
 51
17.97626177917336
  0
ARC
  5
763A
330
203
100
AcDbEntity
  8
0
100
AcDbCircle
 10
979.8779847871654
 20
9.935776469365095
 30
0.0
 40
2.0
100
AcDbArc
 50
180.0
 51
197.9762617791734
  0
ARC
  5
763B
330
203
100
AcDbEntity
  8
0
100
AcDbCircle
 10
976.0985625899727
 20
6.15635427217407
 30
0.0
 40
2.0
100
AcDbArc
 50
72.02373822079791
 51
90.0
  0
ARC
  5
763C
330
203
100
AcDbEntity
  8
0
100
AcDbCircle
 10
964.7315381777601
 20
9.009907662768086
 30
0.0
 40
0.9999999999999812
100
AcDbArc
 50
162.0237382208044
 51
287.9762617791746
  0
ARC
  5
763D
330
203
100
AcDbEntity
  8
0
100
AcDbCircle
 10
965.6574069843584
 20
6.15635427217498
 30
0.0
 40
2.0
100
AcDbArc
 50
90.0
 51
107.9762617791746
  0
ARC
  5
763E
330
203
100
AcDbEntity
  8
0
100
AcDbCircle
 10
961.8779847871681
 20
9.93577646936805
 30
0.0
 40
2.0
100
AcDbArc
 50
342.0237382208044
 51
0.0
  0
ARC
  5
763F
330
203
100
AcDbEntity
  8
0
100
AcDbCircle
 10
964.7315381777605
 20
21.30280088158119
 30
0.0
 40
0.9999999999999812
100
AcDbArc
 50
72.02373822079791
 51
197.9762617791734
  0
ARC
  5
7640
330
203
100
AcDbEntity
  8
0
100
AcDbCircle
 10
961.8779847871681
 20
20.37693207498305
 30
0.0
 40
2.0
100
AcDbArc
 50
0.0
 51
17.97626177917336
  0
ARC
  5
7641
330
203
100
AcDbEntity
  8
0
100
AcDbCircle
 10
965.6574069843598
 20
24.15635427217407
 30
0.0
 40
2.0
100
AcDbArc
 50
252.0237382207979
 51
270.0
  0
ARC
  5
7642
330
203
100
AcDbEntity
  8
0
100
AcDbCircle
 10
977.0244313965729
 20
21.30280088158005
 30
0.0
 40
0.9999999999999812
100
AcDbArc
 50
342.0237382208121
 51
107.9762617792021
  0
ARC
  5
7643
330
203
100
AcDbEntity
  8
0
100
AcDbCircle
 10
976.098562589975
 20
24.15635427217293
 30
0.0
 40
2.0
100
AcDbArc
 50
270.0
 51
287.976261779202
  0
ARC
  5
7644
330
203
100
AcDbEntity
  8
0
100
AcDbCircle
 10
979.8779847871667
 20
20.37693207498191
 30
0.0
 40
2.0
100
AcDbArc
 50
162.0237382208121
 51
180.0000000000261
  0
LINE
  5
765B
330
203
100
AcDbEntity
  8
0
100
AcDbLine
 10
989.4699069843598
 20
22.15635427217407
 30
0.0
 11
999.911062589975
 21
22.15635427217293
 31
0.0
  0
LINE
  5
765C
330
203
100
AcDbEntity
  8
0
100
AcDbLine
 10
987.6904847871667
 20
20.37693207498305
 30
0.0
 11
987.6904847871667
 21
9.93577646936805
 31
0.0
  0
LINE
  5
765D
330
203
100
AcDbEntity
  8
0
100
AcDbLine
 10
1001.690484787168
 20
20.37693207498191
 30
0.0
 11
1001.690484787165
 21
9.935776469365095
 31
0.0
  0
LINE
  5
765E
330
203
100
AcDbEntity
  8
0
100
AcDbLine
 10
989.4699069843584
 20
8.15635427217407
 30
0.0
 11
999.9110625899727
 21
8.15635427217407
 31
0.0
  0
ARC
  5
765F
330
203
100
AcDbEntity
  8
0
100
AcDbCircle
 10
1000.836931396573
 20
9.009907662766949
 30
0.0
 40
0.9999999999999812
100
AcDbArc
 50
252.023738220798
 51
17.97626177917336
  0
ARC
  5
7660
330
203
100
AcDbEntity
  8
0
100
AcDbCircle
 10
1003.690484787165
 20
9.935776469365095
 30
0.0
 40
2.0
100
AcDbArc
 50
180.0
 51
197.9762617791734
  0
ARC
  5
7661
330
203
100
AcDbEntity
  8
0
100
AcDbCircle
 10
999.9110625899727
 20
6.15635427217407
 30
0.0
 40
2.0
100
AcDbArc
 50
72.02373822079795
 51
90.0
  0
ARC
  5
7662
330
203
100
AcDbEntity
  8
0
100
AcDbCircle
 10
988.5440381777601
 20
9.009907662768086
 30
0.0
 40
0.9999999999999812
100
AcDbArc
 50
162.0237382208044
 51
287.9762617791746
  0
ARC
  5
7663
330
203
100
AcDbEntity
  8
0
100
AcDbCircle
 10
989.4699069843584
 20
6.15635427217498
 30
0.0
 40
2.0
100
AcDbArc
 50
90.0
 51
107.9762617791746
  0
ARC
  5
7664
330
203
100
AcDbEntity
  8
0
100
AcDbCircle
 10
985.6904847871681
 20
9.93577646936805
 30
0.0
 40
2.0
100
AcDbArc
 50
342.0237382208043
 51
0.0
  0
ARC
  5
7665
330
203
100
AcDbEntity
  8
0
100
AcDbCircle
 10
988.5440381777605
 20
21.30280088158119
 30
0.0
 40
0.9999999999999812
100
AcDbArc
 50
72.02373822079795
 51
197.9762617791734
  0
ARC
  5
7666
330
203
100
AcDbEntity
  8
0
100
AcDbCircle
 10
985.6904847871681
 20
20.37693207498305
 30
0.0
 40
2.0
100
AcDbArc
 50
0.0
 51
17.97626177917336
  0
ARC
  5
7667
330
203
100
AcDbEntity
  8
0
100
AcDbCircle
 10
989.4699069843598
 20
24.15635427217407
 30
0.0
 40
2.0
100
AcDbArc
 50
252.023738220798
 51
270.0
  0
ARC
  5
7668
330
203
100
AcDbEntity
  8
0
100
AcDbCircle
 10
1000.836931396573
 20
21.30280088158005
 30
0.0
 40
0.9999999999999812
100
AcDbArc
 50
342.0237382208121
 51
107.9762617792021
  0
ARC
  5
7669
330
203
100
AcDbEntity
  8
0
100
AcDbCircle
 10
999.911062589975
 20
24.15635427217293
 30
0.0
 40
2.0
100
AcDbArc
 50
270.0
 51
287.976261779202
  0
ARC
  5
766A
330
203
100
AcDbEntity
  8
0
100
AcDbCircle
 10
1003.690484787167
 20
20.37693207498191
 30
0.0
 40
2.0
100
AcDbArc
 50
162.0237382208121
 51
180.0000000000261
  0
LINE
  5
7681
330
203
100
AcDbEntity
  8
0
100
AcDbLine
 10
1008.51990698436
 20
22.15635427217407
 30
0.0
 11
1018.961062589975
 21
22.15635427217293
 31
0.0
  0
LINE
  5
7682
330
203
100
AcDbEntity
  8
0
100
AcDbLine
 10
1006.740484787167
 20
20.37693207498305
 30
0.0
 11
1006.740484787167
 21
9.93577646936805
 31
0.0
  0
LINE
  5
7683
330
203
100
AcDbEntity
  8
0
100
AcDbLine
 10
1020.740484787168
 20
20.37693207498191
 30
0.0
 11
1020.740484787165
 21
9.935776469365095
 31
0.0
  0
LINE
  5
7684
330
203
100
AcDbEntity
  8
0
100
AcDbLine
 10
1008.519906984358
 20
8.15635427217407
 30
0.0
 11
1018.961062589973
 21
8.15635427217407
 31
0.0
  0
ARC
  5
7685
330
203
100
AcDbEntity
  8
0
100
AcDbCircle
 10
1019.886931396573
 20
9.009907662766949
 30
0.0
 40
0.9999999999999812
100
AcDbArc
 50
252.023738220798
 51
17.97626177917356
  0
ARC
  5
7686
330
203
100
AcDbEntity
  8
0
100
AcDbCircle
 10
1022.740484787165
 20
9.935776469365095
 30
0.0
 40
2.0
100
AcDbArc
 50
180.0
 51
197.9762617791736
  0
ARC
  5
7687
330
203
100
AcDbEntity
  8
0
100
AcDbCircle
 10
1018.961062589973
 20
6.15635427217407
 30
0.0
 40
2.0
100
AcDbArc
 50
72.02373822079795
 51
90.0
  0
ARC
  5
7688
330
203
100
AcDbEntity
  8
0
100
AcDbCircle
 10
1007.59403817776
 20
9.009907662768086
 30
0.0
 40
0.9999999999999812
100
AcDbArc
 50
162.0237382208044
 51
287.9762617791746
  0
ARC
  5
7689
330
203
100
AcDbEntity
  8
0
100
AcDbCircle
 10
1008.519906984358
 20
6.15635427217498
 30
0.0
 40
2.0
100
AcDbArc
 50
90.0
 51
107.9762617791746
  0
ARC
  5
768A
330
203
100
AcDbEntity
  8
0
100
AcDbCircle
 10
1004.740484787168
 20
9.93577646936805
 30
0.0
 40
2.0
100
AcDbArc
 50
342.0237382208044
 51
0.0
  0
ARC
  5
768B
330
203
100
AcDbEntity
  8
0
100
AcDbCircle
 10
1007.594038177761
 20
21.30280088158119
 30
0.0
 40
0.9999999999999812
100
AcDbArc
 50
72.02373822079795
 51
197.9762617791736
  0
ARC
  5
768C
330
203
100
AcDbEntity
  8
0
100
AcDbCircle
 10
1004.740484787168
 20
20.37693207498305
 30
0.0
 40
2.0
100
AcDbArc
 50
0.0
 51
17.97626177917356
  0
ARC
  5
768D
330
203
100
AcDbEntity
  8
0
100
AcDbCircle
 10
1008.51990698436
 20
24.15635427217407
 30
0.0
 40
2.0
100
AcDbArc
 50
252.023738220798
 51
270.0
  0
ARC
  5
768E
330
203
100
AcDbEntity
  8
0
100
AcDbCircle
 10
1019.886931396573
 20
21.30280088158005
 30
0.0
 40
0.9999999999999812
100
AcDbArc
 50
342.0237382208121
 51
107.9762617792021
  0
ARC
  5
768F
330
203
100
AcDbEntity
  8
0
100
AcDbCircle
 10
1018.961062589975
 20
24.15635427217293
 30
0.0
 40
2.0
100
AcDbArc
 50
270.0
 51
287.976261779202
  0
ARC
  5
7690
330
203
100
AcDbEntity
  8
0
100
AcDbCircle
 10
1022.740484787167
 20
20.37693207498191
 30
0.0
 40
2.0
100
AcDbArc
 50
162.0237382208121
 51
180.0000000000261
  0
LINE
  5
76B7
330
203
100
AcDbEntity
  8
0
100
AcDbLine
 10
1027.57990698436
 20
22.15635427217407
 30
0.0
 11
1038.021062589975
 21
22.15635427217293
 31
0.0
  0
LINE
  5
76B8
330
203
100
AcDbEntity
  8
0
100
AcDbLine
 10
1025.800484787167
 20
20.37693207498305
 30
0.0
 11
1025.800484787167
 21
9.93577646936805
 31
0.0
  0
LINE
  5
76B9
330
203
100
AcDbEntity
  8
0
100
AcDbLine
 10
1039.800484787168
 20
20.37693207498191
 30
0.0
 11
1039.800484787165
 21
9.935776469365095
 31
0.0
  0
LINE
  5
76BA
330
203
100
AcDbEntity
  8
0
100
AcDbLine
 10
1027.579906984359
 20
8.15635427217407
 30
0.0
 11
1038.021062589973
 21
8.15635427217407
 31
0.0
  0
ARC
  5
76BB
330
203
100
AcDbEntity
  8
0
100
AcDbCircle
 10
1038.946931396573
 20
9.009907662766949
 30
0.0
 40
0.9999999999999812
100
AcDbArc
 50
252.023738220798
 51
17.9762617791729
  0
ARC
  5
76BC
330
203
100
AcDbEntity
  8
0
100
AcDbCircle
 10
1041.800484787165
 20
9.935776469365095
 30
0.0
 40
2.0
100
AcDbArc
 50
180.0
 51
197.9762617791729
  0
ARC
  5
76BD
330
203
100
AcDbEntity
  8
0
100
AcDbCircle
 10
1038.021062589973
 20
6.15635427217407
 30
0.0
 40
2.0
100
AcDbArc
 50
72.02373822079795
 51
90.0
  0
ARC
  5
76BE
330
203
100
AcDbEntity
  8
0
100
AcDbCircle
 10
1026.65403817776
 20
9.009907662768086
 30
0.0
 40
0.9999999999999812
100
AcDbArc
 50
162.0237382208052
 51
287.9762617791746
  0
ARC
  5
76BF
330
203
100
AcDbEntity
  8
0
100
AcDbCircle
 10
1027.579906984359
 20
6.15635427217498
 30
0.0
 40
2.0
100
AcDbArc
 50
90.0
 51
107.9762617791746
  0
ARC
  5
76C0
330
203
100
AcDbEntity
  8
0
100
AcDbCircle
 10
1023.800484787168
 20
9.93577646936805
 30
0.0
 40
2.0
100
AcDbArc
 50
342.0237382208052
 51
0.0
  0
ARC
  5
76C1
330
203
100
AcDbEntity
  8
0
100
AcDbCircle
 10
1026.654038177761
 20
21.30280088158119
 30
0.0
 40
0.9999999999999812
100
AcDbArc
 50
72.02373822079795
 51
197.9762617791729
  0
ARC
  5
76C2
330
203
100
AcDbEntity
  8
0
100
AcDbCircle
 10
1023.800484787168
 20
20.37693207498305
 30
0.0
 40
2.0
100
AcDbArc
 50
0.0
 51
17.9762617791729
  0
ARC
  5
76C3
330
203
100
AcDbEntity
  8
0
100
AcDbCircle
 10
1027.57990698436
 20
24.15635427217407
 30
0.0
 40
2.0
100
AcDbArc
 50
252.023738220798
 51
270.0
  0
ARC
  5
76C4
330
203
100
AcDbEntity
  8
0
100
AcDbCircle
 10
1038.946931396573
 20
21.30280088158005
 30
0.0
 40
0.9999999999999812
100
AcDbArc
 50
342.0237382208113
 51
107.9762617792021
  0
ARC
  5
76C5
330
203
100
AcDbEntity
  8
0
100
AcDbCircle
 10
1038.021062589975
 20
24.15635427217293
 30
0.0
 40
2.0
100
AcDbArc
 50
270.0
 51
287.976261779202
  0
ARC
  5
76C6
330
203
100
AcDbEntity
  8
0
100
AcDbCircle
 10
1041.800484787167
 20
20.37693207498191
 30
0.0
 40
2.0
100
AcDbArc
 50
162.0237382208113
 51
180.0000000000261
  0
LINE
  5
76C7
330
203
100
AcDbEntity
  8
0
100
AcDbLine
 10
1046.62990698436
 20
22.15635427217407
 30
0.0
 11
1057.071062589975
 21
22.15635427217293
 31
0.0
  0
LINE
  5
76C8
330
203
100
AcDbEntity
  8
0
100
AcDbLine
 10
1044.850484787167
 20
20.37693207498305
 30
0.0
 11
1044.850484787167
 21
9.93577646936805
 31
0.0
  0
LINE
  5
76C9
330
203
100
AcDbEntity
  8
0
100
AcDbLine
 10
1058.850484787168
 20
20.37693207498191
 30
0.0
 11
1058.850484787165
 21
9.935776469365095
 31
0.0
  0
LINE
  5
76CA
330
203
100
AcDbEntity
  8
0
100
AcDbLine
 10
1046.629906984359
 20
8.15635427217407
 30
0.0
 11
1057.071062589973
 21
8.15635427217407
 31
0.0
  0
ARC
  5
76CB
330
203
100
AcDbEntity
  8
0
100
AcDbCircle
 10
1057.996931396573
 20
9.009907662766949
 30
0.0
 40
0.9999999999999812
100
AcDbArc
 50
252.023738220798
 51
17.97626177917297
  0
ARC
  5
76CC
330
203
100
AcDbEntity
  8
0
100
AcDbCircle
 10
1060.850484787165
 20
9.935776469365095
 30
0.0
 40
2.0
100
AcDbArc
 50
180.0
 51
197.9762617791729
  0
ARC
  5
76CD
330
203
100
AcDbEntity
  8
0
100
AcDbCircle
 10
1057.071062589973
 20
6.15635427217407
 30
0.0
 40
2.0
100
AcDbArc
 50
72.02373822079795
 51
90.0
  0
ARC
  5
76CE
330
203
100
AcDbEntity
  8
0
100
AcDbCircle
 10
1045.70403817776
 20
9.009907662768086
 30
0.0
 40
0.9999999999999812
100
AcDbArc
 50
162.0237382208052
 51
287.9762617791746
  0
ARC
  5
76CF
330
203
100
AcDbEntity
  8
0
100
AcDbCircle
 10
1046.629906984359
 20
6.15635427217498
 30
0.0
 40
2.0
100
AcDbArc
 50
90.0
 51
107.9762617791746
  0
ARC
  5
76D0
330
203
100
AcDbEntity
  8
0
100
AcDbCircle
 10
1042.850484787168
 20
9.93577646936805
 30
0.0
 40
2.0
100
AcDbArc
 50
342.0237382208052
 51
0.0
  0
ARC
  5
76D1
330
203
100
AcDbEntity
  8
0
100
AcDbCircle
 10
1045.704038177761
 20
21.30280088158119
 30
0.0
 40
0.9999999999999812
100
AcDbArc
 50
72.02373822079795
 51
197.9762617791729
  0
ARC
  5
76D2
330
203
100
AcDbEntity
  8
0
100
AcDbCircle
 10
1042.850484787168
 20
20.37693207498305
 30
0.0
 40
2.0
100
AcDbArc
 50
0.0
 51
17.97626177917297
  0
ARC
  5
76D3
330
203
100
AcDbEntity
  8
0
100
AcDbCircle
 10
1046.62990698436
 20
24.15635427217407
 30
0.0
 40
2.0
100
AcDbArc
 50
252.023738220798
 51
270.0
  0
ARC
  5
76D4
330
203
100
AcDbEntity
  8
0
100
AcDbCircle
 10
1057.996931396573
 20
21.30280088158005
 30
0.0
 40
0.9999999999999812
100
AcDbArc
 50
342.0237382208113
 51
107.9762617792021
  0
ARC
  5
76D5
330
203
100
AcDbEntity
  8
0
100
AcDbCircle
 10
1057.071062589975
 20
24.15635427217293
 30
0.0
 40
2.0
100
AcDbArc
 50
270.0
 51
287.976261779202
  0
ARC
  5
76D6
330
203
100
AcDbEntity
  8
0
100
AcDbCircle
 10
1060.850484787167
 20
20.37693207498191
 30
0.0
 40
2.0
100
AcDbArc
 50
162.0237382208113
 51
180.0000000000261
  0
LINE
  5
771D
330
203
100
AcDbEntity
  8
0
100
AcDbLine
 10
1070.43240698436
 20
22.15635427217407
 30
0.0
 11
1080.873562589975
 21
22.15635427217293
 31
0.0
  0
LINE
  5
771E
330
203
100
AcDbEntity
  8
0
100
AcDbLine
 10
1068.652984787167
 20
20.37693207498305
 30
0.0
 11
1068.652984787167
 21
9.93577646936805
 31
0.0
  0
LINE
  5
771F
330
203
100
AcDbEntity
  8
0
100
AcDbLine
 10
1082.652984787168
 20
20.37693207498191
 30
0.0
 11
1082.652984787165
 21
9.935776469365095
 31
0.0
  0
LINE
  5
7720
330
203
100
AcDbEntity
  8
0
100
AcDbLine
 10
1070.432406984359
 20
8.15635427217407
 30
0.0
 11
1080.873562589973
 21
8.15635427217407
 31
0.0
  0
ARC
  5
7721
330
203
100
AcDbEntity
  8
0
100
AcDbCircle
 10
1081.799431396573
 20
9.009907662766949
 30
0.0
 40
0.9999999999999812
100
AcDbArc
 50
252.023738220798
 51
17.97626177917297
  0
ARC
  5
7722
330
203
100
AcDbEntity
  8
0
100
AcDbCircle
 10
1084.652984787165
 20
9.935776469365095
 30
0.0
 40
2.0
100
AcDbArc
 50
180.0
 51
197.9762617791728
  0
ARC
  5
7723
330
203
100
AcDbEntity
  8
0
100
AcDbCircle
 10
1080.873562589973
 20
6.15635427217407
 30
0.0
 40
2.0
100
AcDbArc
 50
72.02373822079801
 51
90.0
  0
ARC
  5
7724
330
203
100
AcDbEntity
  8
0
100
AcDbCircle
 10
1069.50653817776
 20
9.009907662768086
 30
0.0
 40
0.9999999999999812
100
AcDbArc
 50
162.0237382208053
 51
287.9762617791746
  0
ARC
  5
7725
330
203
100
AcDbEntity
  8
0
100
AcDbCircle
 10
1070.432406984359
 20
6.15635427217498
 30
0.0
 40
2.0
100
AcDbArc
 50
90.0
 51
107.9762617791746
  0
ARC
  5
7726
330
203
100
AcDbEntity
  8
0
100
AcDbCircle
 10
1066.652984787168
 20
9.93577646936805
 30
0.0
 40
2.0
100
AcDbArc
 50
342.0237382208053
 51
0.0
  0
ARC
  5
7727
330
203
100
AcDbEntity
  8
0
100
AcDbCircle
 10
1069.506538177761
 20
21.30280088158119
 30
0.0
 40
0.9999999999999812
100
AcDbArc
 50
72.02373822079801
 51
197.9762617791728
  0
ARC
  5
7728
330
203
100
AcDbEntity
  8
0
100
AcDbCircle
 10
1066.652984787168
 20
20.37693207498305
 30
0.0
 40
2.0
100
AcDbArc
 50
0.0
 51
17.97626177917297
  0
ARC
  5
7729
330
203
100
AcDbEntity
  8
0
100
AcDbCircle
 10
1070.43240698436
 20
24.15635427217407
 30
0.0
 40
2.0
100
AcDbArc
 50
252.023738220798
 51
270.0
  0
ARC
  5
772A
330
203
100
AcDbEntity
  8
0
100
AcDbCircle
 10
1081.799431396573
 20
21.30280088158005
 30
0.0
 40
0.9999999999999812
100
AcDbArc
 50
342.0237382208112
 51
107.9762617792021
  0
ARC
  5
772B
330
203
100
AcDbEntity
  8
0
100
AcDbCircle
 10
1080.873562589975
 20
24.15635427217293
 30
0.0
 40
2.0
100
AcDbArc
 50
270.0
 51
287.976261779202
  0
ARC
  5
772C
330
203
100
AcDbEntity
  8
0
100
AcDbCircle
 10
1084.652984787167
 20
20.37693207498191
 30
0.0
 40
2.0
100
AcDbArc
 50
162.0237382208112
 51
180.0000000000261
  0
LINE
  5
772D
330
203
100
AcDbEntity
  8
0
100
AcDbLine
 10
1089.48240698436
 20
22.15635427217407
 30
0.0
 11
1099.923562589975
 21
22.15635427217293
 31
0.0
  0
LINE
  5
772E
330
203
100
AcDbEntity
  8
0
100
AcDbLine
 10
1087.702984787167
 20
20.37693207498305
 30
0.0
 11
1087.702984787167
 21
9.93577646936805
 31
0.0
  0
LINE
  5
772F
330
203
100
AcDbEntity
  8
0
100
AcDbLine
 10
1101.702984787168
 20
20.37693207498191
 30
0.0
 11
1101.702984787165
 21
9.935776469365095
 31
0.0
  0
LINE
  5
7730
330
203
100
AcDbEntity
  8
0
100
AcDbLine
 10
1089.482406984358
 20
8.15635427217407
 30
0.0
 11
1099.923562589973
 21
8.15635427217407
 31
0.0
  0
ARC
  5
7731
330
203
100
AcDbEntity
  8
0
100
AcDbCircle
 10
1100.849431396573
 20
9.009907662766949
 30
0.0
 40
0.9999999999999812
100
AcDbArc
 50
252.023738220798
 51
17.97626177917297
  0
ARC
  5
7732
330
203
100
AcDbEntity
  8
0
100
AcDbCircle
 10
1103.702984787165
 20
9.935776469365095
 30
0.0
 40
2.0
100
AcDbArc
 50
180.0
 51
197.9762617791729
  0
ARC
  5
7733
330
203
100
AcDbEntity
  8
0
100
AcDbCircle
 10
1099.923562589973
 20
6.15635427217407
 30
0.0
 40
2.0
100
AcDbArc
 50
72.02373822079801
 51
90.0
  0
ARC
  5
7734
330
203
100
AcDbEntity
  8
0
100
AcDbCircle
 10
1088.55653817776
 20
9.009907662768086
 30
0.0
 40
0.9999999999999812
100
AcDbArc
 50
162.0237382208053
 51
287.9762617791746
  0
ARC
  5
7735
330
203
100
AcDbEntity
  8
0
100
AcDbCircle
 10
1089.482406984358
 20
6.15635427217498
 30
0.0
 40
2.0
100
AcDbArc
 50
90.0
 51
107.9762617791746
  0
ARC
  5
7736
330
203
100
AcDbEntity
  8
0
100
AcDbCircle
 10
1085.702984787168
 20
9.93577646936805
 30
0.0
 40
2.0
100
AcDbArc
 50
342.0237382208053
 51
0.0
  0
ARC
  5
7737
330
203
100
AcDbEntity
  8
0
100
AcDbCircle
 10
1088.556538177761
 20
21.30280088158119
 30
0.0
 40
0.9999999999999812
100
AcDbArc
 50
72.02373822079801
 51
197.9762617791729
  0
ARC
  5
7738
330
203
100
AcDbEntity
  8
0
100
AcDbCircle
 10
1085.702984787168
 20
20.37693207498305
 30
0.0
 40
2.0
100
AcDbArc
 50
0.0
 51
17.97626177917297
  0
ARC
  5
7739
330
203
100
AcDbEntity
  8
0
100
AcDbCircle
 10
1089.48240698436
 20
24.15635427217407
 30
0.0
 40
2.0
100
AcDbArc
 50
252.023738220798
 51
270.0
  0
ARC
  5
773A
330
203
100
AcDbEntity
  8
0
100
AcDbCircle
 10
1100.849431396573
 20
21.30280088158005
 30
0.0
 40
0.9999999999999812
100
AcDbArc
 50
342.0237382208112
 51
107.9762617792021
  0
ARC
  5
773B
330
203
100
AcDbEntity
  8
0
100
AcDbCircle
 10
1099.923562589975
 20
24.15635427217293
 30
0.0
 40
2.0
100
AcDbArc
 50
270.0
 51
287.976261779202
  0
ARC
  5
773C
330
203
100
AcDbEntity
  8
0
100
AcDbCircle
 10
1103.702984787167
 20
20.37693207498191
 30
0.0
 40
2.0
100
AcDbArc
 50
162.0237382208112
 51
180.0000000000261
  0
LINE
  5
773D
330
203
100
AcDbEntity
  8
0
100
AcDbLine
 10
1108.54240698436
 20
22.15635427217407
 30
0.0
 11
1118.983562589975
 21
22.15635427217293
 31
0.0
  0
LINE
  5
773E
330
203
100
AcDbEntity
  8
0
100
AcDbLine
 10
1106.762984787167
 20
20.37693207498305
 30
0.0
 11
1106.762984787167
 21
9.93577646936805
 31
0.0
  0
LINE
  5
773F
330
203
100
AcDbEntity
  8
0
100
AcDbLine
 10
1120.762984787168
 20
20.37693207498191
 30
0.0
 11
1120.762984787166
 21
9.935776469365095
 31
0.0
  0
LINE
  5
7740
330
203
100
AcDbEntity
  8
0
100
AcDbLine
 10
1108.542406984359
 20
8.15635427217407
 30
0.0
 11
1118.983562589973
 21
8.15635427217407
 31
0.0
  0
ARC
  5
7741
330
203
100
AcDbEntity
  8
0
100
AcDbCircle
 10
1119.909431396573
 20
9.009907662766949
 30
0.0
 40
0.9999999999999812
100
AcDbArc
 50
252.023738220798
 51
17.97626177917297
  0
ARC
  5
7742
330
203
100
AcDbEntity
  8
0
100
AcDbCircle
 10
1122.762984787166
 20
9.935776469365095
 30
0.0
 40
2.0
100
AcDbArc
 50
180.0
 51
197.9762617791728
  0
ARC
  5
7743
330
203
100
AcDbEntity
  8
0
100
AcDbCircle
 10
1118.983562589973
 20
6.15635427217407
 30
0.0
 40
2.0
100
AcDbArc
 50
72.02373822079801
 51
90.0
  0
ARC
  5
7744
330
203
100
AcDbEntity
  8
0
100
AcDbCircle
 10
1107.61653817776
 20
9.009907662768086
 30
0.0
 40
0.9999999999999812
100
AcDbArc
 50
162.0237382208061
 51
287.9762617791746
  0
ARC
  5
7745
330
203
100
AcDbEntity
  8
0
100
AcDbCircle
 10
1108.542406984359
 20
6.15635427217498
 30
0.0
 40
2.0
100
AcDbArc
 50
90.0
 51
107.9762617791746
  0
ARC
  5
7746
330
203
100
AcDbEntity
  8
0
100
AcDbCircle
 10
1104.762984787168
 20
9.93577646936805
 30
0.0
 40
2.0
100
AcDbArc
 50
342.023738220806
 51
0.0
  0
ARC
  5
7747
330
203
100
AcDbEntity
  8
0
100
AcDbCircle
 10
1107.616538177761
 20
21.30280088158119
 30
0.0
 40
0.9999999999999812
100
AcDbArc
 50
72.02373822079801
 51
197.9762617791728
  0
ARC
  5
7748
330
203
100
AcDbEntity
  8
0
100
AcDbCircle
 10
1104.762984787168
 20
20.37693207498305
 30
0.0
 40
2.0
100
AcDbArc
 50
0.0
 51
17.97626177917297
  0
ARC
  5
7749
330
203
100
AcDbEntity
  8
0
100
AcDbCircle
 10
1108.54240698436
 20
24.15635427217407
 30
0.0
 40
2.0
100
AcDbArc
 50
252.023738220798
 51
270.0
  0
ARC
  5
774A
330
203
100
AcDbEntity
  8
0
100
AcDbCircle
 10
1119.909431396573
 20
21.30280088158005
 30
0.0
 40
0.9999999999999812
100
AcDbArc
 50
342.0237382208104
 51
107.9762617792021
  0
ARC
  5
774B
330
203
100
AcDbEntity
  8
0
100
AcDbCircle
 10
1118.983562589975
 20
24.15635427217293
 30
0.0
 40
2.0
100
AcDbArc
 50
270.0
 51
287.976261779202
  0
ARC
  5
774C
330
203
100
AcDbEntity
  8
0
100
AcDbCircle
 10
1122.762984787167
 20
20.37693207498191
 30
0.0
 40
2.0
100
AcDbArc
 50
162.0237382208104
 51
180.0000000000261
  0
LINE
  5
774D
330
203
100
AcDbEntity
  8
0
100
AcDbLine
 10
1127.59240698436
 20
22.15635427217407
 30
0.0
 11
1138.033562589975
 21
22.15635427217293
 31
0.0
  0
LINE
  5
774E
330
203
100
AcDbEntity
  8
0
100
AcDbLine
 10
1125.812984787167
 20
20.37693207498305
 30
0.0
 11
1125.812984787167
 21
9.93577646936805
 31
0.0
  0
LINE
  5
774F
330
203
100
AcDbEntity
  8
0
100
AcDbLine
 10
1139.812984787168
 20
20.37693207498191
 30
0.0
 11
1139.812984787166
 21
9.935776469365095
 31
0.0
  0
LINE
  5
7750
330
203
100
AcDbEntity
  8
0
100
AcDbLine
 10
1127.592406984359
 20
8.15635427217407
 30
0.0
 11
1138.033562589973
 21
8.15635427217407
 31
0.0
  0
ARC
  5
7751
330
203
100
AcDbEntity
  8
0
100
AcDbCircle
 10
1138.959431396573
 20
9.009907662766949
 30
0.0
 40
0.9999999999999812
100
AcDbArc
 50
252.023738220798
 51
17.97626177917297
  0
ARC
  5
7752
330
203
100
AcDbEntity
  8
0
100
AcDbCircle
 10
1141.812984787166
 20
9.935776469365095
 30
0.0
 40
2.0
100
AcDbArc
 50
180.0
 51
197.9762617791728
  0
ARC
  5
7753
330
203
100
AcDbEntity
  8
0
100
AcDbCircle
 10
1138.033562589973
 20
6.15635427217407
 30
0.0
 40
2.0
100
AcDbArc
 50
72.02373822079801
 51
90.0
  0
ARC
  5
7754
330
203
100
AcDbEntity
  8
0
100
AcDbCircle
 10
1126.66653817776
 20
9.009907662768086
 30
0.0
 40
0.9999999999999812
100
AcDbArc
 50
162.0237382208061
 51
287.9762617791746
  0
ARC
  5
7755
330
203
100
AcDbEntity
  8
0
100
AcDbCircle
 10
1127.592406984359
 20
6.15635427217498
 30
0.0
 40
2.0
100
AcDbArc
 50
90.0
 51
107.9762617791746
  0
ARC
  5
7756
330
203
100
AcDbEntity
  8
0
100
AcDbCircle
 10
1123.812984787168
 20
9.93577646936805
 30
0.0
 40
2.0
100
AcDbArc
 50
342.023738220806
 51
0.0
  0
ARC
  5
7757
330
203
100
AcDbEntity
  8
0
100
AcDbCircle
 10
1126.666538177761
 20
21.30280088158119
 30
0.0
 40
0.9999999999999812
100
AcDbArc
 50
72.02373822079801
 51
197.9762617791728
  0
ARC
  5
7758
330
203
100
AcDbEntity
  8
0
100
AcDbCircle
 10
1123.812984787168
 20
20.37693207498305
 30
0.0
 40
2.0
100
AcDbArc
 50
0.0
 51
17.97626177917297
  0
ARC
  5
7759
330
203
100
AcDbEntity
  8
0
100
AcDbCircle
 10
1127.59240698436
 20
24.15635427217407
 30
0.0
 40
2.0
100
AcDbArc
 50
252.023738220798
 51
270.0
  0
ARC
  5
775A
330
203
100
AcDbEntity
  8
0
100
AcDbCircle
 10
1138.959431396573
 20
21.30280088158005
 30
0.0
 40
0.9999999999999812
100
AcDbArc
 50
342.0237382208104
 51
107.9762617792021
  0
ARC
  5
775B
330
203
100
AcDbEntity
  8
0
100
AcDbCircle
 10
1138.033562589975
 20
24.15635427217293
 30
0.0
 40
2.0
100
AcDbArc
 50
270.0
 51
287.976261779202
  0
ARC
  5
775C
330
203
100
AcDbEntity
  8
0
100
AcDbCircle
 10
1141.812984787167
 20
20.37693207498191
 30
0.0
 40
2.0
100
AcDbArc
 50
162.0237382208104
 51
180.0000000000261
  0
LINE
  5
77A3
330
203
100
AcDbEntity
  8
0
100
AcDbLine
 10
1151.39490698436
 20
22.15635427217407
 30
0.0
 11
1161.836062589975
 21
22.15635427217293
 31
0.0
  0
LINE
  5
77A4
330
203
100
AcDbEntity
  8
0
100
AcDbLine
 10
1149.615484787167
 20
20.37693207498305
 30
0.0
 11
1149.615484787167
 21
9.93577646936805
 31
0.0
  0
LINE
  5
77A5
330
203
100
AcDbEntity
  8
0
100
AcDbLine
 10
1163.615484787168
 20
20.37693207498191
 30
0.0
 11
1163.615484787165
 21
9.935776469365095
 31
0.0
  0
LINE
  5
77A6
330
203
100
AcDbEntity
  8
0
100
AcDbLine
 10
1151.394906984358
 20
8.15635427217407
 30
0.0
 11
1161.836062589973
 21
8.15635427217407
 31
0.0
  0
ARC
  5
77A7
330
203
100
AcDbEntity
  8
0
100
AcDbCircle
 10
1162.761931396573
 20
9.009907662766949
 30
0.0
 40
0.9999999999999812
100
AcDbArc
 50
252.0237382207979
 51
17.97626177917271
  0
ARC
  5
77A8
330
203
100
AcDbEntity
  8
0
100
AcDbCircle
 10
1165.615484787165
 20
9.935776469365095
 30
0.0
 40
2.0
100
AcDbArc
 50
180.0
 51
197.9762617791727
  0
ARC
  5
77A9
330
203
100
AcDbEntity
  8
0
100
AcDbCircle
 10
1161.836062589973
 20
6.15635427217407
 30
0.0
 40
2.0
100
AcDbArc
 50
72.02373822079798
 51
90.0
  0
ARC
  5
77AA
330
203
100
AcDbEntity
  8
0
100
AcDbCircle
 10
1150.46903817776
 20
9.009907662768086
 30
0.0
 40
0.9999999999999812
100
AcDbArc
 50
162.0237382208032
 51
287.9762617791746
  0
ARC
  5
77AB
330
203
100
AcDbEntity
  8
0
100
AcDbCircle
 10
1151.394906984358
 20
6.15635427217498
 30
0.0
 40
2.0
100
AcDbArc
 50
90.0
 51
107.9762617791746
  0
ARC
  5
77AC
330
203
100
AcDbEntity
  8
0
100
AcDbCircle
 10
1147.615484787168
 20
9.93577646936805
 30
0.0
 40
2.0
100
AcDbArc
 50
342.0237382208031
 51
0.0
  0
ARC
  5
77AD
330
203
100
AcDbEntity
  8
0
100
AcDbCircle
 10
1150.46903817776
 20
21.30280088158119
 30
0.0
 40
0.9999999999999812
100
AcDbArc
 50
72.02373822079798
 51
197.9762617791727
  0
ARC
  5
77AE
330
203
100
AcDbEntity
  8
0
100
AcDbCircle
 10
1147.615484787168
 20
20.37693207498305
 30
0.0
 40
2.0
100
AcDbArc
 50
0.0
 51
17.97626177917271
  0
ARC
  5
77AF
330
203
100
AcDbEntity
  8
0
100
AcDbCircle
 10
1151.39490698436
 20
24.15635427217407
 30
0.0
 40
2.0
100
AcDbArc
 50
252.0237382207979
 51
270.0
  0
ARC
  5
77B0
330
203
100
AcDbEntity
  8
0
100
AcDbCircle
 10
1162.761931396573
 20
21.30280088158005
 30
0.0
 40
0.9999999999999812
100
AcDbArc
 50
342.0237382208134
 51
107.9762617792021
  0
ARC
  5
77B1
330
203
100
AcDbEntity
  8
0
100
AcDbCircle
 10
1161.836062589975
 20
24.15635427217293
 30
0.0
 40
2.0
100
AcDbArc
 50
270.0
 51
287.976261779202
  0
ARC
  5
77B2
330
203
100
AcDbEntity
  8
0
100
AcDbCircle
 10
1165.615484787167
 20
20.37693207498191
 30
0.0
 40
2.0
100
AcDbArc
 50
162.0237382208134
 51
180.0000000000261
  0
LINE
  5
77B3
330
203
100
AcDbEntity
  8
0
100
AcDbLine
 10
1170.44490698436
 20
22.15635427217407
 30
0.0
 11
1180.886062589975
 21
22.15635427217293
 31
0.0
  0
LINE
  5
77B4
330
203
100
AcDbEntity
  8
0
100
AcDbLine
 10
1168.665484787167
 20
20.37693207498305
 30
0.0
 11
1168.665484787167
 21
9.93577646936805
 31
0.0
  0
LINE
  5
77B5
330
203
100
AcDbEntity
  8
0
100
AcDbLine
 10
1182.665484787168
 20
20.37693207498191
 30
0.0
 11
1182.665484787165
 21
9.935776469365095
 31
0.0
  0
LINE
  5
77B6
330
203
100
AcDbEntity
  8
0
100
AcDbLine
 10
1170.444906984358
 20
8.15635427217407
 30
0.0
 11
1180.886062589973
 21
8.15635427217407
 31
0.0
  0
ARC
  5
77B7
330
203
100
AcDbEntity
  8
0
100
AcDbCircle
 10
1181.811931396573
 20
9.009907662766949
 30
0.0
 40
0.9999999999999812
100
AcDbArc
 50
252.0237382207979
 51
17.97626177917313
  0
ARC
  5
77B8
330
203
100
AcDbEntity
  8
0
100
AcDbCircle
 10
1184.665484787165
 20
9.935776469365095
 30
0.0
 40
2.0
100
AcDbArc
 50
180.0
 51
197.9762617791731
  0
ARC
  5
77B9
330
203
100
AcDbEntity
  8
0
100
AcDbCircle
 10
1180.886062589973
 20
6.15635427217407
 30
0.0
 40
2.0
100
AcDbArc
 50
72.02373822079798
 51
90.0
  0
ARC
  5
77BA
330
203
100
AcDbEntity
  8
0
100
AcDbCircle
 10
1169.51903817776
 20
9.009907662768086
 30
0.0
 40
0.9999999999999812
100
AcDbArc
 50
162.0237382208032
 51
287.9762617791746
  0
ARC
  5
77BB
330
203
100
AcDbEntity
  8
0
100
AcDbCircle
 10
1170.444906984358
 20
6.15635427217498
 30
0.0
 40
2.0
100
AcDbArc
 50
90.0
 51
107.9762617791746
  0
ARC
  5
77BC
330
203
100
AcDbEntity
  8
0
100
AcDbCircle
 10
1166.665484787168
 20
9.93577646936805
 30
0.0
 40
2.0
100
AcDbArc
 50
342.0237382208031
 51
0.0
  0
ARC
  5
77BD
330
203
100
AcDbEntity
  8
0
100
AcDbCircle
 10
1169.51903817776
 20
21.30280088158119
 30
0.0
 40
0.9999999999999812
100
AcDbArc
 50
72.02373822079798
 51
197.9762617791731
  0
ARC
  5
77BE
330
203
100
AcDbEntity
  8
0
100
AcDbCircle
 10
1166.665484787168
 20
20.37693207498305
 30
0.0
 40
2.0
100
AcDbArc
 50
0.0
 51
17.97626177917313
  0
ARC
  5
77BF
330
203
100
AcDbEntity
  8
0
100
AcDbCircle
 10
1170.44490698436
 20
24.15635427217407
 30
0.0
 40
2.0
100
AcDbArc
 50
252.0237382207979
 51
270.0
  0
ARC
  5
77C0
330
203
100
AcDbEntity
  8
0
100
AcDbCircle
 10
1181.811931396573
 20
21.30280088158005
 30
0.0
 40
0.9999999999999812
100
AcDbArc
 50
342.0237382208134
 51
107.9762617792021
  0
ARC
  5
77C1
330
203
100
AcDbEntity
  8
0
100
AcDbCircle
 10
1180.886062589975
 20
24.15635427217293
 30
0.0
 40
2.0
100
AcDbArc
 50
270.0
 51
287.976261779202
  0
ARC
  5
77C2
330
203
100
AcDbEntity
  8
0
100
AcDbCircle
 10
1184.665484787167
 20
20.37693207498191
 30
0.0
 40
2.0
100
AcDbArc
 50
162.0237382208134
 51
180.0000000000261
  0
LINE
  5
77C3
330
203
100
AcDbEntity
  8
0
100
AcDbLine
 10
1189.50490698436
 20
22.15635427217407
 30
0.0
 11
1199.946062589975
 21
22.15635427217293
 31
0.0
  0
LINE
  5
77C4
330
203
100
AcDbEntity
  8
0
100
AcDbLine
 10
1187.725484787167
 20
20.37693207498305
 30
0.0
 11
1187.725484787167
 21
9.93577646936805
 31
0.0
  0
LINE
  5
77C5
330
203
100
AcDbEntity
  8
0
100
AcDbLine
 10
1201.725484787168
 20
20.37693207498191
 30
0.0
 11
1201.725484787165
 21
9.935776469365095
 31
0.0
  0
LINE
  5
77C6
330
203
100
AcDbEntity
  8
0
100
AcDbLine
 10
1189.504906984359
 20
8.15635427217407
 30
0.0
 11
1199.946062589973
 21
8.15635427217407
 31
0.0
  0
ARC
  5
77C7
330
203
100
AcDbEntity
  8
0
100
AcDbCircle
 10
1200.871931396573
 20
9.009907662766949
 30
0.0
 40
0.9999999999999812
100
AcDbArc
 50
252.0237382207979
 51
17.97626177917271
  0
ARC
  5
77C8
330
203
100
AcDbEntity
  8
0
100
AcDbCircle
 10
1203.725484787165
 20
9.935776469365095
 30
0.0
 40
2.0
100
AcDbArc
 50
180.0
 51
197.9762617791727
  0
ARC
  5
77C9
330
203
100
AcDbEntity
  8
0
100
AcDbCircle
 10
1199.946062589973
 20
6.15635427217407
 30
0.0
 40
2.0
100
AcDbArc
 50
72.02373822079798
 51
90.0
  0
ARC
  5
77CA
330
203
100
AcDbEntity
  8
0
100
AcDbCircle
 10
1188.57903817776
 20
9.009907662768086
 30
0.0
 40
0.9999999999999812
100
AcDbArc
 50
162.023738220804
 51
287.9762617791746
  0
ARC
  5
77CB
330
203
100
AcDbEntity
  8
0
100
AcDbCircle
 10
1189.504906984359
 20
6.15635427217498
 30
0.0
 40
2.0
100
AcDbArc
 50
90.0
 51
107.9762617791746
  0
ARC
  5
77CC
330
203
100
AcDbEntity
  8
0
100
AcDbCircle
 10
1185.725484787168
 20
9.93577646936805
 30
0.0
 40
2.0
100
AcDbArc
 50
342.0237382208039
 51
0.0
  0
ARC
  5
77CD
330
203
100
AcDbEntity
  8
0
100
AcDbCircle
 10
1188.579038177761
 20
21.30280088158119
 30
0.0
 40
0.9999999999999812
100
AcDbArc
 50
72.02373822079798
 51
197.9762617791727
  0
ARC
  5
77CE
330
203
100
AcDbEntity
  8
0
100
AcDbCircle
 10
1185.725484787168
 20
20.37693207498305
 30
0.0
 40
2.0
100
AcDbArc
 50
0.0
 51
17.97626177917271
  0
ARC
  5
77CF
330
203
100
AcDbEntity
  8
0
100
AcDbCircle
 10
1189.50490698436
 20
24.15635427217407
 30
0.0
 40
2.0
100
AcDbArc
 50
252.0237382207979
 51
270.0
  0
ARC
  5
77D0
330
203
100
AcDbEntity
  8
0
100
AcDbCircle
 10
1200.871931396573
 20
21.30280088158005
 30
0.0
 40
0.9999999999999812
100
AcDbArc
 50
342.0237382208125
 51
107.9762617792021
  0
ARC
  5
77D1
330
203
100
AcDbEntity
  8
0
100
AcDbCircle
 10
1199.946062589975
 20
24.15635427217293
 30
0.0
 40
2.0
100
AcDbArc
 50
270.0
 51
287.976261779202
  0
ARC
  5
77D2
330
203
100
AcDbEntity
  8
0
100
AcDbCircle
 10
1203.725484787167
 20
20.37693207498191
 30
0.0
 40
2.0
100
AcDbArc
 50
162.0237382208126
 51
180.0000000000261
  0
LINE
  5
77D3
330
203
100
AcDbEntity
  8
0
100
AcDbLine
 10
1208.55490698436
 20
22.15635427217407
 30
0.0
 11
1218.996062589975
 21
22.15635427217293
 31
0.0
  0
LINE
  5
77D4
330
203
100
AcDbEntity
  8
0
100
AcDbLine
 10
1206.775484787167
 20
20.37693207498305
 30
0.0
 11
1206.775484787167
 21
9.93577646936805
 31
0.0
  0
LINE
  5
77D5
330
203
100
AcDbEntity
  8
0
100
AcDbLine
 10
1220.775484787168
 20
20.37693207498191
 30
0.0
 11
1220.775484787165
 21
9.935776469365095
 31
0.0
  0
LINE
  5
77D6
330
203
100
AcDbEntity
  8
0
100
AcDbLine
 10
1208.554906984358
 20
8.15635427217407
 30
0.0
 11
1218.996062589973
 21
8.15635427217407
 31
0.0
  0
ARC
  5
77D7
330
203
100
AcDbEntity
  8
0
100
AcDbCircle
 10
1219.921931396573
 20
9.009907662766949
 30
0.0
 40
0.9999999999999812
100
AcDbArc
 50
252.0237382207979
 51
17.97626177917271
  0
ARC
  5
77D8
330
203
100
AcDbEntity
  8
0
100
AcDbCircle
 10
1222.775484787165
 20
9.935776469365095
 30
0.0
 40
2.0
100
AcDbArc
 50
180.0
 51
197.9762617791727
  0
ARC
  5
77D9
330
203
100
AcDbEntity
  8
0
100
AcDbCircle
 10
1218.996062589973
 20
6.15635427217407
 30
0.0
 40
2.0
100
AcDbArc
 50
72.02373822079798
 51
90.0
  0
ARC
  5
77DA
330
203
100
AcDbEntity
  8
0
100
AcDbCircle
 10
1207.62903817776
 20
9.009907662768086
 30
0.0
 40
0.9999999999999812
100
AcDbArc
 50
162.023738220804
 51
287.9762617791746
  0
ARC
  5
77DB
330
203
100
AcDbEntity
  8
0
100
AcDbCircle
 10
1208.554906984358
 20
6.15635427217498
 30
0.0
 40
2.0
100
AcDbArc
 50
90.0
 51
107.9762617791746
  0
ARC
  5
77DC
330
203
100
AcDbEntity
  8
0
100
AcDbCircle
 10
1204.775484787168
 20
9.93577646936805
 30
0.0
 40
2.0
100
AcDbArc
 50
342.0237382208039
 51
0.0
  0
ARC
  5
77DD
330
203
100
AcDbEntity
  8
0
100
AcDbCircle
 10
1207.629038177761
 20
21.30280088158119
 30
0.0
 40
0.9999999999999812
100
AcDbArc
 50
72.02373822079798
 51
197.9762617791727
  0
ARC
  5
77DE
330
203
100
AcDbEntity
  8
0
100
AcDbCircle
 10
1204.775484787168
 20
20.37693207498305
 30
0.0
 40
2.0
100
AcDbArc
 50
0.0
 51
17.97626177917271
  0
ARC
  5
77DF
330
203
100
AcDbEntity
  8
0
100
AcDbCircle
 10
1208.55490698436
 20
24.15635427217407
 30
0.0
 40
2.0
100
AcDbArc
 50
252.0237382207979
 51
270.0
  0
ARC
  5
77E0
330
203
100
AcDbEntity
  8
0
100
AcDbCircle
 10
1219.921931396573
 20
21.30280088158005
 30
0.0
 40
0.9999999999999812
100
AcDbArc
 50
342.0237382208125
 51
107.9762617792021
  0
ARC
  5
77E1
330
203
100
AcDbEntity
  8
0
100
AcDbCircle
 10
1218.996062589975
 20
24.15635427217293
 30
0.0
 40
2.0
100
AcDbArc
 50
270.0
 51
287.976261779202
  0
ARC
  5
77E2
330
203
100
AcDbEntity
  8
0
100
AcDbCircle
 10
1222.775484787167
 20
20.37693207498191
 30
0.0
 40
2.0
100
AcDbArc
 50
162.0237382208126
 51
180.0000000000261
  0
LINE
  5
77F9
330
203
100
AcDbEntity
  8
0
100
AcDbLine
 10
1232.36740698436
 20
22.15635427217407
 30
0.0
 11
1242.808562589975
 21
22.15635427217293
 31
0.0
  0
LINE
  5
77FA
330
203
100
AcDbEntity
  8
0
100
AcDbLine
 10
1230.587984787167
 20
20.37693207498305
 30
0.0
 11
1230.587984787167
 21
9.93577646936805
 31
0.0
  0
LINE
  5
77FB
330
203
100
AcDbEntity
  8
0
100
AcDbLine
 10
1244.587984787168
 20
20.37693207498191
 30
0.0
 11
1244.587984787165
 21
9.935776469365095
 31
0.0
  0
LINE
  5
77FC
330
203
100
AcDbEntity
  8
0
100
AcDbLine
 10
1232.367406984358
 20
8.15635427217407
 30
0.0
 11
1242.808562589973
 21
8.15635427217407
 31
0.0
  0
ARC
  5
77FD
330
203
100
AcDbEntity
  8
0
100
AcDbCircle
 10
1243.734431396573
 20
9.009907662766949
 30
0.0
 40
0.9999999999999812
100
AcDbArc
 50
252.0237382207979
 51
17.97626177917337
  0
ARC
  5
77FE
330
203
100
AcDbEntity
  8
0
100
AcDbCircle
 10
1246.587984787165
 20
9.935776469365095
 30
0.0
 40
2.0
100
AcDbArc
 50
180.0
 51
197.9762617791734
  0
ARC
  5
77FF
330
203
100
AcDbEntity
  8
0
100
AcDbCircle
 10
1242.808562589973
 20
6.15635427217407
 30
0.0
 40
2.0
100
AcDbArc
 50
72.02373822079801
 51
90.0
  0
ARC
  5
7800
330
203
100
AcDbEntity
  8
0
100
AcDbCircle
 10
1231.44153817776
 20
9.009907662768086
 30
0.0
 40
0.9999999999999812
100
AcDbArc
 50
162.0237382208023
 51
287.9762617791746
  0
ARC
  5
7801
330
203
100
AcDbEntity
  8
0
100
AcDbCircle
 10
1232.367406984358
 20
6.15635427217498
 30
0.0
 40
2.0
100
AcDbArc
 50
90.0
 51
107.9762617791746
  0
ARC
  5
7802
330
203
100
AcDbEntity
  8
0
100
AcDbCircle
 10
1228.587984787168
 20
9.93577646936805
 30
0.0
 40
2.0
100
AcDbArc
 50
342.0237382208023
 51
0.0
  0
ARC
  5
7803
330
203
100
AcDbEntity
  8
0
100
AcDbCircle
 10
1231.441538177761
 20
21.30280088158119
 30
0.0
 40
0.9999999999999812
100
AcDbArc
 50
72.02373822079801
 51
197.9762617791734
  0
ARC
  5
7804
330
203
100
AcDbEntity
  8
0
100
AcDbCircle
 10
1228.587984787168
 20
20.37693207498305
 30
0.0
 40
2.0
100
AcDbArc
 50
0.0
 51
17.97626177917337
  0
ARC
  5
7805
330
203
100
AcDbEntity
  8
0
100
AcDbCircle
 10
1232.36740698436
 20
24.15635427217407
 30
0.0
 40
2.0
100
AcDbArc
 50
252.0237382207979
 51
270.0
  0
ARC
  5
7806
330
203
100
AcDbEntity
  8
0
100
AcDbCircle
 10
1243.734431396573
 20
21.30280088158005
 30
0.0
 40
0.9999999999999812
100
AcDbArc
 50
342.0237382208142
 51
107.976261779202
  0
ARC
  5
7807
330
203
100
AcDbEntity
  8
0
100
AcDbCircle
 10
1242.808562589975
 20
24.15635427217293
 30
0.0
 40
2.0
100
AcDbArc
 50
270.0
 51
287.976261779202
  0
ARC
  5
7808
330
203
100
AcDbEntity
  8
0
100
AcDbCircle
 10
1246.587984787167
 20
20.37693207498191
 30
0.0
 40
2.0
100
AcDbArc
 50
162.0237382208142
 51
180.0000000000261
  0
LINE
  5
783F
330
203
100
AcDbEntity
  8
0
100
AcDbLine
 10
1256.16740698436
 20
22.15635427217407
 30
0.0
 11
1266.608562589975
 21
22.15635427217293
 31
0.0
  0
LINE
  5
7840
330
203
100
AcDbEntity
  8
0
100
AcDbLine
 10
1254.387984787167
 20
20.37693207498305
 30
0.0
 11
1254.387984787167
 21
9.93577646936805
 31
0.0
  0
LINE
  5
7841
330
203
100
AcDbEntity
  8
0
100
AcDbLine
 10
1268.387984787168
 20
20.37693207498191
 30
0.0
 11
1268.387984787165
 21
9.935776469365095
 31
0.0
  0
LINE
  5
7842
330
203
100
AcDbEntity
  8
0
100
AcDbLine
 10
1256.167406984358
 20
8.15635427217407
 30
0.0
 11
1266.608562589973
 21
8.15635427217407
 31
0.0
  0
ARC
  5
7843
330
203
100
AcDbEntity
  8
0
100
AcDbCircle
 10
1267.534431396573
 20
9.009907662766949
 30
0.0
 40
0.9999999999999812
100
AcDbArc
 50
252.023738220798
 51
17.97626177917277
  0
ARC
  5
7844
330
203
100
AcDbEntity
  8
0
100
AcDbCircle
 10
1270.387984787165
 20
9.935776469365095
 30
0.0
 40
2.0
100
AcDbArc
 50
180.0
 51
197.9762617791726
  0
ARC
  5
7845
330
203
100
AcDbEntity
  8
0
100
AcDbCircle
 10
1266.608562589973
 20
6.15635427217407
 30
0.0
 40
2.0
100
AcDbArc
 50
72.02373822079801
 51
90.0
  0
ARC
  5
7846
330
203
100
AcDbEntity
  8
0
100
AcDbCircle
 10
1255.24153817776
 20
9.009907662768086
 30
0.0
 40
0.9999999999999812
100
AcDbArc
 50
162.0237382208001
 51
287.9762617791746
  0
ARC
  5
7847
330
203
100
AcDbEntity
  8
0
100
AcDbCircle
 10
1256.167406984358
 20
6.15635427217498
 30
0.0
 40
2.0
100
AcDbArc
 50
90.0
 51
107.9762617791746
  0
ARC
  5
7848
330
203
100
AcDbEntity
  8
0
100
AcDbCircle
 10
1252.387984787168
 20
9.93577646936805
 30
0.0
 40
2.0
100
AcDbArc
 50
342.0237382208002
 51
0.0
  0
ARC
  5
7849
330
203
100
AcDbEntity
  8
0
100
AcDbCircle
 10
1255.241538177761
 20
21.30280088158119
 30
0.0
 40
0.9999999999999812
100
AcDbArc
 50
72.02373822079801
 51
197.9762617791726
  0
ARC
  5
784A
330
203
100
AcDbEntity
  8
0
100
AcDbCircle
 10
1252.387984787168
 20
20.37693207498305
 30
0.0
 40
2.0
100
AcDbArc
 50
0.0
 51
17.97626177917277
  0
ARC
  5
784B
330
203
100
AcDbEntity
  8
0
100
AcDbCircle
 10
1256.16740698436
 20
24.15635427217407
 30
0.0
 40
2.0
100
AcDbArc
 50
252.023738220798
 51
270.0
  0
ARC
  5
784C
330
203
100
AcDbEntity
  8
0
100
AcDbCircle
 10
1267.534431396573
 20
21.30280088158005
 30
0.0
 40
0.9999999999999812
100
AcDbArc
 50
342.023738220816
 51
107.9762617792021
  0
ARC
  5
784D
330
203
100
AcDbEntity
  8
0
100
AcDbCircle
 10
1266.608562589975
 20
24.15635427217293
 30
0.0
 40
2.0
100
AcDbArc
 50
270.0
 51
287.976261779202
  0
ARC
  5
784E
330
203
100
AcDbEntity
  8
0
100
AcDbCircle
 10
1270.387984787167
 20
20.37693207498191
 30
0.0
 40
2.0
100
AcDbArc
 50
162.0237382208164
 51
180.0000000000261
  0
LINE
  5
784F
330
203
100
AcDbEntity
  8
0
100
AcDbLine
 10
1275.22740698436
 20
22.15635427217407
 30
0.0
 11
1285.668562589975
 21
22.15635427217293
 31
0.0
  0
LINE
  5
7850
330
203
100
AcDbEntity
  8
0
100
AcDbLine
 10
1273.447984787167
 20
20.37693207498305
 30
0.0
 11
1273.447984787167
 21
9.93577646936805
 31
0.0
  0
LINE
  5
7851
330
203
100
AcDbEntity
  8
0
100
AcDbLine
 10
1287.447984787168
 20
20.37693207498191
 30
0.0
 11
1287.447984787166
 21
9.935776469365095
 31
0.0
  0
LINE
  5
7852
330
203
100
AcDbEntity
  8
0
100
AcDbLine
 10
1275.227406984359
 20
8.15635427217407
 30
0.0
 11
1285.668562589973
 21
8.15635427217407
 31
0.0
  0
ARC
  5
7853
330
203
100
AcDbEntity
  8
0
100
AcDbCircle
 10
1286.594431396573
 20
9.009907662766949
 30
0.0
 40
0.9999999999999812
100
AcDbArc
 50
252.023738220798
 51
17.97626177917226
  0
ARC
  5
7854
330
203
100
AcDbEntity
  8
0
100
AcDbCircle
 10
1289.447984787166
 20
9.935776469365095
 30
0.0
 40
2.0
100
AcDbArc
 50
180.0
 51
197.9762617791723
  0
ARC
  5
7855
330
203
100
AcDbEntity
  8
0
100
AcDbCircle
 10
1285.668562589973
 20
6.15635427217407
 30
0.0
 40
2.0
100
AcDbArc
 50
72.02373822079801
 51
90.0
  0
ARC
  5
7856
330
203
100
AcDbEntity
  8
0
100
AcDbCircle
 10
1274.30153817776
 20
9.009907662768086
 30
0.0
 40
0.9999999999999812
100
AcDbArc
 50
162.0237382208007
 51
287.9762617791746
  0
ARC
  5
7857
330
203
100
AcDbEntity
  8
0
100
AcDbCircle
 10
1275.227406984359
 20
6.15635427217498
 30
0.0
 40
2.0
100
AcDbArc
 50
90.0
 51
107.9762617791746
  0
ARC
  5
7858
330
203
100
AcDbEntity
  8
0
100
AcDbCircle
 10
1271.447984787168
 20
9.93577646936805
 30
0.0
 40
2.0
100
AcDbArc
 50
342.0237382208007
 51
0.0
  0
ARC
  5
7859
330
203
100
AcDbEntity
  8
0
100
AcDbCircle
 10
1274.301538177761
 20
21.30280088158119
 30
0.0
 40
0.9999999999999812
100
AcDbArc
 50
72.02373822079801
 51
197.9762617791723
  0
ARC
  5
785A
330
203
100
AcDbEntity
  8
0
100
AcDbCircle
 10
1271.447984787168
 20
20.37693207498305
 30
0.0
 40
2.0
100
AcDbArc
 50
0.0
 51
17.97626177917226
  0
ARC
  5
785B
330
203
100
AcDbEntity
  8
0
100
AcDbCircle
 10
1275.22740698436
 20
24.15635427217407
 30
0.0
 40
2.0
100
AcDbArc
 50
252.023738220798
 51
270.0
  0
ARC
  5
785C
330
203
100
AcDbEntity
  8
0
100
AcDbCircle
 10
1286.594431396573
 20
21.30280088158005
 30
0.0
 40
0.9999999999999812
100
AcDbArc
 50
342.0237382208157
 51
107.9762617792021
  0
ARC
  5
785D
330
203
100
AcDbEntity
  8
0
100
AcDbCircle
 10
1285.668562589975
 20
24.15635427217293
 30
0.0
 40
2.0
100
AcDbArc
 50
270.0
 51
287.976261779202
  0
ARC
  5
785E
330
203
100
AcDbEntity
  8
0
100
AcDbCircle
 10
1289.447984787167
 20
20.37693207498191
 30
0.0
 40
2.0
100
AcDbArc
 50
162.0237382208158
 51
180.0000000000261
  0
LINE
  5
785F
330
203
100
AcDbEntity
  8
0
100
AcDbLine
 10
1294.27740698436
 20
22.15635427217407
 30
0.0
 11
1304.718562589975
 21
22.15635427217293
 31
0.0
  0
LINE
  5
7860
330
203
100
AcDbEntity
  8
0
100
AcDbLine
 10
1292.497984787167
 20
20.37693207498305
 30
0.0
 11
1292.497984787167
 21
9.93577646936805
 31
0.0
  0
LINE
  5
7861
330
203
100
AcDbEntity
  8
0
100
AcDbLine
 10
1306.497984787168
 20
20.37693207498191
 30
0.0
 11
1306.497984787165
 21
9.935776469365095
 31
0.0
  0
LINE
  5
7862
330
203
100
AcDbEntity
  8
0
100
AcDbLine
 10
1294.277406984359
 20
8.15635427217407
 30
0.0
 11
1304.718562589973
 21
8.15635427217407
 31
0.0
  0
ARC
  5
7863
330
203
100
AcDbEntity
  8
0
100
AcDbCircle
 10
1305.644431396573
 20
9.009907662766949
 30
0.0
 40
0.9999999999999812
100
AcDbArc
 50
252.023738220798
 51
17.97626177917226
  0
ARC
  5
7864
330
203
100
AcDbEntity
  8
0
100
AcDbCircle
 10
1308.497984787165
 20
9.935776469365095
 30
0.0
 40
2.0
100
AcDbArc
 50
180.0
 51
197.9762617791723
  0
ARC
  5
7865
330
203
100
AcDbEntity
  8
0
100
AcDbCircle
 10
1304.718562589973
 20
6.15635427217407
 30
0.0
 40
2.0
100
AcDbArc
 50
72.02373822079801
 51
90.0
  0
ARC
  5
7866
330
203
100
AcDbEntity
  8
0
100
AcDbCircle
 10
1293.35153817776
 20
9.009907662768086
 30
0.0
 40
0.9999999999999812
100
AcDbArc
 50
162.0237382208007
 51
287.9762617791746
  0
ARC
  5
7867
330
203
100
AcDbEntity
  8
0
100
AcDbCircle
 10
1294.277406984359
 20
6.15635427217498
 30
0.0
 40
2.0
100
AcDbArc
 50
90.0
 51
107.9762617791746
  0
ARC
  5
7868
330
203
100
AcDbEntity
  8
0
100
AcDbCircle
 10
1290.497984787168
 20
9.93577646936805
 30
0.0
 40
2.0
100
AcDbArc
 50
342.0237382208007
 51
0.0
  0
ARC
  5
7869
330
203
100
AcDbEntity
  8
0
100
AcDbCircle
 10
1293.351538177761
 20
21.30280088158119
 30
0.0
 40
0.9999999999999812
100
AcDbArc
 50
72.02373822079801
 51
197.9762617791723
  0
ARC
  5
786A
330
203
100
AcDbEntity
  8
0
100
AcDbCircle
 10
1290.497984787168
 20
20.37693207498305
 30
0.0
 40
2.0
100
AcDbArc
 50
0.0
 51
17.97626177917226
  0
ARC
  5
786B
330
203
100
AcDbEntity
  8
0
100
AcDbCircle
 10
1294.27740698436
 20
24.15635427217407
 30
0.0
 40
2.0
100
AcDbArc
 50
252.023738220798
 51
270.0
  0
ARC
  5
786C
330
203
100
AcDbEntity
  8
0
100
AcDbCircle
 10
1305.644431396573
 20
21.30280088158005
 30
0.0
 40
0.9999999999999812
100
AcDbArc
 50
342.0237382208157
 51
107.9762617792021
  0
ARC
  5
786D
330
203
100
AcDbEntity
  8
0
100
AcDbCircle
 10
1304.718562589975
 20
24.15635427217293
 30
0.0
 40
2.0
100
AcDbArc
 50
270.0
 51
287.976261779202
  0
ARC
  5
786E
330
203
100
AcDbEntity
  8
0
100
AcDbCircle
 10
1308.497984787167
 20
20.37693207498191
 30
0.0
 40
2.0
100
AcDbArc
 50
162.0237382208158
 51
180.0000000000261
  0
LINE
  5
78B5
330
203
100
AcDbEntity
  8
0
100
AcDbLine
 10
965.6574069843598
 20
-1.663645727825951
 30
0.0
 11
976.098562589975
 21
-1.663645727827088
 31
0.0
  0
LINE
  5
78B6
330
203
100
AcDbEntity
  8
0
100
AcDbLine
 10
963.8779847871667
 20
-3.443067925016976
 30
0.0
 11
963.8779847871667
 21
-13.88422353063197
 31
0.0
  0
LINE
  5
78B7
330
203
100
AcDbEntity
  8
0
100
AcDbLine
 10
977.8779847871681
 20
-3.443067925018113
 30
0.0
 11
977.8779847871654
 21
-13.88422353063493
 31
0.0
  0
LINE
  5
78B8
330
203
100
AcDbEntity
  8
0
100
AcDbLine
 10
965.6574069843584
 20
-15.66364572782595
 30
0.0
 11
976.0985625899727
 21
-15.66364572782595
 31
0.0
  0
ARC
  5
78B9
330
203
100
AcDbEntity
  8
0
100
AcDbCircle
 10
977.0244313965729
 20
-14.81009233723307
 30
0.0
 40
0.9999999999999812
100
AcDbArc
 50
252.0237382207979
 51
17.9762617791729
  0
ARC
  5
78BA
330
203
100
AcDbEntity
  8
0
100
AcDbCircle
 10
979.8779847871654
 20
-13.88422353063493
 30
0.0
 40
2.0
100
AcDbArc
 50
180.0
 51
197.9762617791729
  0
ARC
  5
78BB
330
203
100
AcDbEntity
  8
0
100
AcDbCircle
 10
976.0985625899727
 20
-17.66364572782595
 30
0.0
 40
2.0
100
AcDbArc
 50
72.02373822079791
 51
90.0
  0
ARC
  5
78BC
330
203
100
AcDbEntity
  8
0
100
AcDbCircle
 10
964.7315381777601
 20
-14.81009233723194
 30
0.0
 40
0.9999999999999812
100
AcDbArc
 50
162.0237382208052
 51
287.9762617791746
  0
ARC
  5
78BD
330
203
100
AcDbEntity
  8
0
100
AcDbCircle
 10
965.6574069843584
 20
-17.66364572782504
 30
0.0
 40
2.0
100
AcDbArc
 50
90.0
 51
107.9762617791746
  0
ARC
  5
78BE
330
203
100
AcDbEntity
  8
0
100
AcDbCircle
 10
961.8779847871681
 20
-13.88422353063197
 30
0.0
 40
2.0
100
AcDbArc
 50
342.0237382208052
 51
0.0
  0
ARC
  5
78BF
330
203
100
AcDbEntity
  8
0
100
AcDbCircle
 10
964.7315381777605
 20
-2.51719911841883
 30
0.0
 40
0.9999999999999812
100
AcDbArc
 50
72.02373822079791
 51
197.9762617791729
  0
ARC
  5
78C0
330
203
100
AcDbEntity
  8
0
100
AcDbCircle
 10
961.8779847871681
 20
-3.443067925016976
 30
0.0
 40
2.0
100
AcDbArc
 50
0.0
 51
17.9762617791729
  0
ARC
  5
78C1
330
203
100
AcDbEntity
  8
0
100
AcDbCircle
 10
965.6574069843598
 20
0.3363542721740487
 30
0.0
 40
2.0
100
AcDbArc
 50
252.0237382207979
 51
270.0
  0
ARC
  5
78C2
330
203
100
AcDbEntity
  8
0
100
AcDbCircle
 10
977.0244313965729
 20
-2.517199118419967
 30
0.0
 40
0.9999999999999812
100
AcDbArc
 50
342.0237382208112
 51
107.9762617792021
  0
ARC
  5
78C3
330
203
100
AcDbEntity
  8
0
100
AcDbCircle
 10
976.098562589975
 20
0.3363542721729118
 30
0.0
 40
2.0
100
AcDbArc
 50
270.0
 51
287.976261779202
  0
ARC
  5
78C4
330
203
100
AcDbEntity
  8
0
100
AcDbCircle
 10
979.8779847871667
 20
-3.443067925018113
 30
0.0
 40
2.0
100
AcDbArc
 50
162.0237382208113
 51
180.0000000000261
  0
LINE
  5
78C5
330
203
100
AcDbEntity
  8
0
100
AcDbLine
 10
984.7074069843599
 20
-1.663645727825951
 30
0.0
 11
995.1485625899751
 21
-1.663645727827088
 31
0.0
  0
LINE
  5
78C6
330
203
100
AcDbEntity
  8
0
100
AcDbLine
 10
982.9279847871668
 20
-3.443067925016976
 30
0.0
 11
982.9279847871668
 21
-13.88422353063197
 31
0.0
  0
LINE
  5
78C7
330
203
100
AcDbEntity
  8
0
100
AcDbLine
 10
996.9279847871682
 20
-3.443067925018113
 30
0.0
 11
996.9279847871654
 21
-13.88422353063493
 31
0.0
  0
LINE
  5
78C8
330
203
100
AcDbEntity
  8
0
100
AcDbLine
 10
984.7074069843585
 20
-15.66364572782595
 30
0.0
 11
995.1485625899728
 21
-15.66364572782595
 31
0.0
  0
ARC
  5
78C9
330
203
100
AcDbEntity
  8
0
100
AcDbCircle
 10
996.074431396573
 20
-14.81009233723307
 30
0.0
 40
0.9999999999999812
100
AcDbArc
 50
252.0237382207979
 51
17.97626177917293
  0
ARC
  5
78CA
330
203
100
AcDbEntity
  8
0
100
AcDbCircle
 10
998.9279847871654
 20
-13.88422353063493
 30
0.0
 40
2.0
100
AcDbArc
 50
180.0
 51
197.9762617791729
  0
ARC
  5
78CB
330
203
100
AcDbEntity
  8
0
100
AcDbCircle
 10
995.1485625899728
 20
-17.66364572782595
 30
0.0
 40
2.0
100
AcDbArc
 50
72.02373822079791
 51
90.0
  0
ARC
  5
78CC
330
203
100
AcDbEntity
  8
0
100
AcDbCircle
 10
983.7815381777601
 20
-14.81009233723194
 30
0.0
 40
0.9999999999999812
100
AcDbArc
 50
162.0237382208052
 51
287.9762617791746
  0
ARC
  5
78CD
330
203
100
AcDbEntity
  8
0
100
AcDbCircle
 10
984.7074069843585
 20
-17.66364572782504
 30
0.0
 40
2.0
100
AcDbArc
 50
90.0
 51
107.9762617791746
  0
ARC
  5
78CE
330
203
100
AcDbEntity
  8
0
100
AcDbCircle
 10
980.9279847871682
 20
-13.88422353063197
 30
0.0
 40
2.0
100
AcDbArc
 50
342.0237382208052
 51
0.0
  0
ARC
  5
78CF
330
203
100
AcDbEntity
  8
0
100
AcDbCircle
 10
983.7815381777606
 20
-2.51719911841883
 30
0.0
 40
0.9999999999999812
100
AcDbArc
 50
72.02373822079791
 51
197.9762617791729
  0
ARC
  5
78D0
330
203
100
AcDbEntity
  8
0
100
AcDbCircle
 10
980.9279847871682
 20
-3.443067925016976
 30
0.0
 40
2.0
100
AcDbArc
 50
0.0
 51
17.97626177917293
  0
ARC
  5
78D1
330
203
100
AcDbEntity
  8
0
100
AcDbCircle
 10
984.7074069843599
 20
0.3363542721740487
 30
0.0
 40
2.0
100
AcDbArc
 50
252.0237382207979
 51
270.0
  0
ARC
  5
78D2
330
203
100
AcDbEntity
  8
0
100
AcDbCircle
 10
996.074431396573
 20
-2.517199118419967
 30
0.0
 40
0.9999999999999812
100
AcDbArc
 50
342.0237382208112
 51
107.9762617792021
  0
ARC
  5
78D3
330
203
100
AcDbEntity
  8
0
100
AcDbCircle
 10
995.1485625899751
 20
0.3363542721729118
 30
0.0
 40
2.0
100
AcDbArc
 50
270.0
 51
287.976261779202
  0
ARC
  5
78D4
330
203
100
AcDbEntity
  8
0
100
AcDbCircle
 10
998.9279847871668
 20
-3.443067925018113
 30
0.0
 40
2.0
100
AcDbArc
 50
162.0237382208113
 51
180.0000000000261
  0
LINE
  5
78D5
330
203
100
AcDbEntity
  8
0
100
AcDbLine
 10
1003.76740698436
 20
-1.663645727825951
 30
0.0
 11
1014.208562589975
 21
-1.663645727827088
 31
0.0
  0
LINE
  5
78D6
330
203
100
AcDbEntity
  8
0
100
AcDbLine
 10
1001.987984787167
 20
-3.443067925016976
 30
0.0
 11
1001.987984787167
 21
-13.88422353063197
 31
0.0
  0
LINE
  5
78D7
330
203
100
AcDbEntity
  8
0
100
AcDbLine
 10
1015.987984787168
 20
-3.443067925018113
 30
0.0
 11
1015.987984787165
 21
-13.88422353063493
 31
0.0
  0
LINE
  5
78D8
330
203
100
AcDbEntity
  8
0
100
AcDbLine
 10
1003.767406984359
 20
-15.66364572782595
 30
0.0
 11
1014.208562589973
 21
-15.66364572782595
 31
0.0
  0
ARC
  5
78D9
330
203
100
AcDbEntity
  8
0
100
AcDbCircle
 10
1015.134431396573
 20
-14.81009233723307
 30
0.0
 40
0.9999999999999812
100
AcDbArc
 50
252.0237382207979
 51
17.9762617791729
  0
ARC
  5
78DA
330
203
100
AcDbEntity
  8
0
100
AcDbCircle
 10
1017.987984787165
 20
-13.88422353063493
 30
0.0
 40
2.0
100
AcDbArc
 50
180.0
 51
197.9762617791729
  0
ARC
  5
78DB
330
203
100
AcDbEntity
  8
0
100
AcDbCircle
 10
1014.208562589973
 20
-17.66364572782595
 30
0.0
 40
2.0
100
AcDbArc
 50
72.02373822079791
 51
90.0
  0
ARC
  5
78DC
330
203
100
AcDbEntity
  8
0
100
AcDbCircle
 10
1002.84153817776
 20
-14.81009233723194
 30
0.0
 40
0.9999999999999812
100
AcDbArc
 50
162.0237382208061
 51
287.9762617791746
  0
ARC
  5
78DD
330
203
100
AcDbEntity
  8
0
100
AcDbCircle
 10
1003.767406984359
 20
-17.66364572782504
 30
0.0
 40
2.0
100
AcDbArc
 50
90.0
 51
107.9762617791746
  0
ARC
  5
78DE
330
203
100
AcDbEntity
  8
0
100
AcDbCircle
 10
999.9879847871682
 20
-13.88422353063197
 30
0.0
 40
2.0
100
AcDbArc
 50
342.0237382208061
 51
0.0
  0
ARC
  5
78DF
330
203
100
AcDbEntity
  8
0
100
AcDbCircle
 10
1002.841538177761
 20
-2.51719911841883
 30
0.0
 40
0.9999999999999812
100
AcDbArc
 50
72.02373822079791
 51
197.9762617791729
  0
ARC
  5
78E0
330
203
100
AcDbEntity
  8
0
100
AcDbCircle
 10
999.9879847871682
 20
-3.443067925016976
 30
0.0
 40
2.0
100
AcDbArc
 50
0.0
 51
17.9762617791729
  0
ARC
  5
78E1
330
203
100
AcDbEntity
  8
0
100
AcDbCircle
 10
1003.76740698436
 20
0.3363542721740487
 30
0.0
 40
2.0
100
AcDbArc
 50
252.0237382207979
 51
270.0
  0
ARC
  5
78E2
330
203
100
AcDbEntity
  8
0
100
AcDbCircle
 10
1015.134431396573
 20
-2.517199118419967
 30
0.0
 40
0.9999999999999812
100
AcDbArc
 50
342.0237382208104
 51
107.9762617792021
  0
ARC
  5
78E3
330
203
100
AcDbEntity
  8
0
100
AcDbCircle
 10
1014.208562589975
 20
0.3363542721729118
 30
0.0
 40
2.0
100
AcDbArc
 50
270.0
 51
287.976261779202
  0
ARC
  5
78E4
330
203
100
AcDbEntity
  8
0
100
AcDbCircle
 10
1017.987984787167
 20
-3.443067925018113
 30
0.0
 40
2.0
100
AcDbArc
 50
162.0237382208104
 51
180.0000000000261
  0
LINE
  5
78E5
330
203
100
AcDbEntity
  8
0
100
AcDbLine
 10
1022.81740698436
 20
-1.663645727825951
 30
0.0
 11
1033.258562589975
 21
-1.663645727827088
 31
0.0
  0
LINE
  5
78E6
330
203
100
AcDbEntity
  8
0
100
AcDbLine
 10
1021.037984787167
 20
-3.443067925016976
 30
0.0
 11
1021.037984787167
 21
-13.88422353063197
 31
0.0
  0
LINE
  5
78E7
330
203
100
AcDbEntity
  8
0
100
AcDbLine
 10
1035.037984787168
 20
-3.443067925018113
 30
0.0
 11
1035.037984787165
 21
-13.88422353063493
 31
0.0
  0
LINE
  5
78E8
330
203
100
AcDbEntity
  8
0
100
AcDbLine
 10
1022.817406984359
 20
-15.66364572782595
 30
0.0
 11
1033.258562589973
 21
-15.66364572782595
 31
0.0
  0
ARC
  5
78E9
330
203
100
AcDbEntity
  8
0
100
AcDbCircle
 10
1034.184431396573
 20
-14.81009233723307
 30
0.0
 40
0.9999999999999812
100
AcDbArc
 50
252.0237382207979
 51
17.9762617791729
  0
ARC
  5
78EA
330
203
100
AcDbEntity
  8
0
100
AcDbCircle
 10
1037.037984787165
 20
-13.88422353063493
 30
0.0
 40
2.0
100
AcDbArc
 50
180.0
 51
197.9762617791729
  0
ARC
  5
78EB
330
203
100
AcDbEntity
  8
0
100
AcDbCircle
 10
1033.258562589973
 20
-17.66364572782595
 30
0.0
 40
2.0
100
AcDbArc
 50
72.02373822079791
 51
90.0
  0
ARC
  5
78EC
330
203
100
AcDbEntity
  8
0
100
AcDbCircle
 10
1021.89153817776
 20
-14.81009233723194
 30
0.0
 40
0.9999999999999812
100
AcDbArc
 50
162.0237382208061
 51
287.9762617791746
  0
ARC
  5
78ED
330
203
100
AcDbEntity
  8
0
100
AcDbCircle
 10
1022.817406984359
 20
-17.66364572782504
 30
0.0
 40
2.0
100
AcDbArc
 50
90.0
 51
107.9762617791746
  0
ARC
  5
78EE
330
203
100
AcDbEntity
  8
0
100
AcDbCircle
 10
1019.037984787168
 20
-13.88422353063197
 30
0.0
 40
2.0
100
AcDbArc
 50
342.0237382208061
 51
0.0
  0
ARC
  5
78EF
330
203
100
AcDbEntity
  8
0
100
AcDbCircle
 10
1021.891538177761
 20
-2.51719911841883
 30
0.0
 40
0.9999999999999812
100
AcDbArc
 50
72.02373822079791
 51
197.9762617791729
  0
ARC
  5
78F0
330
203
100
AcDbEntity
  8
0
100
AcDbCircle
 10
1019.037984787168
 20
-3.443067925016976
 30
0.0
 40
2.0
100
AcDbArc
 50
0.0
 51
17.9762617791729
  0
ARC
  5
78F1
330
203
100
AcDbEntity
  8
0
100
AcDbCircle
 10
1022.81740698436
 20
0.3363542721740487
 30
0.0
 40
2.0
100
AcDbArc
 50
252.0237382207979
 51
270.0
  0
ARC
  5
78F2
330
203
100
AcDbEntity
  8
0
100
AcDbCircle
 10
1034.184431396573
 20
-2.517199118419967
 30
0.0
 40
0.9999999999999812
100
AcDbArc
 50
342.0237382208104
 51
107.9762617792021
  0
ARC
  5
78F3
330
203
100
AcDbEntity
  8
0
100
AcDbCircle
 10
1033.258562589975
 20
0.3363542721729118
 30
0.0
 40
2.0
100
AcDbArc
 50
270.0
 51
287.976261779202
  0
ARC
  5
78F4
330
203
100
AcDbEntity
  8
0
100
AcDbCircle
 10
1037.037984787167
 20
-3.443067925018113
 30
0.0
 40
2.0
100
AcDbArc
 50
162.0237382208104
 51
180.0000000000261
  0
LINE
  5
793B
330
203
100
AcDbEntity
  8
0
100
AcDbLine
 10
1041.86740698436
 20
-1.663645727825951
 30
0.0
 11
1052.308562589975
 21
-1.663645727827088
 31
0.0
  0
LINE
  5
793C
330
203
100
AcDbEntity
  8
0
100
AcDbLine
 10
1040.087984787167
 20
-3.443067925016976
 30
0.0
 11
1040.087984787167
 21
-13.88422353063197
 31
0.0
  0
LINE
  5
793D
330
203
100
AcDbEntity
  8
0
100
AcDbLine
 10
1054.087984787168
 20
-3.443067925018113
 30
0.0
 11
1054.087984787165
 21
-13.88422353063493
 31
0.0
  0
LINE
  5
793E
330
203
100
AcDbEntity
  8
0
100
AcDbLine
 10
1041.867406984358
 20
-15.66364572782595
 30
0.0
 11
1052.308562589973
 21
-15.66364572782595
 31
0.0
  0
ARC
  5
793F
330
203
100
AcDbEntity
  8
0
100
AcDbCircle
 10
1053.234431396573
 20
-14.81009233723307
 30
0.0
 40
0.9999999999999812
100
AcDbArc
 50
252.023738220798
 51
17.97626177917297
  0
ARC
  5
7940
330
203
100
AcDbEntity
  8
0
100
AcDbCircle
 10
1056.087984787165
 20
-13.88422353063493
 30
0.0
 40
2.0
100
AcDbArc
 50
180.0
 51
197.9762617791728
  0
ARC
  5
7941
330
203
100
AcDbEntity
  8
0
100
AcDbCircle
 10
1052.308562589973
 20
-17.66364572782595
 30
0.0
 40
2.0
100
AcDbArc
 50
72.02373822079795
 51
90.0
  0
ARC
  5
7942
330
203
100
AcDbEntity
  8
0
100
AcDbCircle
 10
1040.94153817776
 20
-14.81009233723194
 30
0.0
 40
0.9999999999999812
100
AcDbArc
 50
162.0237382208053
 51
287.9762617791746
  0
ARC
  5
7943
330
203
100
AcDbEntity
  8
0
100
AcDbCircle
 10
1041.867406984358
 20
-17.66364572782504
 30
0.0
 40
2.0
100
AcDbArc
 50
90.0
 51
107.9762617791746
  0
ARC
  5
7944
330
203
100
AcDbEntity
  8
0
100
AcDbCircle
 10
1038.087984787168
 20
-13.88422353063197
 30
0.0
 40
2.0
100
AcDbArc
 50
342.0237382208053
 51
0.0
  0
ARC
  5
7945
330
203
100
AcDbEntity
  8
0
100
AcDbCircle
 10
1040.941538177761
 20
-2.51719911841883
 30
0.0
 40
0.9999999999999812
100
AcDbArc
 50
72.02373822079795
 51
197.9762617791728
  0
ARC
  5
7946
330
203
100
AcDbEntity
  8
0
100
AcDbCircle
 10
1038.087984787168
 20
-3.443067925016976
 30
0.0
 40
2.0
100
AcDbArc
 50
0.0
 51
17.97626177917297
  0
ARC
  5
7947
330
203
100
AcDbEntity
  8
0
100
AcDbCircle
 10
1041.86740698436
 20
0.3363542721740487
 30
0.0
 40
2.0
100
AcDbArc
 50
252.023738220798
 51
270.0
  0
ARC
  5
7948
330
203
100
AcDbEntity
  8
0
100
AcDbCircle
 10
1053.234431396573
 20
-2.517199118419967
 30
0.0
 40
0.9999999999999812
100
AcDbArc
 50
342.0237382208112
 51
107.9762617792021
  0
ARC
  5
7949
330
203
100
AcDbEntity
  8
0
100
AcDbCircle
 10
1052.308562589975
 20
0.3363542721729118
 30
0.0
 40
2.0
100
AcDbArc
 50
270.0
 51
287.976261779202
  0
ARC
  5
794A
330
203
100
AcDbEntity
  8
0
100
AcDbCircle
 10
1056.087984787167
 20
-3.443067925018113
 30
0.0
 40
2.0
100
AcDbArc
 50
162.0237382208112
 51
180.0000000000261
  0
LINE
  5
794B
330
203
100
AcDbEntity
  8
0
100
AcDbLine
 10
1060.91740698436
 20
-1.663645727825951
 30
0.0
 11
1071.358562589975
 21
-1.663645727827088
 31
0.0
  0
LINE
  5
794C
330
203
100
AcDbEntity
  8
0
100
AcDbLine
 10
1059.137984787167
 20
-3.443067925016976
 30
0.0
 11
1059.137984787167
 21
-13.88422353063197
 31
0.0
  0
LINE
  5
794D
330
203
100
AcDbEntity
  8
0
100
AcDbLine
 10
1073.137984787168
 20
-3.443067925018113
 30
0.0
 11
1073.137984787166
 21
-13.88422353063493
 31
0.0
  0
LINE
  5
794E
330
203
100
AcDbEntity
  8
0
100
AcDbLine
 10
1060.917406984359
 20
-15.66364572782595
 30
0.0
 11
1071.358562589973
 21
-15.66364572782595
 31
0.0
  0
ARC
  5
794F
330
203
100
AcDbEntity
  8
0
100
AcDbCircle
 10
1072.284431396573
 20
-14.81009233723307
 30
0.0
 40
0.9999999999999812
100
AcDbArc
 50
252.023738220798
 51
17.97626177917297
  0
ARC
  5
7950
330
203
100
AcDbEntity
  8
0
100
AcDbCircle
 10
1075.137984787166
 20
-13.88422353063493
 30
0.0
 40
2.0
100
AcDbArc
 50
180.0
 51
197.9762617791729
  0
ARC
  5
7951
330
203
100
AcDbEntity
  8
0
100
AcDbCircle
 10
1071.358562589973
 20
-17.66364572782595
 30
0.0
 40
2.0
100
AcDbArc
 50
72.02373822079795
 51
90.0
  0
ARC
  5
7952
330
203
100
AcDbEntity
  8
0
100
AcDbCircle
 10
1059.99153817776
 20
-14.81009233723194
 30
0.0
 40
0.9999999999999812
100
AcDbArc
 50
162.0237382208053
 51
287.9762617791746
  0
ARC
  5
7953
330
203
100
AcDbEntity
  8
0
100
AcDbCircle
 10
1060.917406984359
 20
-17.66364572782504
 30
0.0
 40
2.0
100
AcDbArc
 50
90.0
 51
107.9762617791746
  0
ARC
  5
7954
330
203
100
AcDbEntity
  8
0
100
AcDbCircle
 10
1057.137984787168
 20
-13.88422353063197
 30
0.0
 40
2.0
100
AcDbArc
 50
342.0237382208053
 51
0.0
  0
ARC
  5
7955
330
203
100
AcDbEntity
  8
0
100
AcDbCircle
 10
1059.991538177761
 20
-2.51719911841883
 30
0.0
 40
0.9999999999999812
100
AcDbArc
 50
72.02373822079795
 51
197.9762617791729
  0
ARC
  5
7956
330
203
100
AcDbEntity
  8
0
100
AcDbCircle
 10
1057.137984787168
 20
-3.443067925016976
 30
0.0
 40
2.0
100
AcDbArc
 50
0.0
 51
17.97626177917297
  0
ARC
  5
7957
330
203
100
AcDbEntity
  8
0
100
AcDbCircle
 10
1060.91740698436
 20
0.3363542721740487
 30
0.0
 40
2.0
100
AcDbArc
 50
252.023738220798
 51
270.0
  0
ARC
  5
7958
330
203
100
AcDbEntity
  8
0
100
AcDbCircle
 10
1072.284431396573
 20
-2.517199118419967
 30
0.0
 40
0.9999999999999812
100
AcDbArc
 50
342.0237382208112
 51
107.9762617792021
  0
ARC
  5
7959
330
203
100
AcDbEntity
  8
0
100
AcDbCircle
 10
1071.358562589975
 20
0.3363542721729118
 30
0.0
 40
2.0
100
AcDbArc
 50
270.0
 51
287.976261779202
  0
ARC
  5
795A
330
203
100
AcDbEntity
  8
0
100
AcDbCircle
 10
1075.137984787167
 20
-3.443067925018113
 30
0.0
 40
2.0
100
AcDbArc
 50
162.0237382208112
 51
180.0000000000261
  0
LINE
  5
795B
330
203
100
AcDbEntity
  8
0
100
AcDbLine
 10
1079.97740698436
 20
-1.663645727825951
 30
0.0
 11
1090.418562589975
 21
-1.663645727827088
 31
0.0
  0
LINE
  5
795C
330
203
100
AcDbEntity
  8
0
100
AcDbLine
 10
1078.197984787167
 20
-3.443067925016976
 30
0.0
 11
1078.197984787167
 21
-13.88422353063197
 31
0.0
  0
LINE
  5
795D
330
203
100
AcDbEntity
  8
0
100
AcDbLine
 10
1092.197984787168
 20
-3.443067925018113
 30
0.0
 11
1092.197984787166
 21
-13.88422353063493
 31
0.0
  0
LINE
  5
795E
330
203
100
AcDbEntity
  8
0
100
AcDbLine
 10
1079.977406984359
 20
-15.66364572782595
 30
0.0
 11
1090.418562589973
 21
-15.66364572782595
 31
0.0
  0
ARC
  5
795F
330
203
100
AcDbEntity
  8
0
100
AcDbCircle
 10
1091.344431396573
 20
-14.81009233723307
 30
0.0
 40
0.9999999999999812
100
AcDbArc
 50
252.023738220798
 51
17.97626177917297
  0
ARC
  5
7960
330
203
100
AcDbEntity
  8
0
100
AcDbCircle
 10
1094.197984787166
 20
-13.88422353063493
 30
0.0
 40
2.0
100
AcDbArc
 50
180.0
 51
197.9762617791728
  0
ARC
  5
7961
330
203
100
AcDbEntity
  8
0
100
AcDbCircle
 10
1090.418562589973
 20
-17.66364572782595
 30
0.0
 40
2.0
100
AcDbArc
 50
72.02373822079795
 51
90.0
  0
ARC
  5
7962
330
203
100
AcDbEntity
  8
0
100
AcDbCircle
 10
1079.05153817776
 20
-14.81009233723194
 30
0.0
 40
0.9999999999999812
100
AcDbArc
 50
162.0237382208061
 51
287.9762617791746
  0
ARC
  5
7963
330
203
100
AcDbEntity
  8
0
100
AcDbCircle
 10
1079.977406984359
 20
-17.66364572782504
 30
0.0
 40
2.0
100
AcDbArc
 50
90.0
 51
107.9762617791746
  0
ARC
  5
7964
330
203
100
AcDbEntity
  8
0
100
AcDbCircle
 10
1076.197984787168
 20
-13.88422353063197
 30
0.0
 40
2.0
100
AcDbArc
 50
342.023738220806
 51
0.0
  0
ARC
  5
7965
330
203
100
AcDbEntity
  8
0
100
AcDbCircle
 10
1079.051538177761
 20
-2.51719911841883
 30
0.0
 40
0.9999999999999812
100
AcDbArc
 50
72.02373822079795
 51
197.9762617791728
  0
ARC
  5
7966
330
203
100
AcDbEntity
  8
0
100
AcDbCircle
 10
1076.197984787168
 20
-3.443067925016976
 30
0.0
 40
2.0
100
AcDbArc
 50
0.0
 51
17.97626177917297
  0
ARC
  5
7967
330
203
100
AcDbEntity
  8
0
100
AcDbCircle
 10
1079.97740698436
 20
0.3363542721740487
 30
0.0
 40
2.0
100
AcDbArc
 50
252.023738220798
 51
270.0
  0
ARC
  5
7968
330
203
100
AcDbEntity
  8
0
100
AcDbCircle
 10
1091.344431396573
 20
-2.517199118419967
 30
0.0
 40
0.9999999999999812
100
AcDbArc
 50
342.0237382208104
 51
107.9762617792021
  0
ARC
  5
7969
330
203
100
AcDbEntity
  8
0
100
AcDbCircle
 10
1090.418562589975
 20
0.3363542721729118
 30
0.0
 40
2.0
100
AcDbArc
 50
270.0
 51
287.976261779202
  0
ARC
  5
796A
330
203
100
AcDbEntity
  8
0
100
AcDbCircle
 10
1094.197984787167
 20
-3.443067925018113
 30
0.0
 40
2.0
100
AcDbArc
 50
162.0237382208104
 51
180.0000000000261
  0
LINE
  5
796B
330
203
100
AcDbEntity
  8
0
100
AcDbLine
 10
1099.02740698436
 20
-1.663645727825951
 30
0.0
 11
1109.468562589975
 21
-1.663645727827088
 31
0.0
  0
LINE
  5
796C
330
203
100
AcDbEntity
  8
0
100
AcDbLine
 10
1097.247984787167
 20
-3.443067925016976
 30
0.0
 11
1097.247984787167
 21
-13.88422353063197
 31
0.0
  0
LINE
  5
796D
330
203
100
AcDbEntity
  8
0
100
AcDbLine
 10
1111.247984787168
 20
-3.443067925018113
 30
0.0
 11
1111.247984787165
 21
-13.88422353063493
 31
0.0
  0
LINE
  5
796E
330
203
100
AcDbEntity
  8
0
100
AcDbLine
 10
1099.027406984359
 20
-15.66364572782595
 30
0.0
 11
1109.468562589973
 21
-15.66364572782595
 31
0.0
  0
ARC
  5
796F
330
203
100
AcDbEntity
  8
0
100
AcDbCircle
 10
1110.394431396573
 20
-14.81009233723307
 30
0.0
 40
0.9999999999999812
100
AcDbArc
 50
252.023738220798
 51
17.97626177917297
  0
ARC
  5
7970
330
203
100
AcDbEntity
  8
0
100
AcDbCircle
 10
1113.247984787165
 20
-13.88422353063493
 30
0.0
 40
2.0
100
AcDbArc
 50
180.0
 51
197.9762617791728
  0
ARC
  5
7971
330
203
100
AcDbEntity
  8
0
100
AcDbCircle
 10
1109.468562589973
 20
-17.66364572782595
 30
0.0
 40
2.0
100
AcDbArc
 50
72.02373822079795
 51
90.0
  0
ARC
  5
7972
330
203
100
AcDbEntity
  8
0
100
AcDbCircle
 10
1098.10153817776
 20
-14.81009233723194
 30
0.0
 40
0.9999999999999812
100
AcDbArc
 50
162.0237382208061
 51
287.9762617791746
  0
ARC
  5
7973
330
203
100
AcDbEntity
  8
0
100
AcDbCircle
 10
1099.027406984359
 20
-17.66364572782504
 30
0.0
 40
2.0
100
AcDbArc
 50
90.0
 51
107.9762617791746
  0
ARC
  5
7974
330
203
100
AcDbEntity
  8
0
100
AcDbCircle
 10
1095.247984787168
 20
-13.88422353063197
 30
0.0
 40
2.0
100
AcDbArc
 50
342.023738220806
 51
0.0
  0
ARC
  5
7975
330
203
100
AcDbEntity
  8
0
100
AcDbCircle
 10
1098.101538177761
 20
-2.51719911841883
 30
0.0
 40
0.9999999999999812
100
AcDbArc
 50
72.02373822079795
 51
197.9762617791728
  0
ARC
  5
7976
330
203
100
AcDbEntity
  8
0
100
AcDbCircle
 10
1095.247984787168
 20
-3.443067925016976
 30
0.0
 40
2.0
100
AcDbArc
 50
0.0
 51
17.97626177917297
  0
ARC
  5
7977
330
203
100
AcDbEntity
  8
0
100
AcDbCircle
 10
1099.02740698436
 20
0.3363542721740487
 30
0.0
 40
2.0
100
AcDbArc
 50
252.023738220798
 51
270.0
  0
ARC
  5
7978
330
203
100
AcDbEntity
  8
0
100
AcDbCircle
 10
1110.394431396573
 20
-2.517199118419967
 30
0.0
 40
0.9999999999999812
100
AcDbArc
 50
342.0237382208104
 51
107.9762617792021
  0
ARC
  5
7979
330
203
100
AcDbEntity
  8
0
100
AcDbCircle
 10
1109.468562589975
 20
0.3363542721729118
 30
0.0
 40
2.0
100
AcDbArc
 50
270.0
 51
287.976261779202
  0
ARC
  5
797A
330
203
100
AcDbEntity
  8
0
100
AcDbCircle
 10
1113.247984787167
 20
-3.443067925018113
 30
0.0
 40
2.0
100
AcDbArc
 50
162.0237382208104
 51
180.0000000000261
  0
LINE
  5
79D1
330
203
100
AcDbEntity
  8
0
100
AcDbLine
 10
1137.11740698436
 20
-1.663645727825951
 30
0.0
 11
1147.558562589975
 21
-1.663645727827088
 31
0.0
  0
LINE
  5
79D2
330
203
100
AcDbEntity
  8
0
100
AcDbLine
 10
1135.337984787167
 20
-3.443067925016976
 30
0.0
 11
1135.337984787167
 21
-13.88422353063197
 31
0.0
  0
LINE
  5
79D3
330
203
100
AcDbEntity
  8
0
100
AcDbLine
 10
1149.337984787168
 20
-3.443067925018113
 30
0.0
 11
1149.337984787165
 21
-13.88422353063493
 31
0.0
  0
LINE
  5
79D4
330
203
100
AcDbEntity
  8
0
100
AcDbLine
 10
1137.117406984358
 20
-15.66364572782595
 30
0.0
 11
1147.558562589973
 21
-15.66364572782595
 31
0.0
  0
ARC
  5
79D5
330
203
100
AcDbEntity
  8
0
100
AcDbCircle
 10
1148.484431396573
 20
-14.81009233723307
 30
0.0
 40
0.9999999999999812
100
AcDbArc
 50
252.023738220798
 51
17.9762617791729
  0
ARC
  5
79D6
330
203
100
AcDbEntity
  8
0
100
AcDbCircle
 10
1151.337984787165
 20
-13.88422353063493
 30
0.0
 40
2.0
100
AcDbArc
 50
180.0
 51
197.9762617791728
  0
ARC
  5
79D7
330
203
100
AcDbEntity
  8
0
100
AcDbCircle
 10
1147.558562589973
 20
-17.66364572782595
 30
0.0
 40
2.0
100
AcDbArc
 50
72.02373822079795
 51
90.0
  0
ARC
  5
79D8
330
203
100
AcDbEntity
  8
0
100
AcDbCircle
 10
1136.19153817776
 20
-14.81009233723194
 30
0.0
 40
0.9999999999999812
100
AcDbArc
 50
162.0237382208044
 51
287.9762617791745
  0
ARC
  5
79D9
330
203
100
AcDbEntity
  8
0
100
AcDbCircle
 10
1137.117406984358
 20
-17.66364572782504
 30
0.0
 40
2.0
100
AcDbArc
 50
90.0
 51
107.9762617791746
  0
ARC
  5
79DA
330
203
100
AcDbEntity
  8
0
100
AcDbCircle
 10
1133.337984787168
 20
-13.88422353063197
 30
0.0
 40
2.0
100
AcDbArc
 50
342.023738220804
 51
0.0
  0
ARC
  5
79DB
330
203
100
AcDbEntity
  8
0
100
AcDbCircle
 10
1136.191538177761
 20
-2.51719911841883
 30
0.0
 40
0.9999999999999812
100
AcDbArc
 50
72.02373822079795
 51
197.9762617791728
  0
ARC
  5
79DC
330
203
100
AcDbEntity
  8
0
100
AcDbCircle
 10
1133.337984787168
 20
-3.443067925016976
 30
0.0
 40
2.0
100
AcDbArc
 50
0.0
 51
17.9762617791729
  0
ARC
  5
79DD
330
203
100
AcDbEntity
  8
0
100
AcDbCircle
 10
1137.11740698436
 20
0.3363542721740487
 30
0.0
 40
2.0
100
AcDbArc
 50
252.023738220798
 51
270.0
  0
ARC
  5
79DE
330
203
100
AcDbEntity
  8
0
100
AcDbCircle
 10
1148.484431396573
 20
-2.517199118419967
 30
0.0
 40
0.9999999999999812
100
AcDbArc
 50
342.0237382208117
 51
107.9762617792021
  0
ARC
  5
79DF
330
203
100
AcDbEntity
  8
0
100
AcDbCircle
 10
1147.558562589975
 20
0.3363542721729118
 30
0.0
 40
2.0
100
AcDbArc
 50
270.0
 51
287.976261779202
  0
ARC
  5
79E0
330
203
100
AcDbEntity
  8
0
100
AcDbCircle
 10
1151.337984787167
 20
-3.443067925018113
 30
0.0
 40
2.0
100
AcDbArc
 50
162.0237382208121
 51
180.0000000000261
  0
LINE
  5
79E1
330
203
100
AcDbEntity
  8
0
100
AcDbLine
 10
1156.16740698436
 20
-1.663645727825951
 30
0.0
 11
1166.608562589975
 21
-1.663645727827088
 31
0.0
  0
LINE
  5
79E2
330
203
100
AcDbEntity
  8
0
100
AcDbLine
 10
1154.387984787167
 20
-3.443067925016976
 30
0.0
 11
1154.387984787167
 21
-13.88422353063197
 31
0.0
  0
LINE
  5
79E3
330
203
100
AcDbEntity
  8
0
100
AcDbLine
 10
1168.387984787168
 20
-3.443067925018113
 30
0.0
 11
1168.387984787165
 21
-13.88422353063493
 31
0.0
  0
LINE
  5
79E4
330
203
100
AcDbEntity
  8
0
100
AcDbLine
 10
1156.167406984358
 20
-15.66364572782595
 30
0.0
 11
1166.608562589973
 21
-15.66364572782595
 31
0.0
  0
ARC
  5
79E5
330
203
100
AcDbEntity
  8
0
100
AcDbCircle
 10
1167.534431396573
 20
-14.81009233723307
 30
0.0
 40
0.9999999999999812
100
AcDbArc
 50
252.023738220798
 51
17.9762617791729
  0
ARC
  5
79E6
330
203
100
AcDbEntity
  8
0
100
AcDbCircle
 10
1170.387984787165
 20
-13.88422353063493
 30
0.0
 40
2.0
100
AcDbArc
 50
180.0
 51
197.976261779172
  0
ARC
  5
79E7
330
203
100
AcDbEntity
  8
0
100
AcDbCircle
 10
1166.608562589973
 20
-17.66364572782595
 30
0.0
 40
2.0
100
AcDbArc
 50
72.02373822079795
 51
90.0
  0
ARC
  5
79E8
330
203
100
AcDbEntity
  8
0
100
AcDbCircle
 10
1155.24153817776
 20
-14.81009233723194
 30
0.0
 40
0.9999999999999812
100
AcDbArc
 50
162.023738220804
 51
287.9762617791745
  0
ARC
  5
79E9
330
203
100
AcDbEntity
  8
0
100
AcDbCircle
 10
1156.167406984358
 20
-17.66364572782504
 30
0.0
 40
2.0
100
AcDbArc
 50
90.0
 51
107.9762617791746
  0
ARC
  5
79EA
330
203
100
AcDbEntity
  8
0
100
AcDbCircle
 10
1152.387984787168
 20
-13.88422353063197
 30
0.0
 40
2.0
100
AcDbArc
 50
342.023738220804
 51
0.0
  0
ARC
  5
79EB
330
203
100
AcDbEntity
  8
0
100
AcDbCircle
 10
1155.241538177761
 20
-2.51719911841883
 30
0.0
 40
0.9999999999999812
100
AcDbArc
 50
72.02373822079795
 51
197.976261779172
  0
ARC
  5
79EC
330
203
100
AcDbEntity
  8
0
100
AcDbCircle
 10
1152.387984787168
 20
-3.443067925016976
 30
0.0
 40
2.0
100
AcDbArc
 50
0.0
 51
17.9762617791729
  0
ARC
  5
79ED
330
203
100
AcDbEntity
  8
0
100
AcDbCircle
 10
1156.16740698436
 20
0.3363542721740487
 30
0.0
 40
2.0
100
AcDbArc
 50
252.023738220798
 51
270.0
  0
ARC
  5
79EE
330
203
100
AcDbEntity
  8
0
100
AcDbCircle
 10
1167.534431396573
 20
-2.517199118419967
 30
0.0
 40
0.9999999999999812
100
AcDbArc
 50
342.0237382208126
 51
107.9762617792021
  0
ARC
  5
79EF
330
203
100
AcDbEntity
  8
0
100
AcDbCircle
 10
1166.608562589975
 20
0.3363542721729118
 30
0.0
 40
2.0
100
AcDbArc
 50
270.0
 51
287.976261779202
  0
ARC
  5
79F0
330
203
100
AcDbEntity
  8
0
100
AcDbCircle
 10
1170.387984787167
 20
-3.443067925018113
 30
0.0
 40
2.0
100
AcDbArc
 50
162.0237382208125
 51
180.0000000000261
  0
LINE
  5
79F1
330
203
100
AcDbEntity
  8
0
100
AcDbLine
 10
1175.21740698436
 20
-1.663645727825951
 30
0.0
 11
1185.658562589975
 21
-1.663645727827088
 31
0.0
  0
LINE
  5
79F2
330
203
100
AcDbEntity
  8
0
100
AcDbLine
 10
1173.437984787167
 20
-3.443067925016976
 30
0.0
 11
1173.437984787167
 21
-13.88422353063197
 31
0.0
  0
LINE
  5
79F3
330
203
100
AcDbEntity
  8
0
100
AcDbLine
 10
1187.437984787168
 20
-3.443067925018113
 30
0.0
 11
1187.437984787166
 21
-13.88422353063493
 31
0.0
  0
LINE
  5
79F4
330
203
100
AcDbEntity
  8
0
100
AcDbLine
 10
1175.217406984359
 20
-15.66364572782595
 30
0.0
 11
1185.658562589973
 21
-15.66364572782595
 31
0.0
  0
ARC
  5
79F5
330
203
100
AcDbEntity
  8
0
100
AcDbCircle
 10
1186.584431396573
 20
-14.81009233723307
 30
0.0
 40
0.9999999999999812
100
AcDbArc
 50
252.023738220798
 51
17.9762617791729
  0
ARC
  5
79F6
330
203
100
AcDbEntity
  8
0
100
AcDbCircle
 10
1189.437984787166
 20
-13.88422353063493
 30
0.0
 40
2.0
100
AcDbArc
 50
180.0
 51
197.9762617791728
  0
ARC
  5
79F7
330
203
100
AcDbEntity
  8
0
100
AcDbCircle
 10
1185.658562589973
 20
-17.66364572782595
 30
0.0
 40
2.0
100
AcDbArc
 50
72.02373822079795
 51
90.0
  0
ARC
  5
79F8
330
203
100
AcDbEntity
  8
0
100
AcDbCircle
 10
1174.29153817776
 20
-14.81009233723194
 30
0.0
 40
0.9999999999999812
100
AcDbArc
 50
162.023738220804
 51
287.9762617791745
  0
ARC
  5
79F9
330
203
100
AcDbEntity
  8
0
100
AcDbCircle
 10
1175.217406984359
 20
-17.66364572782504
 30
0.0
 40
2.0
100
AcDbArc
 50
90.0
 51
107.9762617791746
  0
ARC
  5
79FA
330
203
100
AcDbEntity
  8
0
100
AcDbCircle
 10
1171.437984787168
 20
-13.88422353063197
 30
0.0
 40
2.0
100
AcDbArc
 50
342.023738220804
 51
0.0
  0
ARC
  5
79FB
330
203
100
AcDbEntity
  8
0
100
AcDbCircle
 10
1174.291538177761
 20
-2.51719911841883
 30
0.0
 40
0.9999999999999812
100
AcDbArc
 50
72.02373822079795
 51
197.9762617791728
  0
ARC
  5
79FC
330
203
100
AcDbEntity
  8
0
100
AcDbCircle
 10
1171.437984787168
 20
-3.443067925016976
 30
0.0
 40
2.0
100
AcDbArc
 50
0.0
 51
17.9762617791729
  0
ARC
  5
79FD
330
203
100
AcDbEntity
  8
0
100
AcDbCircle
 10
1175.21740698436
 20
0.3363542721740487
 30
0.0
 40
2.0
100
AcDbArc
 50
252.023738220798
 51
270.0
  0
ARC
  5
79FE
330
203
100
AcDbEntity
  8
0
100
AcDbCircle
 10
1186.584431396573
 20
-2.517199118419967
 30
0.0
 40
0.9999999999999812
100
AcDbArc
 50
342.0237382208126
 51
107.9762617792021
  0
ARC
  5
79FF
330
203
100
AcDbEntity
  8
0
100
AcDbCircle
 10
1185.658562589975
 20
0.3363542721729118
 30
0.0
 40
2.0
100
AcDbArc
 50
270.0
 51
287.976261779202
  0
ARC
  5
7A00
330
203
100
AcDbEntity
  8
0
100
AcDbCircle
 10
1189.437984787167
 20
-3.443067925018113
 30
0.0
 40
2.0
100
AcDbArc
 50
162.0237382208125
 51
180.0000000000261
  0
LINE
  5
7A01
330
203
100
AcDbEntity
  8
0
100
AcDbLine
 10
1194.27740698436
 20
-1.663645727825951
 30
0.0
 11
1204.718562589975
 21
-1.663645727827088
 31
0.0
  0
LINE
  5
7A02
330
203
100
AcDbEntity
  8
0
100
AcDbLine
 10
1192.497984787167
 20
-3.443067925016976
 30
0.0
 11
1192.497984787167
 21
-13.88422353063197
 31
0.0
  0
LINE
  5
7A03
330
203
100
AcDbEntity
  8
0
100
AcDbLine
 10
1206.497984787168
 20
-3.443067925018113
 30
0.0
 11
1206.497984787165
 21
-13.88422353063493
 31
0.0
  0
LINE
  5
7A04
330
203
100
AcDbEntity
  8
0
100
AcDbLine
 10
1194.277406984359
 20
-15.66364572782595
 30
0.0
 11
1204.718562589973
 21
-15.66364572782595
 31
0.0
  0
ARC
  5
7A05
330
203
100
AcDbEntity
  8
0
100
AcDbCircle
 10
1205.644431396573
 20
-14.81009233723307
 30
0.0
 40
0.9999999999999812
100
AcDbArc
 50
252.023738220798
 51
17.9762617791729
  0
ARC
  5
7A06
330
203
100
AcDbEntity
  8
0
100
AcDbCircle
 10
1208.497984787165
 20
-13.88422353063493
 30
0.0
 40
2.0
100
AcDbArc
 50
180.0
 51
197.976261779172
  0
ARC
  5
7A07
330
203
100
AcDbEntity
  8
0
100
AcDbCircle
 10
1204.718562589973
 20
-17.66364572782595
 30
0.0
 40
2.0
100
AcDbArc
 50
72.02373822079795
 51
90.0
  0
ARC
  5
7A08
330
203
100
AcDbEntity
  8
0
100
AcDbCircle
 10
1193.35153817776
 20
-14.81009233723194
 30
0.0
 40
0.9999999999999812
100
AcDbArc
 50
162.0237382208044
 51
287.9762617791745
  0
ARC
  5
7A09
330
203
100
AcDbEntity
  8
0
100
AcDbCircle
 10
1194.277406984359
 20
-17.66364572782504
 30
0.0
 40
2.0
100
AcDbArc
 50
90.0
 51
107.9762617791746
  0
ARC
  5
7A0A
330
203
100
AcDbEntity
  8
0
100
AcDbCircle
 10
1190.497984787168
 20
-13.88422353063197
 30
0.0
 40
2.0
100
AcDbArc
 50
342.023738220804
 51
0.0
  0
ARC
  5
7A0B
330
203
100
AcDbEntity
  8
0
100
AcDbCircle
 10
1193.351538177761
 20
-2.51719911841883
 30
0.0
 40
0.9999999999999812
100
AcDbArc
 50
72.02373822079795
 51
197.976261779172
  0
ARC
  5
7A0C
330
203
100
AcDbEntity
  8
0
100
AcDbCircle
 10
1190.497984787168
 20
-3.443067925016976
 30
0.0
 40
2.0
100
AcDbArc
 50
0.0
 51
17.9762617791729
  0
ARC
  5
7A0D
330
203
100
AcDbEntity
  8
0
100
AcDbCircle
 10
1194.27740698436
 20
0.3363542721740487
 30
0.0
 40
2.0
100
AcDbArc
 50
252.023738220798
 51
270.0
  0
ARC
  5
7A0E
330
203
100
AcDbEntity
  8
0
100
AcDbCircle
 10
1205.644431396573
 20
-2.517199118419967
 30
0.0
 40
0.9999999999999812
100
AcDbArc
 50
342.0237382208117
 51
107.9762617792021
  0
ARC
  5
7A0F
330
203
100
AcDbEntity
  8
0
100
AcDbCircle
 10
1204.718562589975
 20
0.3363542721729118
 30
0.0
 40
2.0
100
AcDbArc
 50
270.0
 51
287.976261779202
  0
ARC
  5
7A10
330
203
100
AcDbEntity
  8
0
100
AcDbCircle
 10
1208.497984787167
 20
-3.443067925018113
 30
0.0
 40
2.0
100
AcDbArc
 50
162.0237382208121
 51
180.0000000000261
  0
LINE
  5
7DC6
330
203
100
AcDbEntity
  8
0
100
AcDbLine
 10
970.4299069843598
 20
-20.71364572782593
 30
0.0
 11
980.871062589975
 21
-20.71364572782707
 31
0.0
  0
LINE
  5
7DC7
330
203
100
AcDbEntity
  8
0
100
AcDbLine
 10
968.6504847871668
 20
-22.49306792501696
 30
0.0
 11
968.6504847871668
 21
-32.93422353063195
 31
0.0
  0
LINE
  5
7DC8
330
203
100
AcDbEntity
  8
0
100
AcDbLine
 10
982.6504847871681
 20
-22.4930679250181
 30
0.0
 11
982.6504847871654
 21
-32.93422353063491
 31
0.0
  0
LINE
  5
7DC9
330
203
100
AcDbEntity
  8
0
100
AcDbLine
 10
970.4299069843585
 20
-34.71364572782593
 30
0.0
 11
980.8710625899728
 21
-34.71364572782593
 31
0.0
  0
ARC
  5
7DCA
330
203
100
AcDbEntity
  8
0
100
AcDbCircle
 10
981.796931396573
 20
-33.86009233723306
 30
0.0
 40
0.9999999999999812
100
AcDbArc
 50
252.023738220798
 51
17.9762617791733
  0
ARC
  5
7DCB
330
203
100
AcDbEntity
  8
0
100
AcDbCircle
 10
984.6504847871654
 20
-32.93422353063491
 30
0.0
 40
2.0
100
AcDbArc
 50
180.0
 51
197.9762617791732
  0
ARC
  5
7DCC
330
203
100
AcDbEntity
  8
0
100
AcDbCircle
 10
980.8710625899728
 20
-36.71364572782593
 30
0.0
 40
2.0
100
AcDbArc
 50
72.02373822079797
 51
90.0
  0
ARC
  5
7DCD
330
203
100
AcDbEntity
  8
0
100
AcDbCircle
 10
969.5040381777601
 20
-33.86009233723192
 30
0.0
 40
0.9999999999999812
100
AcDbArc
 50
162.0237382208044
 51
287.9762617791746
  0
ARC
  5
7DCE
330
203
100
AcDbEntity
  8
0
100
AcDbCircle
 10
970.4299069843585
 20
-36.71364572782502
 30
0.0
 40
2.0
100
AcDbArc
 50
90.0
 51
107.9762617791746
  0
ARC
  5
7DCF
330
203
100
AcDbEntity
  8
0
100
AcDbCircle
 10
966.6504847871681
 20
-32.93422353063195
 30
0.0
 40
2.0
100
AcDbArc
 50
342.0237382208043
 51
0.0
  0
ARC
  5
7DD0
330
203
100
AcDbEntity
  8
0
100
AcDbCircle
 10
969.5040381777605
 20
-21.56719911841881
 30
0.0
 40
0.9999999999999812
100
AcDbArc
 50
72.02373822079797
 51
197.9762617791732
  0
ARC
  5
7DD1
330
203
100
AcDbEntity
  8
0
100
AcDbCircle
 10
966.6504847871681
 20
-22.49306792501696
 30
0.0
 40
2.0
100
AcDbArc
 50
0.0
 51
17.9762617791733
  0
ARC
  5
7DD2
330
203
100
AcDbEntity
  8
0
100
AcDbCircle
 10
970.4299069843598
 20
-18.71364572782593
 30
0.0
 40
2.0
100
AcDbArc
 50
252.023738220798
 51
270.0
  0
ARC
  5
7DD3
330
203
100
AcDbEntity
  8
0
100
AcDbCircle
 10
981.796931396573
 20
-21.56719911841995
 30
0.0
 40
0.9999999999999812
100
AcDbArc
 50
342.0237382208119
 51
107.976261779202
  0
ARC
  5
7DD4
330
203
100
AcDbEntity
  8
0
100
AcDbCircle
 10
980.871062589975
 20
-18.71364572782707
 30
0.0
 40
2.0
100
AcDbArc
 50
270.0
 51
287.976261779202
  0
ARC
  5
7DD5
330
203
100
AcDbEntity
  8
0
100
AcDbCircle
 10
984.6504847871668
 20
-22.4930679250181
 30
0.0
 40
2.0
100
AcDbArc
 50
162.0237382208119
 51
180.0000000000261
  0
LINE
  5
7F5A
330
203
100
AcDbEntity
  8
0
100
AcDbLine
 10
994.2424069843598
 20
-20.71364572782593
 30
0.0
 11
1004.683562589975
 21
-20.71364572782707
 31
0.0
  0
LINE
  5
7F5B
330
203
100
AcDbEntity
  8
0
100
AcDbLine
 10
992.4629847871668
 20
-22.49306792501696
 30
0.0
 11
992.4629847871668
 21
-32.93422353063195
 31
0.0
  0
LINE
  5
7F5C
330
203
100
AcDbEntity
  8
0
100
AcDbLine
 10
1006.462984787168
 20
-22.4930679250181
 30
0.0
 11
1006.462984787165
 21
-32.93422353063491
 31
0.0
  0
LINE
  5
7F5D
330
203
100
AcDbEntity
  8
0
100
AcDbLine
 10
994.2424069843585
 20
-34.71364572782593
 30
0.0
 11
1004.683562589973
 21
-34.71364572782593
 31
0.0
  0
ARC
  5
7F5E
330
203
100
AcDbEntity
  8
0
100
AcDbCircle
 10
1005.609431396573
 20
-33.86009233723306
 30
0.0
 40
0.9999999999999812
100
AcDbArc
 50
252.023738220798
 51
17.97626177917272
  0
ARC
  5
7F5F
330
203
100
AcDbEntity
  8
0
100
AcDbCircle
 10
1008.462984787165
 20
-32.93422353063491
 30
0.0
 40
2.0
100
AcDbArc
 50
180.0
 51
197.9762617791727
  0
ARC
  5
7F60
330
203
100
AcDbEntity
  8
0
100
AcDbCircle
 10
1004.683562589973
 20
-36.71364572782593
 30
0.0
 40
2.0
100
AcDbArc
 50
72.02373822079795
 51
90.0
  0
ARC
  5
7F61
330
203
100
AcDbEntity
  8
0
100
AcDbCircle
 10
993.3165381777601
 20
-33.86009233723192
 30
0.0
 40
0.9999999999999812
100
AcDbArc
 50
162.0237382208039
 51
287.9762617791745
  0
ARC
  5
7F62
330
203
100
AcDbEntity
  8
0
100
AcDbCircle
 10
994.2424069843585
 20
-36.71364572782502
 30
0.0
 40
2.0
100
AcDbArc
 50
90.0
 51
107.9762617791745
  0
ARC
  5
7F63
330
203
100
AcDbEntity
  8
0
100
AcDbCircle
 10
990.4629847871681
 20
-32.93422353063195
 30
0.0
 40
2.0
100
AcDbArc
 50
342.0237382208039
 51
0.0
  0
ARC
  5
7F64
330
203
100
AcDbEntity
  8
0
100
AcDbCircle
 10
993.3165381777605
 20
-21.56719911841881
 30
0.0
 40
0.9999999999999812
100
AcDbArc
 50
72.02373822079795
 51
197.9762617791727
  0
ARC
  5
7F65
330
203
100
AcDbEntity
  8
0
100
AcDbCircle
 10
990.4629847871681
 20
-22.49306792501696
 30
0.0
 40
2.0
100
AcDbArc
 50
0.0
 51
17.97626177917272
  0
ARC
  5
7F66
330
203
100
AcDbEntity
  8
0
100
AcDbCircle
 10
994.2424069843598
 20
-18.71364572782593
 30
0.0
 40
2.0
100
AcDbArc
 50
252.023738220798
 51
270.0
  0
ARC
  5
7F67
330
203
100
AcDbEntity
  8
0
100
AcDbCircle
 10
1005.609431396573
 20
-21.56719911841995
 30
0.0
 40
0.9999999999999812
100
AcDbArc
 50
342.0237382208126
 51
107.9762617792021
  0
ARC
  5
7F68
330
203
100
AcDbEntity
  8
0
100
AcDbCircle
 10
1004.683562589975
 20
-18.71364572782707
 30
0.0
 40
2.0
100
AcDbArc
 50
270.0
 51
287.976261779202
  0
ARC
  5
7F69
330
203
100
AcDbEntity
  8
0
100
AcDbCircle
 10
1008.462984787167
 20
-22.4930679250181
 30
0.0
 40
2.0
100
AcDbArc
 50
162.0237382208126
 51
180.0000000000261
  0
LINE
  5
7F6A
330
203
100
AcDbEntity
  8
0
100
AcDbLine
 10
1013.30240698436
 20
-20.71364572782593
 30
0.0
 11
1023.743562589975
 21
-20.71364572782707
 31
0.0
  0
LINE
  5
7F6B
330
203
100
AcDbEntity
  8
0
100
AcDbLine
 10
1011.522984787167
 20
-22.49306792501696
 30
0.0
 11
1011.522984787167
 21
-32.93422353063195
 31
0.0
  0
LINE
  5
7F6C
330
203
100
AcDbEntity
  8
0
100
AcDbLine
 10
1025.522984787168
 20
-22.4930679250181
 30
0.0
 11
1025.522984787165
 21
-32.93422353063491
 31
0.0
  0
LINE
  5
7F6D
330
203
100
AcDbEntity
  8
0
100
AcDbLine
 10
1013.302406984358
 20
-34.71364572782593
 30
0.0
 11
1023.743562589973
 21
-34.71364572782593
 31
0.0
  0
ARC
  5
7F6E
330
203
100
AcDbEntity
  8
0
100
AcDbCircle
 10
1024.669431396573
 20
-33.86009233723306
 30
0.0
 40
0.9999999999999812
100
AcDbArc
 50
252.023738220798
 51
17.97626177917272
  0
ARC
  5
7F6F
330
203
100
AcDbEntity
  8
0
100
AcDbCircle
 10
1027.522984787165
 20
-32.93422353063491
 30
0.0
 40
2.0
100
AcDbArc
 50
180.0
 51
197.9762617791727
  0
ARC
  5
7F70
330
203
100
AcDbEntity
  8
0
100
AcDbCircle
 10
1023.743562589973
 20
-36.71364572782593
 30
0.0
 40
2.0
100
AcDbArc
 50
72.02373822079795
 51
90.0
  0
ARC
  5
7F71
330
203
100
AcDbEntity
  8
0
100
AcDbCircle
 10
1012.37653817776
 20
-33.86009233723192
 30
0.0
 40
0.9999999999999812
100
AcDbArc
 50
162.0237382208039
 51
287.9762617791745
  0
ARC
  5
7F72
330
203
100
AcDbEntity
  8
0
100
AcDbCircle
 10
1013.302406984358
 20
-36.71364572782502
 30
0.0
 40
2.0
100
AcDbArc
 50
90.0
 51
107.9762617791745
  0
ARC
  5
7F73
330
203
100
AcDbEntity
  8
0
100
AcDbCircle
 10
1009.522984787168
 20
-32.93422353063195
 30
0.0
 40
2.0
100
AcDbArc
 50
342.0237382208039
 51
0.0
  0
ARC
  5
7F74
330
203
100
AcDbEntity
  8
0
100
AcDbCircle
 10
1012.37653817776
 20
-21.56719911841881
 30
0.0
 40
0.9999999999999812
100
AcDbArc
 50
72.02373822079795
 51
197.9762617791727
  0
ARC
  5
7F75
330
203
100
AcDbEntity
  8
0
100
AcDbCircle
 10
1009.522984787168
 20
-22.49306792501696
 30
0.0
 40
2.0
100
AcDbArc
 50
0.0
 51
17.97626177917272
  0
ARC
  5
7F76
330
203
100
AcDbEntity
  8
0
100
AcDbCircle
 10
1013.30240698436
 20
-18.71364572782593
 30
0.0
 40
2.0
100
AcDbArc
 50
252.023738220798
 51
270.0
  0
ARC
  5
7F77
330
203
100
AcDbEntity
  8
0
100
AcDbCircle
 10
1024.669431396573
 20
-21.56719911841995
 30
0.0
 40
0.9999999999999812
100
AcDbArc
 50
342.0237382208119
 51
107.9762617792021
  0
ARC
  5
7F78
330
203
100
AcDbEntity
  8
0
100
AcDbCircle
 10
1023.743562589975
 20
-18.71364572782707
 30
0.0
 40
2.0
100
AcDbArc
 50
270.0
 51
287.976261779202
  0
ARC
  5
7F79
330
203
100
AcDbEntity
  8
0
100
AcDbCircle
 10
1027.522984787167
 20
-22.4930679250181
 30
0.0
 40
2.0
100
AcDbArc
 50
162.0237382208126
 51
180.0000000000261
  0
LINE
  5
7F7A
330
203
100
AcDbEntity
  8
0
100
AcDbLine
 10
1032.35240698436
 20
-20.71364572782593
 30
0.0
 11
1042.793562589975
 21
-20.71364572782707
 31
0.0
  0
LINE
  5
7F7B
330
203
100
AcDbEntity
  8
0
100
AcDbLine
 10
1030.572984787167
 20
-22.49306792501696
 30
0.0
 11
1030.572984787167
 21
-32.93422353063195
 31
0.0
  0
LINE
  5
7F7C
330
203
100
AcDbEntity
  8
0
100
AcDbLine
 10
1044.572984787168
 20
-22.4930679250181
 30
0.0
 11
1044.572984787165
 21
-32.93422353063491
 31
0.0
  0
LINE
  5
7F7D
330
203
100
AcDbEntity
  8
0
100
AcDbLine
 10
1032.352406984358
 20
-34.71364572782593
 30
0.0
 11
1042.793562589973
 21
-34.71364572782593
 31
0.0
  0
ARC
  5
7F7E
330
203
100
AcDbEntity
  8
0
100
AcDbCircle
 10
1043.719431396573
 20
-33.86009233723306
 30
0.0
 40
0.9999999999999812
100
AcDbArc
 50
252.023738220798
 51
17.97626177917272
  0
ARC
  5
7F7F
330
203
100
AcDbEntity
  8
0
100
AcDbCircle
 10
1046.572984787165
 20
-32.93422353063491
 30
0.0
 40
2.0
100
AcDbArc
 50
180.0
 51
197.9762617791727
  0
ARC
  5
7F80
330
203
100
AcDbEntity
  8
0
100
AcDbCircle
 10
1042.793562589973
 20
-36.71364572782593
 30
0.0
 40
2.0
100
AcDbArc
 50
72.02373822079795
 51
90.0
  0
ARC
  5
7F81
330
203
100
AcDbEntity
  8
0
100
AcDbCircle
 10
1031.42653817776
 20
-33.86009233723192
 30
0.0
 40
0.9999999999999812
100
AcDbArc
 50
162.0237382208039
 51
287.9762617791745
  0
ARC
  5
7F82
330
203
100
AcDbEntity
  8
0
100
AcDbCircle
 10
1032.352406984358
 20
-36.71364572782502
 30
0.0
 40
2.0
100
AcDbArc
 50
90.0
 51
107.9762617791745
  0
ARC
  5
7F83
330
203
100
AcDbEntity
  8
0
100
AcDbCircle
 10
1028.572984787168
 20
-32.93422353063195
 30
0.0
 40
2.0
100
AcDbArc
 50
342.0237382208039
 51
0.0
  0
ARC
  5
7F84
330
203
100
AcDbEntity
  8
0
100
AcDbCircle
 10
1031.42653817776
 20
-21.56719911841881
 30
0.0
 40
0.9999999999999812
100
AcDbArc
 50
72.02373822079795
 51
197.9762617791727
  0
ARC
  5
7F85
330
203
100
AcDbEntity
  8
0
100
AcDbCircle
 10
1028.572984787168
 20
-22.49306792501696
 30
0.0
 40
2.0
100
AcDbArc
 50
0.0
 51
17.97626177917272
  0
ARC
  5
7F86
330
203
100
AcDbEntity
  8
0
100
AcDbCircle
 10
1032.35240698436
 20
-18.71364572782593
 30
0.0
 40
2.0
100
AcDbArc
 50
252.023738220798
 51
270.0
  0
ARC
  5
7F87
330
203
100
AcDbEntity
  8
0
100
AcDbCircle
 10
1043.719431396573
 20
-21.56719911841995
 30
0.0
 40
0.9999999999999812
100
AcDbArc
 50
342.0237382208119
 51
107.9762617792021
  0
ARC
  5
7F88
330
203
100
AcDbEntity
  8
0
100
AcDbCircle
 10
1042.793562589975
 20
-18.71364572782707
 30
0.0
 40
2.0
100
AcDbArc
 50
270.0
 51
287.976261779202
  0
ARC
  5
7F89
330
203
100
AcDbEntity
  8
0
100
AcDbCircle
 10
1046.572984787167
 20
-22.4930679250181
 30
0.0
 40
2.0
100
AcDbArc
 50
162.0237382208126
 51
180.0000000000261
  0
LINE
  5
7F8A
330
203
100
AcDbEntity
  8
0
100
AcDbLine
 10
1051.40240698436
 20
-20.71364572782593
 30
0.0
 11
1061.843562589975
 21
-20.71364572782707
 31
0.0
  0
LINE
  5
7F8B
330
203
100
AcDbEntity
  8
0
100
AcDbLine
 10
1049.622984787167
 20
-22.49306792501696
 30
0.0
 11
1049.622984787167
 21
-32.93422353063195
 31
0.0
  0
LINE
  5
7F8C
330
203
100
AcDbEntity
  8
0
100
AcDbLine
 10
1063.622984787168
 20
-22.4930679250181
 30
0.0
 11
1063.622984787165
 21
-32.93422353063491
 31
0.0
  0
LINE
  5
7F8D
330
203
100
AcDbEntity
  8
0
100
AcDbLine
 10
1051.402406984358
 20
-34.71364572782593
 30
0.0
 11
1061.843562589973
 21
-34.71364572782593
 31
0.0
  0
ARC
  5
7F8E
330
203
100
AcDbEntity
  8
0
100
AcDbCircle
 10
1062.769431396573
 20
-33.86009233723306
 30
0.0
 40
0.9999999999999812
100
AcDbArc
 50
252.023738220798
 51
17.97626177917272
  0
ARC
  5
7F8F
330
203
100
AcDbEntity
  8
0
100
AcDbCircle
 10
1065.622984787165
 20
-32.93422353063491
 30
0.0
 40
2.0
100
AcDbArc
 50
180.0
 51
197.9762617791719
  0
ARC
  5
7F90
330
203
100
AcDbEntity
  8
0
100
AcDbCircle
 10
1061.843562589973
 20
-36.71364572782593
 30
0.0
 40
2.0
100
AcDbArc
 50
72.02373822079795
 51
90.0
  0
ARC
  5
7F91
330
203
100
AcDbEntity
  8
0
100
AcDbCircle
 10
1050.47653817776
 20
-33.86009233723192
 30
0.0
 40
0.9999999999999812
100
AcDbArc
 50
162.0237382208039
 51
287.9762617791745
  0
ARC
  5
7F92
330
203
100
AcDbEntity
  8
0
100
AcDbCircle
 10
1051.402406984358
 20
-36.71364572782502
 30
0.0
 40
2.0
100
AcDbArc
 50
90.0
 51
107.9762617791745
  0
ARC
  5
7F93
330
203
100
AcDbEntity
  8
0
100
AcDbCircle
 10
1047.622984787168
 20
-32.93422353063195
 30
0.0
 40
2.0
100
AcDbArc
 50
342.0237382208039
 51
0.0
  0
ARC
  5
7F94
330
203
100
AcDbEntity
  8
0
100
AcDbCircle
 10
1050.47653817776
 20
-21.56719911841881
 30
0.0
 40
0.9999999999999812
100
AcDbArc
 50
72.02373822079795
 51
197.9762617791719
  0
ARC
  5
7F95
330
203
100
AcDbEntity
  8
0
100
AcDbCircle
 10
1047.622984787168
 20
-22.49306792501696
 30
0.0
 40
2.0
100
AcDbArc
 50
0.0
 51
17.97626177917272
  0
ARC
  5
7F96
330
203
100
AcDbEntity
  8
0
100
AcDbCircle
 10
1051.40240698436
 20
-18.71364572782593
 30
0.0
 40
2.0
100
AcDbArc
 50
252.023738220798
 51
270.0
  0
ARC
  5
7F97
330
203
100
AcDbEntity
  8
0
100
AcDbCircle
 10
1062.769431396573
 20
-21.56719911841995
 30
0.0
 40
0.9999999999999812
100
AcDbArc
 50
342.0237382208126
 51
107.9762617792021
  0
ARC
  5
7F98
330
203
100
AcDbEntity
  8
0
100
AcDbCircle
 10
1061.843562589975
 20
-18.71364572782707
 30
0.0
 40
2.0
100
AcDbArc
 50
270.0
 51
287.976261779202
  0
ARC
  5
7F99
330
203
100
AcDbEntity
  8
0
100
AcDbCircle
 10
1065.622984787167
 20
-22.4930679250181
 30
0.0
 40
2.0
100
AcDbArc
 50
162.0237382208126
 51
180.0000000000261
  0
LINE
  5
7F9A
330
203
100
AcDbEntity
  8
0
100
AcDbLine
 10
1070.45240698436
 20
-20.71364572782593
 30
0.0
 11
1080.893562589975
 21
-20.71364572782707
 31
0.0
  0
LINE
  5
7F9B
330
203
100
AcDbEntity
  8
0
100
AcDbLine
 10
1068.672984787167
 20
-22.49306792501696
 30
0.0
 11
1068.672984787167
 21
-32.93422353063195
 31
0.0
  0
LINE
  5
7F9C
330
203
100
AcDbEntity
  8
0
100
AcDbLine
 10
1082.672984787168
 20
-22.4930679250181
 30
0.0
 11
1082.672984787165
 21
-32.93422353063491
 31
0.0
  0
LINE
  5
7F9D
330
203
100
AcDbEntity
  8
0
100
AcDbLine
 10
1070.452406984359
 20
-34.71364572782593
 30
0.0
 11
1080.893562589973
 21
-34.71364572782593
 31
0.0
  0
ARC
  5
7F9E
330
203
100
AcDbEntity
  8
0
100
AcDbCircle
 10
1081.819431396573
 20
-33.86009233723306
 30
0.0
 40
0.9999999999999812
100
AcDbArc
 50
252.023738220798
 51
17.97626177917272
  0
ARC
  5
7F9F
330
203
100
AcDbEntity
  8
0
100
AcDbCircle
 10
1084.672984787165
 20
-32.93422353063491
 30
0.0
 40
2.0
100
AcDbArc
 50
180.0
 51
197.9762617791727
  0
ARC
  5
7FA0
330
203
100
AcDbEntity
  8
0
100
AcDbCircle
 10
1080.893562589973
 20
-36.71364572782593
 30
0.0
 40
2.0
100
AcDbArc
 50
72.02373822079795
 51
90.0
  0
ARC
  5
7FA1
330
203
100
AcDbEntity
  8
0
100
AcDbCircle
 10
1069.52653817776
 20
-33.86009233723192
 30
0.0
 40
0.9999999999999812
100
AcDbArc
 50
162.0237382208039
 51
287.9762617791745
  0
ARC
  5
7FA2
330
203
100
AcDbEntity
  8
0
100
AcDbCircle
 10
1070.452406984359
 20
-36.71364572782502
 30
0.0
 40
2.0
100
AcDbArc
 50
90.0
 51
107.9762617791745
  0
ARC
  5
7FA3
330
203
100
AcDbEntity
  8
0
100
AcDbCircle
 10
1066.672984787168
 20
-32.93422353063195
 30
0.0
 40
2.0
100
AcDbArc
 50
342.0237382208039
 51
0.0
  0
ARC
  5
7FA4
330
203
100
AcDbEntity
  8
0
100
AcDbCircle
 10
1069.526538177761
 20
-21.56719911841881
 30
0.0
 40
0.9999999999999812
100
AcDbArc
 50
72.02373822079795
 51
197.9762617791727
  0
ARC
  5
7FA5
330
203
100
AcDbEntity
  8
0
100
AcDbCircle
 10
1066.672984787168
 20
-22.49306792501696
 30
0.0
 40
2.0
100
AcDbArc
 50
0.0
 51
17.97626177917272
  0
ARC
  5
7FA6
330
203
100
AcDbEntity
  8
0
100
AcDbCircle
 10
1070.45240698436
 20
-18.71364572782593
 30
0.0
 40
2.0
100
AcDbArc
 50
252.023738220798
 51
270.0
  0
ARC
  5
7FA7
330
203
100
AcDbEntity
  8
0
100
AcDbCircle
 10
1081.819431396573
 20
-21.56719911841995
 30
0.0
 40
0.9999999999999812
100
AcDbArc
 50
342.0237382208126
 51
107.9762617792021
  0
ARC
  5
7FA8
330
203
100
AcDbEntity
  8
0
100
AcDbCircle
 10
1080.893562589975
 20
-18.71364572782707
 30
0.0
 40
2.0
100
AcDbArc
 50
270.0
 51
287.976261779202
  0
ARC
  5
7FA9
330
203
100
AcDbEntity
  8
0
100
AcDbCircle
 10
1084.672984787167
 20
-22.4930679250181
 30
0.0
 40
2.0
100
AcDbArc
 50
162.0237382208126
 51
180.0000000000261
  0
LINE
  5
7FAA
330
203
100
AcDbEntity
  8
0
100
AcDbLine
 10
1089.51240698436
 20
-20.71364572782593
 30
0.0
 11
1099.953562589975
 21
-20.71364572782707
 31
0.0
  0
LINE
  5
7FAB
330
203
100
AcDbEntity
  8
0
100
AcDbLine
 10
1087.732984787167
 20
-22.49306792501696
 30
0.0
 11
1087.732984787167
 21
-32.93422353063195
 31
0.0
  0
LINE
  5
7FAC
330
203
100
AcDbEntity
  8
0
100
AcDbLine
 10
1101.732984787168
 20
-22.4930679250181
 30
0.0
 11
1101.732984787165
 21
-32.93422353063491
 31
0.0
  0
LINE
  5
7FAD
330
203
100
AcDbEntity
  8
0
100
AcDbLine
 10
1089.512406984358
 20
-34.71364572782593
 30
0.0
 11
1099.953562589973
 21
-34.71364572782593
 31
0.0
  0
ARC
  5
7FAE
330
203
100
AcDbEntity
  8
0
100
AcDbCircle
 10
1100.879431396573
 20
-33.86009233723306
 30
0.0
 40
0.9999999999999812
100
AcDbArc
 50
252.023738220798
 51
17.97626177917272
  0
ARC
  5
7FAF
330
203
100
AcDbEntity
  8
0
100
AcDbCircle
 10
1103.732984787165
 20
-32.93422353063491
 30
0.0
 40
2.0
100
AcDbArc
 50
180.0
 51
197.9762617791719
  0
ARC
  5
7FB0
330
203
100
AcDbEntity
  8
0
100
AcDbCircle
 10
1099.953562589973
 20
-36.71364572782593
 30
0.0
 40
2.0
100
AcDbArc
 50
72.02373822079795
 51
90.0
  0
ARC
  5
7FB1
330
203
100
AcDbEntity
  8
0
100
AcDbCircle
 10
1088.58653817776
 20
-33.86009233723192
 30
0.0
 40
0.9999999999999812
100
AcDbArc
 50
162.0237382208039
 51
287.9762617791745
  0
ARC
  5
7FB2
330
203
100
AcDbEntity
  8
0
100
AcDbCircle
 10
1089.512406984358
 20
-36.71364572782502
 30
0.0
 40
2.0
100
AcDbArc
 50
90.0
 51
107.9762617791745
  0
ARC
  5
7FB3
330
203
100
AcDbEntity
  8
0
100
AcDbCircle
 10
1085.732984787168
 20
-32.93422353063195
 30
0.0
 40
2.0
100
AcDbArc
 50
342.0237382208039
 51
0.0
  0
ARC
  5
7FB4
330
203
100
AcDbEntity
  8
0
100
AcDbCircle
 10
1088.586538177761
 20
-21.56719911841881
 30
0.0
 40
0.9999999999999812
100
AcDbArc
 50
72.02373822079795
 51
197.9762617791719
  0
ARC
  5
7FB5
330
203
100
AcDbEntity
  8
0
100
AcDbCircle
 10
1085.732984787168
 20
-22.49306792501696
 30
0.0
 40
2.0
100
AcDbArc
 50
0.0
 51
17.97626177917272
  0
ARC
  5
7FB6
330
203
100
AcDbEntity
  8
0
100
AcDbCircle
 10
1089.51240698436
 20
-18.71364572782593
 30
0.0
 40
2.0
100
AcDbArc
 50
252.023738220798
 51
270.0
  0
ARC
  5
7FB7
330
203
100
AcDbEntity
  8
0
100
AcDbCircle
 10
1100.879431396573
 20
-21.56719911841995
 30
0.0
 40
0.9999999999999812
100
AcDbArc
 50
342.0237382208119
 51
107.9762617792021
  0
ARC
  5
7FB8
330
203
100
AcDbEntity
  8
0
100
AcDbCircle
 10
1099.953562589975
 20
-18.71364572782707
 30
0.0
 40
2.0
100
AcDbArc
 50
270.0
 51
287.976261779202
  0
ARC
  5
7FB9
330
203
100
AcDbEntity
  8
0
100
AcDbCircle
 10
1103.732984787167
 20
-22.4930679250181
 30
0.0
 40
2.0
100
AcDbArc
 50
162.0237382208126
 51
180.0000000000261
  0
LINE
  5
7FBA
330
203
100
AcDbEntity
  8
0
100
AcDbLine
 10
1108.56240698436
 20
-20.71364572782593
 30
0.0
 11
1119.003562589975
 21
-20.71364572782707
 31
0.0
  0
LINE
  5
7FBB
330
203
100
AcDbEntity
  8
0
100
AcDbLine
 10
1106.782984787167
 20
-22.49306792501696
 30
0.0
 11
1106.782984787167
 21
-32.93422353063195
 31
0.0
  0
LINE
  5
7FBC
330
203
100
AcDbEntity
  8
0
100
AcDbLine
 10
1120.782984787168
 20
-22.4930679250181
 30
0.0
 11
1120.782984787165
 21
-32.93422353063491
 31
0.0
  0
LINE
  5
7FBD
330
203
100
AcDbEntity
  8
0
100
AcDbLine
 10
1108.562406984358
 20
-34.71364572782593
 30
0.0
 11
1119.003562589973
 21
-34.71364572782593
 31
0.0
  0
ARC
  5
7FBE
330
203
100
AcDbEntity
  8
0
100
AcDbCircle
 10
1119.929431396573
 20
-33.86009233723306
 30
0.0
 40
0.9999999999999812
100
AcDbArc
 50
252.023738220798
 51
17.97626177917272
  0
ARC
  5
7FBF
330
203
100
AcDbEntity
  8
0
100
AcDbCircle
 10
1122.782984787165
 20
-32.93422353063491
 30
0.0
 40
2.0
100
AcDbArc
 50
180.0
 51
197.9762617791719
  0
ARC
  5
7FC0
330
203
100
AcDbEntity
  8
0
100
AcDbCircle
 10
1119.003562589973
 20
-36.71364572782593
 30
0.0
 40
2.0
100
AcDbArc
 50
72.02373822079795
 51
90.0
  0
ARC
  5
7FC1
330
203
100
AcDbEntity
  8
0
100
AcDbCircle
 10
1107.63653817776
 20
-33.86009233723192
 30
0.0
 40
0.9999999999999812
100
AcDbArc
 50
162.0237382208039
 51
287.9762617791745
  0
ARC
  5
7FC2
330
203
100
AcDbEntity
  8
0
100
AcDbCircle
 10
1108.562406984358
 20
-36.71364572782502
 30
0.0
 40
2.0
100
AcDbArc
 50
90.0
 51
107.9762617791745
  0
ARC
  5
7FC3
330
203
100
AcDbEntity
  8
0
100
AcDbCircle
 10
1104.782984787168
 20
-32.93422353063195
 30
0.0
 40
2.0
100
AcDbArc
 50
342.0237382208039
 51
0.0
  0
ARC
  5
7FC4
330
203
100
AcDbEntity
  8
0
100
AcDbCircle
 10
1107.63653817776
 20
-21.56719911841881
 30
0.0
 40
0.9999999999999812
100
AcDbArc
 50
72.02373822079795
 51
197.9762617791719
  0
ARC
  5
7FC5
330
203
100
AcDbEntity
  8
0
100
AcDbCircle
 10
1104.782984787168
 20
-22.49306792501696
 30
0.0
 40
2.0
100
AcDbArc
 50
0.0
 51
17.97626177917272
  0
ARC
  5
7FC6
330
203
100
AcDbEntity
  8
0
100
AcDbCircle
 10
1108.56240698436
 20
-18.71364572782593
 30
0.0
 40
2.0
100
AcDbArc
 50
252.023738220798
 51
270.0
  0
ARC
  5
7FC7
330
203
100
AcDbEntity
  8
0
100
AcDbCircle
 10
1119.929431396573
 20
-21.56719911841995
 30
0.0
 40
0.9999999999999812
100
AcDbArc
 50
342.0237382208119
 51
107.9762617792021
  0
ARC
  5
7FC8
330
203
100
AcDbEntity
  8
0
100
AcDbCircle
 10
1119.003562589975
 20
-18.71364572782707
 30
0.0
 40
2.0
100
AcDbArc
 50
270.0
 51
287.976261779202
  0
ARC
  5
7FC9
330
203
100
AcDbEntity
  8
0
100
AcDbCircle
 10
1122.782984787167
 20
-22.4930679250181
 30
0.0
 40
2.0
100
AcDbArc
 50
162.0237382208126
 51
180.0000000000261
  0
LINE
  5
7FCA
330
203
100
AcDbEntity
  8
0
100
AcDbLine
 10
1146.65240698436
 20
-20.71364572782593
 30
0.0
 11
1157.093562589975
 21
-20.71364572782707
 31
0.0
  0
LINE
  5
7FCB
330
203
100
AcDbEntity
  8
0
100
AcDbLine
 10
1144.872984787167
 20
-22.49306792501696
 30
0.0
 11
1144.872984787167
 21
-32.93422353063195
 31
0.0
  0
LINE
  5
7FCC
330
203
100
AcDbEntity
  8
0
100
AcDbLine
 10
1158.872984787168
 20
-22.4930679250181
 30
0.0
 11
1158.872984787165
 21
-32.93422353063491
 31
0.0
  0
LINE
  5
7FCD
330
203
100
AcDbEntity
  8
0
100
AcDbLine
 10
1146.652406984358
 20
-34.71364572782593
 30
0.0
 11
1157.093562589973
 21
-34.71364572782593
 31
0.0
  0
ARC
  5
7FCE
330
203
100
AcDbEntity
  8
0
100
AcDbCircle
 10
1158.019431396573
 20
-33.86009233723306
 30
0.0
 40
0.9999999999999812
100
AcDbArc
 50
252.023738220798
 51
17.97626177917272
  0
ARC
  5
7FCF
330
203
100
AcDbEntity
  8
0
100
AcDbCircle
 10
1160.872984787165
 20
-32.93422353063491
 30
0.0
 40
2.0
100
AcDbArc
 50
180.0
 51
197.9762617791719
  0
ARC
  5
7FD0
330
203
100
AcDbEntity
  8
0
100
AcDbCircle
 10
1157.093562589973
 20
-36.71364572782593
 30
0.0
 40
2.0
100
AcDbArc
 50
72.02373822079795
 51
90.0
  0
ARC
  5
7FD1
330
203
100
AcDbEntity
  8
0
100
AcDbCircle
 10
1145.72653817776
 20
-33.86009233723192
 30
0.0
 40
0.9999999999999812
100
AcDbArc
 50
162.0237382208031
 51
287.9762617791745
  0
ARC
  5
7FD2
330
203
100
AcDbEntity
  8
0
100
AcDbCircle
 10
1146.652406984358
 20
-36.71364572782502
 30
0.0
 40
2.0
100
AcDbArc
 50
90.0
 51
107.9762617791745
  0
ARC
  5
7FD3
330
203
100
AcDbEntity
  8
0
100
AcDbCircle
 10
1142.872984787168
 20
-32.93422353063195
 30
0.0
 40
2.0
100
AcDbArc
 50
342.0237382208031
 51
0.0
  0
ARC
  5
7FD4
330
203
100
AcDbEntity
  8
0
100
AcDbCircle
 10
1145.72653817776
 20
-21.56719911841881
 30
0.0
 40
0.9999999999999812
100
AcDbArc
 50
72.02373822079795
 51
197.9762617791719
  0
ARC
  5
7FD5
330
203
100
AcDbEntity
  8
0
100
AcDbCircle
 10
1142.872984787168
 20
-22.49306792501696
 30
0.0
 40
2.0
100
AcDbArc
 50
0.0
 51
17.97626177917272
  0
ARC
  5
7FD6
330
203
100
AcDbEntity
  8
0
100
AcDbCircle
 10
1146.65240698436
 20
-18.71364572782593
 30
0.0
 40
2.0
100
AcDbArc
 50
252.023738220798
 51
270.0
  0
ARC
  5
7FD7
330
203
100
AcDbEntity
  8
0
100
AcDbCircle
 10
1158.019431396573
 20
-21.56719911841995
 30
0.0
 40
0.9999999999999812
100
AcDbArc
 50
342.0237382208126
 51
107.9762617792021
  0
ARC
  5
7FD8
330
203
100
AcDbEntity
  8
0
100
AcDbCircle
 10
1157.093562589975
 20
-18.71364572782707
 30
0.0
 40
2.0
100
AcDbArc
 50
270.0
 51
287.976261779202
  0
ARC
  5
7FD9
330
203
100
AcDbEntity
  8
0
100
AcDbCircle
 10
1160.872984787167
 20
-22.4930679250181
 30
0.0
 40
2.0
100
AcDbArc
 50
162.0237382208134
 51
180.0000000000261
  0
LINE
  5
7FDA
330
203
100
AcDbEntity
  8
0
100
AcDbLine
 10
1165.70240698436
 20
-20.71364572782593
 30
0.0
 11
1176.143562589975
 21
-20.71364572782707
 31
0.0
  0
LINE
  5
7FDB
330
203
100
AcDbEntity
  8
0
100
AcDbLine
 10
1163.922984787167
 20
-22.49306792501696
 30
0.0
 11
1163.922984787167
 21
-32.93422353063195
 31
0.0
  0
LINE
  5
7FDC
330
203
100
AcDbEntity
  8
0
100
AcDbLine
 10
1177.922984787168
 20
-22.4930679250181
 30
0.0
 11
1177.922984787165
 21
-32.93422353063491
 31
0.0
  0
LINE
  5
7FDD
330
203
100
AcDbEntity
  8
0
100
AcDbLine
 10
1165.702406984358
 20
-34.71364572782593
 30
0.0
 11
1176.143562589973
 21
-34.71364572782593
 31
0.0
  0
ARC
  5
7FDE
330
203
100
AcDbEntity
  8
0
100
AcDbCircle
 10
1177.069431396573
 20
-33.86009233723306
 30
0.0
 40
0.9999999999999812
100
AcDbArc
 50
252.023738220798
 51
17.97626177917272
  0
ARC
  5
7FDF
330
203
100
AcDbEntity
  8
0
100
AcDbCircle
 10
1179.922984787165
 20
-32.93422353063491
 30
0.0
 40
2.0
100
AcDbArc
 50
180.0
 51
197.9762617791719
  0
ARC
  5
7FE0
330
203
100
AcDbEntity
  8
0
100
AcDbCircle
 10
1176.143562589973
 20
-36.71364572782593
 30
0.0
 40
2.0
100
AcDbArc
 50
72.02373822079795
 51
90.0
  0
ARC
  5
7FE1
330
203
100
AcDbEntity
  8
0
100
AcDbCircle
 10
1164.77653817776
 20
-33.86009233723192
 30
0.0
 40
0.9999999999999812
100
AcDbArc
 50
162.0237382208031
 51
287.9762617791745
  0
ARC
  5
7FE2
330
203
100
AcDbEntity
  8
0
100
AcDbCircle
 10
1165.702406984358
 20
-36.71364572782502
 30
0.0
 40
2.0
100
AcDbArc
 50
90.0
 51
107.9762617791745
  0
ARC
  5
7FE3
330
203
100
AcDbEntity
  8
0
100
AcDbCircle
 10
1161.922984787168
 20
-32.93422353063195
 30
0.0
 40
2.0
100
AcDbArc
 50
342.0237382208031
 51
0.0
  0
ARC
  5
7FE4
330
203
100
AcDbEntity
  8
0
100
AcDbCircle
 10
1164.77653817776
 20
-21.56719911841881
 30
0.0
 40
0.9999999999999812
100
AcDbArc
 50
72.02373822079795
 51
197.9762617791719
  0
ARC
  5
7FE5
330
203
100
AcDbEntity
  8
0
100
AcDbCircle
 10
1161.922984787168
 20
-22.49306792501696
 30
0.0
 40
2.0
100
AcDbArc
 50
0.0
 51
17.97626177917272
  0
ARC
  5
7FE6
330
203
100
AcDbEntity
  8
0
100
AcDbCircle
 10
1165.70240698436
 20
-18.71364572782593
 30
0.0
 40
2.0
100
AcDbArc
 50
252.023738220798
 51
270.0
  0
ARC
  5
7FE7
330
203
100
AcDbEntity
  8
0
100
AcDbCircle
 10
1177.069431396573
 20
-21.56719911841995
 30
0.0
 40
0.9999999999999812
100
AcDbArc
 50
342.0237382208134
 51
107.9762617792021
  0
ARC
  5
7FE8
330
203
100
AcDbEntity
  8
0
100
AcDbCircle
 10
1176.143562589975
 20
-18.71364572782707
 30
0.0
 40
2.0
100
AcDbArc
 50
270.0
 51
287.976261779202
  0
ARC
  5
7FE9
330
203
100
AcDbEntity
  8
0
100
AcDbCircle
 10
1179.922984787167
 20
-22.4930679250181
 30
0.0
 40
2.0
100
AcDbArc
 50
162.0237382208134
 51
180.0000000000261
  0
LINE
  5
7FEA
330
203
100
AcDbEntity
  8
0
100
AcDbLine
 10
1184.75240698436
 20
-20.71364572782593
 30
0.0
 11
1195.193562589975
 21
-20.71364572782707
 31
0.0
  0
LINE
  5
7FEB
330
203
100
AcDbEntity
  8
0
100
AcDbLine
 10
1182.972984787167
 20
-22.49306792501696
 30
0.0
 11
1182.972984787167
 21
-32.93422353063195
 31
0.0
  0
LINE
  5
7FEC
330
203
100
AcDbEntity
  8
0
100
AcDbLine
 10
1196.972984787168
 20
-22.4930679250181
 30
0.0
 11
1196.972984787165
 21
-32.93422353063491
 31
0.0
  0
LINE
  5
7FED
330
203
100
AcDbEntity
  8
0
100
AcDbLine
 10
1184.752406984358
 20
-34.71364572782593
 30
0.0
 11
1195.193562589973
 21
-34.71364572782593
 31
0.0
  0
ARC
  5
7FEE
330
203
100
AcDbEntity
  8
0
100
AcDbCircle
 10
1196.119431396573
 20
-33.86009233723306
 30
0.0
 40
0.9999999999999812
100
AcDbArc
 50
252.023738220798
 51
17.97626177917272
  0
ARC
  5
7FEF
330
203
100
AcDbEntity
  8
0
100
AcDbCircle
 10
1198.972984787165
 20
-32.93422353063491
 30
0.0
 40
2.0
100
AcDbArc
 50
180.0
 51
197.9762617791719
  0
ARC
  5
7FF0
330
203
100
AcDbEntity
  8
0
100
AcDbCircle
 10
1195.193562589973
 20
-36.71364572782593
 30
0.0
 40
2.0
100
AcDbArc
 50
72.02373822079795
 51
90.0
  0
ARC
  5
7FF1
330
203
100
AcDbEntity
  8
0
100
AcDbCircle
 10
1183.82653817776
 20
-33.86009233723192
 30
0.0
 40
0.9999999999999812
100
AcDbArc
 50
162.0237382208031
 51
287.9762617791745
  0
ARC
  5
7FF2
330
203
100
AcDbEntity
  8
0
100
AcDbCircle
 10
1184.752406984358
 20
-36.71364572782502
 30
0.0
 40
2.0
100
AcDbArc
 50
90.0
 51
107.9762617791745
  0
ARC
  5
7FF3
330
203
100
AcDbEntity
  8
0
100
AcDbCircle
 10
1180.972984787168
 20
-32.93422353063195
 30
0.0
 40
2.0
100
AcDbArc
 50
342.0237382208031
 51
0.0
  0
ARC
  5
7FF4
330
203
100
AcDbEntity
  8
0
100
AcDbCircle
 10
1183.826538177761
 20
-21.56719911841881
 30
0.0
 40
0.9999999999999812
100
AcDbArc
 50
72.02373822079795
 51
197.9762617791719
  0
ARC
  5
7FF5
330
203
100
AcDbEntity
  8
0
100
AcDbCircle
 10
1180.972984787168
 20
-22.49306792501696
 30
0.0
 40
2.0
100
AcDbArc
 50
0.0
 51
17.97626177917272
  0
ARC
  5
7FF6
330
203
100
AcDbEntity
  8
0
100
AcDbCircle
 10
1184.75240698436
 20
-18.71364572782593
 30
0.0
 40
2.0
100
AcDbArc
 50
252.023738220798
 51
270.0
  0
ARC
  5
7FF7
330
203
100
AcDbEntity
  8
0
100
AcDbCircle
 10
1196.119431396573
 20
-21.56719911841995
 30
0.0
 40
0.9999999999999812
100
AcDbArc
 50
342.0237382208134
 51
107.9762617792021
  0
ARC
  5
7FF8
330
203
100
AcDbEntity
  8
0
100
AcDbCircle
 10
1195.193562589975
 20
-18.71364572782707
 30
0.0
 40
2.0
100
AcDbArc
 50
270.0
 51
287.976261779202
  0
ARC
  5
7FF9
330
203
100
AcDbEntity
  8
0
100
AcDbCircle
 10
1198.972984787167
 20
-22.4930679250181
 30
0.0
 40
2.0
100
AcDbArc
 50
162.0237382208134
 51
180.0000000000261
  0
LINE
  5
7FFA
330
203
100
AcDbEntity
  8
0
100
AcDbLine
 10
1203.81240698436
 20
-20.71364572782593
 30
0.0
 11
1214.253562589975
 21
-20.71364572782707
 31
0.0
  0
LINE
  5
7FFB
330
203
100
AcDbEntity
  8
0
100
AcDbLine
 10
1202.032984787167
 20
-22.49306792501696
 30
0.0
 11
1202.032984787167
 21
-32.93422353063195
 31
0.0
  0
LINE
  5
7FFC
330
203
100
AcDbEntity
  8
0
100
AcDbLine
 10
1216.032984787168
 20
-22.4930679250181
 30
0.0
 11
1216.032984787165
 21
-32.93422353063491
 31
0.0
  0
LINE
  5
7FFD
330
203
100
AcDbEntity
  8
0
100
AcDbLine
 10
1203.812406984358
 20
-34.71364572782593
 30
0.0
 11
1214.253562589973
 21
-34.71364572782593
 31
0.0
  0
ARC
  5
7FFE
330
203
100
AcDbEntity
  8
0
100
AcDbCircle
 10
1215.179431396573
 20
-33.86009233723306
 30
0.0
 40
0.9999999999999812
100
AcDbArc
 50
252.023738220798
 51
17.97626177917272
  0
ARC
  5
7FFF
330
203
100
AcDbEntity
  8
0
100
AcDbCircle
 10
1218.032984787165
 20
-32.93422353063491
 30
0.0
 40
2.0
100
AcDbArc
 50
180.0
 51
197.9762617791719
  0
ARC
  5
8000
330
203
100
AcDbEntity
  8
0
100
AcDbCircle
 10
1214.253562589973
 20
-36.71364572782593
 30
0.0
 40
2.0
100
AcDbArc
 50
72.02373822079795
 51
90.0
  0
ARC
  5
8001
330
203
100
AcDbEntity
  8
0
100
AcDbCircle
 10
1202.88653817776
 20
-33.86009233723192
 30
0.0
 40
0.9999999999999812
100
AcDbArc
 50
162.0237382208031
 51
287.9762617791745
  0
ARC
  5
8002
330
203
100
AcDbEntity
  8
0
100
AcDbCircle
 10
1203.812406984358
 20
-36.71364572782502
 30
0.0
 40
2.0
100
AcDbArc
 50
90.0
 51
107.9762617791745
  0
ARC
  5
8003
330
203
100
AcDbEntity
  8
0
100
AcDbCircle
 10
1200.032984787168
 20
-32.93422353063195
 30
0.0
 40
2.0
100
AcDbArc
 50
342.0237382208031
 51
0.0
  0
ARC
  5
8004
330
203
100
AcDbEntity
  8
0
100
AcDbCircle
 10
1202.88653817776
 20
-21.56719911841881
 30
0.0
 40
0.9999999999999812
100
AcDbArc
 50
72.02373822079795
 51
197.9762617791719
  0
ARC
  5
8005
330
203
100
AcDbEntity
  8
0
100
AcDbCircle
 10
1200.032984787168
 20
-22.49306792501696
 30
0.0
 40
2.0
100
AcDbArc
 50
0.0
 51
17.97626177917272
  0
ARC
  5
8006
330
203
100
AcDbEntity
  8
0
100
AcDbCircle
 10
1203.81240698436
 20
-18.71364572782593
 30
0.0
 40
2.0
100
AcDbArc
 50
252.023738220798
 51
270.0
  0
ARC
  5
8007
330
203
100
AcDbEntity
  8
0
100
AcDbCircle
 10
1215.179431396573
 20
-21.56719911841995
 30
0.0
 40
0.9999999999999812
100
AcDbArc
 50
342.0237382208126
 51
107.9762617792021
  0
ARC
  5
8008
330
203
100
AcDbEntity
  8
0
100
AcDbCircle
 10
1214.253562589975
 20
-18.71364572782707
 30
0.0
 40
2.0
100
AcDbArc
 50
270.0
 51
287.976261779202
  0
ARC
  5
8009
330
203
100
AcDbEntity
  8
0
100
AcDbCircle
 10
1218.032984787167
 20
-22.4930679250181
 30
0.0
 40
2.0
100
AcDbArc
 50
162.0237382208134
 51
180.0000000000261
  0
LINE
  5
8020
330
203
100
AcDbEntity
  8
0
100
AcDbLine
 10
1118.06740698436
 20
-1.663645727825951
 30
0.0
 11
1128.508562589975
 21
-1.663645727827088
 31
0.0
  0
LINE
  5
8021
330
203
100
AcDbEntity
  8
0
100
AcDbLine
 10
1116.287984787167
 20
-3.443067925016976
 30
0.0
 11
1116.287984787167
 21
-13.88422353063197
 31
0.0
  0
LINE
  5
8022
330
203
100
AcDbEntity
  8
0
100
AcDbLine
 10
1130.287984787168
 20
-3.443067925018113
 30
0.0
 11
1130.287984787165
 21
-13.88422353063493
 31
0.0
  0
LINE
  5
8023
330
203
100
AcDbEntity
  8
0
100
AcDbLine
 10
1118.067406984359
 20
-15.66364572782595
 30
0.0
 11
1128.508562589973
 21
-15.66364572782595
 31
0.0
  0
ARC
  5
8024
330
203
100
AcDbEntity
  8
0
100
AcDbCircle
 10
1129.434431396573
 20
-14.81009233723307
 30
0.0
 40
0.9999999999999812
100
AcDbArc
 50
252.023738220798
 51
17.9762617791729
  0
ARC
  5
8025
330
203
100
AcDbEntity
  8
0
100
AcDbCircle
 10
1132.287984787165
 20
-13.88422353063493
 30
0.0
 40
2.0
100
AcDbArc
 50
180.0
 51
197.9762617791724
  0
ARC
  5
8026
330
203
100
AcDbEntity
  8
0
100
AcDbCircle
 10
1128.508562589973
 20
-17.66364572782595
 30
0.0
 40
2.0
100
AcDbArc
 50
72.02373822079795
 51
90.0
  0
ARC
  5
8027
330
203
100
AcDbEntity
  8
0
100
AcDbCircle
 10
1117.14153817776
 20
-14.81009233723194
 30
0.0
 40
0.9999999999999812
100
AcDbArc
 50
162.0237382208014
 51
287.9762617791746
  0
ARC
  5
8028
330
203
100
AcDbEntity
  8
0
100
AcDbCircle
 10
1118.067406984359
 20
-17.66364572782504
 30
0.0
 40
2.0
100
AcDbArc
 50
90.0
 51
107.9762617791746
  0
ARC
  5
8029
330
203
100
AcDbEntity
  8
0
100
AcDbCircle
 10
1114.287984787168
 20
-13.88422353063197
 30
0.0
 40
2.0
100
AcDbArc
 50
342.023738220801
 51
0.0
  0
ARC
  5
802A
330
203
100
AcDbEntity
  8
0
100
AcDbCircle
 10
1117.141538177761
 20
-2.51719911841883
 30
0.0
 40
0.9999999999999812
100
AcDbArc
 50
72.02373822079795
 51
197.9762617791724
  0
ARC
  5
802B
330
203
100
AcDbEntity
  8
0
100
AcDbCircle
 10
1114.287984787168
 20
-3.443067925016976
 30
0.0
 40
2.0
100
AcDbArc
 50
0.0
 51
17.9762617791729
  0
ARC
  5
802C
330
203
100
AcDbEntity
  8
0
100
AcDbCircle
 10
1118.06740698436
 20
0.3363542721740487
 30
0.0
 40
2.0
100
AcDbArc
 50
252.023738220798
 51
270.0
  0
ARC
  5
802D
330
203
100
AcDbEntity
  8
0
100
AcDbCircle
 10
1129.434431396573
 20
-2.517199118419967
 30
0.0
 40
0.9999999999999812
100
AcDbArc
 50
342.0237382208147
 51
107.9762617792021
  0
ARC
  5
802E
330
203
100
AcDbEntity
  8
0
100
AcDbCircle
 10
1128.508562589975
 20
0.3363542721729118
 30
0.0
 40
2.0
100
AcDbArc
 50
270.0
 51
287.976261779202
  0
ARC
  5
802F
330
203
100
AcDbEntity
  8
0
100
AcDbCircle
 10
1132.287984787167
 20
-3.443067925018113
 30
0.0
 40
2.0
100
AcDbArc
 50
162.0237382208151
 51
180.0000000000261
  0
LINE
  5
8066
330
203
100
AcDbEntity
  8
0
100
AcDbLine
 10
1256.16740698436
 20
-1.663645727825951
 30
0.0
 11
1266.608562589975
 21
-1.663645727827088
 31
0.0
  0
LINE
  5
8067
330
203
100
AcDbEntity
  8
0
100
AcDbLine
 10
1254.387984787167
 20
-3.443067925016976
 30
0.0
 11
1254.387984787167
 21
-13.88422353063197
 31
0.0
  0
LINE
  5
8068
330
203
100
AcDbEntity
  8
0
100
AcDbLine
 10
1268.387984787168
 20
-3.443067925018113
 30
0.0
 11
1268.387984787165
 21
-13.88422353063493
 31
0.0
  0
LINE
  5
8069
330
203
100
AcDbEntity
  8
0
100
AcDbLine
 10
1256.167406984358
 20
-15.66364572782595
 30
0.0
 11
1266.608562589973
 21
-15.66364572782595
 31
0.0
  0
ARC
  5
806A
330
203
100
AcDbEntity
  8
0
100
AcDbCircle
 10
1267.534431396573
 20
-14.81009233723307
 30
0.0
 40
0.9999999999999812
100
AcDbArc
 50
252.023738220798
 51
17.97626177917251
  0
ARC
  5
806B
330
203
100
AcDbEntity
  8
0
100
AcDbCircle
 10
1270.387984787165
 20
-13.88422353063493
 30
0.0
 40
2.0
100
AcDbArc
 50
180.0
 51
197.9762617791723
  0
ARC
  5
806C
330
203
100
AcDbEntity
  8
0
100
AcDbCircle
 10
1266.608562589973
 20
-17.66364572782595
 30
0.0
 40
2.0
100
AcDbArc
 50
72.02373822079798
 51
90.0
  0
ARC
  5
806D
330
203
100
AcDbEntity
  8
0
100
AcDbCircle
 10
1255.24153817776
 20
-14.81009233723194
 30
0.0
 40
0.9999999999999812
100
AcDbArc
 50
162.0237382207977
 51
287.9762617791746
  0
ARC
  5
806E
330
203
100
AcDbEntity
  8
0
100
AcDbCircle
 10
1256.167406984358
 20
-17.66364572782504
 30
0.0
 40
2.0
100
AcDbArc
 50
90.0
 51
107.9762617791746
  0
ARC
  5
806F
330
203
100
AcDbEntity
  8
0
100
AcDbCircle
 10
1252.387984787168
 20
-13.88422353063197
 30
0.0
 40
2.0
100
AcDbArc
 50
342.0237382207977
 51
0.0
  0
ARC
  5
8070
330
203
100
AcDbEntity
  8
0
100
AcDbCircle
 10
1255.241538177761
 20
-2.51719911841883
 30
0.0
 40
0.9999999999999812
100
AcDbArc
 50
72.02373822079798
 51
197.9762617791723
  0
ARC
  5
8071
330
203
100
AcDbEntity
  8
0
100
AcDbCircle
 10
1252.387984787168
 20
-3.443067925016976
 30
0.0
 40
2.0
100
AcDbArc
 50
0.0
 51
17.97626177917251
  0
ARC
  5
8072
330
203
100
AcDbEntity
  8
0
100
AcDbCircle
 10
1256.16740698436
 20
0.3363542721740487
 30
0.0
 40
2.0
100
AcDbArc
 50
252.023738220798
 51
270.0
  0
ARC
  5
8073
330
203
100
AcDbEntity
  8
0
100
AcDbCircle
 10
1267.534431396573
 20
-2.517199118419967
 30
0.0
 40
0.9999999999999812
100
AcDbArc
 50
342.0237382208184
 51
107.976261779202
  0
ARC
  5
8074
330
203
100
AcDbEntity
  8
0
100
AcDbCircle
 10
1266.608562589975
 20
0.3363542721729118
 30
0.0
 40
2.0
100
AcDbArc
 50
270.0
 51
287.976261779202
  0
ARC
  5
8075
330
203
100
AcDbEntity
  8
0
100
AcDbCircle
 10
1270.387984787167
 20
-3.443067925018113
 30
0.0
 40
2.0
100
AcDbArc
 50
162.0237382208187
 51
180.000000000026
  0
LINE
  5
8076
330
203
100
AcDbEntity
  8
0
100
AcDbLine
 10
1275.22740698436
 20
-1.663645727825951
 30
0.0
 11
1285.668562589975
 21
-1.663645727827088
 31
0.0
  0
LINE
  5
8077
330
203
100
AcDbEntity
  8
0
100
AcDbLine
 10
1273.447984787167
 20
-3.443067925016976
 30
0.0
 11
1273.447984787167
 21
-13.88422353063197
 31
0.0
  0
LINE
  5
8078
330
203
100
AcDbEntity
  8
0
100
AcDbLine
 10
1287.447984787168
 20
-3.443067925018113
 30
0.0
 11
1287.447984787166
 21
-13.88422353063493
 31
0.0
  0
LINE
  5
8079
330
203
100
AcDbEntity
  8
0
100
AcDbLine
 10
1275.227406984359
 20
-15.66364572782595
 30
0.0
 11
1285.668562589973
 21
-15.66364572782595
 31
0.0
  0
ARC
  5
807A
330
203
100
AcDbEntity
  8
0
100
AcDbCircle
 10
1286.594431396573
 20
-14.81009233723307
 30
0.0
 40
0.9999999999999812
100
AcDbArc
 50
252.023738220798
 51
17.97626177917192
  0
ARC
  5
807B
330
203
100
AcDbEntity
  8
0
100
AcDbCircle
 10
1289.447984787166
 20
-13.88422353063493
 30
0.0
 40
2.0
100
AcDbArc
 50
180.0
 51
197.9762617791719
  0
ARC
  5
807C
330
203
100
AcDbEntity
  8
0
100
AcDbCircle
 10
1285.668562589973
 20
-17.66364572782595
 30
0.0
 40
2.0
100
AcDbArc
 50
72.02373822079798
 51
90.0
  0
ARC
  5
807D
330
203
100
AcDbEntity
  8
0
100
AcDbCircle
 10
1274.30153817776
 20
-14.81009233723194
 30
0.0
 40
0.9999999999999812
100
AcDbArc
 50
162.0237382207982
 51
287.9762617791746
  0
ARC
  5
807E
330
203
100
AcDbEntity
  8
0
100
AcDbCircle
 10
1275.227406984359
 20
-17.66364572782504
 30
0.0
 40
2.0
100
AcDbArc
 50
90.0
 51
107.9762617791746
  0
ARC
  5
807F
330
203
100
AcDbEntity
  8
0
100
AcDbCircle
 10
1271.447984787168
 20
-13.88422353063197
 30
0.0
 40
2.0
100
AcDbArc
 50
342.0237382207981
 51
0.0
  0
ARC
  5
8080
330
203
100
AcDbEntity
  8
0
100
AcDbCircle
 10
1274.301538177761
 20
-2.51719911841883
 30
0.0
 40
0.9999999999999812
100
AcDbArc
 50
72.02373822079798
 51
197.9762617791719
  0
ARC
  5
8081
330
203
100
AcDbEntity
  8
0
100
AcDbCircle
 10
1271.447984787168
 20
-3.443067925016976
 30
0.0
 40
2.0
100
AcDbArc
 50
0.0
 51
17.97626177917192
  0
ARC
  5
8082
330
203
100
AcDbEntity
  8
0
100
AcDbCircle
 10
1275.22740698436
 20
0.3363542721740487
 30
0.0
 40
2.0
100
AcDbArc
 50
252.023738220798
 51
270.0
  0
ARC
  5
8083
330
203
100
AcDbEntity
  8
0
100
AcDbCircle
 10
1286.594431396573
 20
-2.517199118419967
 30
0.0
 40
0.9999999999999812
100
AcDbArc
 50
342.0237382208182
 51
107.976261779202
  0
ARC
  5
8084
330
203
100
AcDbEntity
  8
0
100
AcDbCircle
 10
1285.668562589975
 20
0.3363542721729118
 30
0.0
 40
2.0
100
AcDbArc
 50
270.0
 51
287.976261779202
  0
ARC
  5
8085
330
203
100
AcDbEntity
  8
0
100
AcDbCircle
 10
1289.447984787167
 20
-3.443067925018113
 30
0.0
 40
2.0
100
AcDbArc
 50
162.0237382208182
 51
180.000000000026
  0
LINE
  5
8086
330
203
100
AcDbEntity
  8
0
100
AcDbLine
 10
1294.27740698436
 20
-1.663645727825951
 30
0.0
 11
1304.718562589975
 21
-1.663645727827088
 31
0.0
  0
LINE
  5
8087
330
203
100
AcDbEntity
  8
0
100
AcDbLine
 10
1292.497984787167
 20
-3.443067925016976
 30
0.0
 11
1292.497984787167
 21
-13.88422353063197
 31
0.0
  0
LINE
  5
8088
330
203
100
AcDbEntity
  8
0
100
AcDbLine
 10
1306.497984787168
 20
-3.443067925018113
 30
0.0
 11
1306.497984787165
 21
-13.88422353063493
 31
0.0
  0
LINE
  5
8089
330
203
100
AcDbEntity
  8
0
100
AcDbLine
 10
1294.277406984359
 20
-15.66364572782595
 30
0.0
 11
1304.718562589973
 21
-15.66364572782595
 31
0.0
  0
ARC
  5
808A
330
203
100
AcDbEntity
  8
0
100
AcDbCircle
 10
1305.644431396573
 20
-14.81009233723307
 30
0.0
 40
0.9999999999999812
100
AcDbArc
 50
252.023738220798
 51
17.97626177917192
  0
ARC
  5
808B
330
203
100
AcDbEntity
  8
0
100
AcDbCircle
 10
1308.497984787165
 20
-13.88422353063493
 30
0.0
 40
2.0
100
AcDbArc
 50
180.0
 51
197.9762617791719
  0
ARC
  5
808C
330
203
100
AcDbEntity
  8
0
100
AcDbCircle
 10
1304.718562589973
 20
-17.66364572782595
 30
0.0
 40
2.0
100
AcDbArc
 50
72.02373822079798
 51
90.0
  0
ARC
  5
808D
330
203
100
AcDbEntity
  8
0
100
AcDbCircle
 10
1293.35153817776
 20
-14.81009233723194
 30
0.0
 40
0.9999999999999812
100
AcDbArc
 50
162.0237382207982
 51
287.9762617791746
  0
ARC
  5
808E
330
203
100
AcDbEntity
  8
0
100
AcDbCircle
 10
1294.277406984359
 20
-17.66364572782504
 30
0.0
 40
2.0
100
AcDbArc
 50
90.0
 51
107.9762617791746
  0
ARC
  5
808F
330
203
100
AcDbEntity
  8
0
100
AcDbCircle
 10
1290.497984787168
 20
-13.88422353063197
 30
0.0
 40
2.0
100
AcDbArc
 50
342.0237382207981
 51
0.0
  0
ARC
  5
8090
330
203
100
AcDbEntity
  8
0
100
AcDbCircle
 10
1293.351538177761
 20
-2.51719911841883
 30
0.0
 40
0.9999999999999812
100
AcDbArc
 50
72.02373822079798
 51
197.9762617791719
  0
ARC
  5
8091
330
203
100
AcDbEntity
  8
0
100
AcDbCircle
 10
1290.497984787168
 20
-3.443067925016976
 30
0.0
 40
2.0
100
AcDbArc
 50
0.0
 51
17.97626177917192
  0
ARC
  5
8092
330
203
100
AcDbEntity
  8
0
100
AcDbCircle
 10
1294.27740698436
 20
0.3363542721740487
 30
0.0
 40
2.0
100
AcDbArc
 50
252.023738220798
 51
270.0
  0
ARC
  5
8093
330
203
100
AcDbEntity
  8
0
100
AcDbCircle
 10
1305.644431396573
 20
-2.517199118419967
 30
0.0
 40
0.9999999999999812
100
AcDbArc
 50
342.0237382208182
 51
107.976261779202
  0
ARC
  5
8094
330
203
100
AcDbEntity
  8
0
100
AcDbCircle
 10
1304.718562589975
 20
0.3363542721729118
 30
0.0
 40
2.0
100
AcDbArc
 50
270.0
 51
287.976261779202
  0
ARC
  5
8095
330
203
100
AcDbEntity
  8
0
100
AcDbCircle
 10
1308.497984787167
 20
-3.443067925018113
 30
0.0
 40
2.0
100
AcDbArc
 50
162.0237382208182
 51
180.000000000026
  0
LINE
  5
80CC
330
203
100
AcDbEntity
  8
0
100
AcDbLine
 10
1256.16740698436
 20
-20.71364572782593
 30
0.0
 11
1266.608562589975
 21
-20.71364572782707
 31
0.0
  0
LINE
  5
80CD
330
203
100
AcDbEntity
  8
0
100
AcDbLine
 10
1254.387984787167
 20
-22.49306792501696
 30
0.0
 11
1254.387984787167
 21
-32.93422353063195
 31
0.0
  0
LINE
  5
80CE
330
203
100
AcDbEntity
  8
0
100
AcDbLine
 10
1268.387984787168
 20
-22.4930679250181
 30
0.0
 11
1268.387984787165
 21
-32.93422353063491
 31
0.0
  0
LINE
  5
80CF
330
203
100
AcDbEntity
  8
0
100
AcDbLine
 10
1256.167406984358
 20
-34.71364572782593
 30
0.0
 11
1266.608562589973
 21
-34.71364572782593
 31
0.0
  0
ARC
  5
80D0
330
203
100
AcDbEntity
  8
0
100
AcDbCircle
 10
1267.534431396573
 20
-33.86009233723306
 30
0.0
 40
0.9999999999999812
100
AcDbArc
 50
252.023738220798
 51
17.97626177917243
  0
ARC
  5
80D1
330
203
100
AcDbEntity
  8
0
100
AcDbCircle
 10
1270.387984787165
 20
-32.93422353063491
 30
0.0
 40
2.0
100
AcDbArc
 50
180.0
 51
197.9762617791724
  0
ARC
  5
80D2
330
203
100
AcDbEntity
  8
0
100
AcDbCircle
 10
1266.608562589973
 20
-36.71364572782593
 30
0.0
 40
2.0
100
AcDbArc
 50
72.02373822079798
 51
90.0
  0
ARC
  5
80D3
330
203
100
AcDbEntity
  8
0
100
AcDbCircle
 10
1255.24153817776
 20
-33.86009233723192
 30
0.0
 40
0.9999999999999812
100
AcDbArc
 50
162.0237382207977
 51
287.9762617791746
  0
ARC
  5
80D4
330
203
100
AcDbEntity
  8
0
100
AcDbCircle
 10
1256.167406984358
 20
-36.71364572782502
 30
0.0
 40
2.0
100
AcDbArc
 50
90.0
 51
107.9762617791746
  0
ARC
  5
80D5
330
203
100
AcDbEntity
  8
0
100
AcDbCircle
 10
1252.387984787168
 20
-32.93422353063195
 30
0.0
 40
2.0
100
AcDbArc
 50
342.0237382207976
 51
0.0
  0
ARC
  5
80D6
330
203
100
AcDbEntity
  8
0
100
AcDbCircle
 10
1255.241538177761
 20
-21.56719911841881
 30
0.0
 40
0.9999999999999812
100
AcDbArc
 50
72.02373822079798
 51
197.9762617791724
  0
ARC
  5
80D7
330
203
100
AcDbEntity
  8
0
100
AcDbCircle
 10
1252.387984787168
 20
-22.49306792501696
 30
0.0
 40
2.0
100
AcDbArc
 50
0.0
 51
17.97626177917243
  0
ARC
  5
80D8
330
203
100
AcDbEntity
  8
0
100
AcDbCircle
 10
1256.16740698436
 20
-18.71364572782593
 30
0.0
 40
2.0
100
AcDbArc
 50
252.023738220798
 51
270.0
  0
ARC
  5
80D9
330
203
100
AcDbEntity
  8
0
100
AcDbCircle
 10
1267.534431396573
 20
-21.56719911841995
 30
0.0
 40
0.9999999999999812
100
AcDbArc
 50
342.0237382208185
 51
107.976261779202
  0
ARC
  5
80DA
330
203
100
AcDbEntity
  8
0
100
AcDbCircle
 10
1266.608562589975
 20
-18.71364572782707
 30
0.0
 40
2.0
100
AcDbArc
 50
270.0
 51
287.976261779202
  0
ARC
  5
80DB
330
203
100
AcDbEntity
  8
0
100
AcDbCircle
 10
1270.387984787167
 20
-22.4930679250181
 30
0.0
 40
2.0
100
AcDbArc
 50
162.0237382208188
 51
180.0000000000261
  0
LINE
  5
80DC
330
203
100
AcDbEntity
  8
0
100
AcDbLine
 10
1275.22740698436
 20
-20.71364572782593
 30
0.0
 11
1285.668562589975
 21
-20.71364572782707
 31
0.0
  0
LINE
  5
80DD
330
203
100
AcDbEntity
  8
0
100
AcDbLine
 10
1273.447984787167
 20
-22.49306792501696
 30
0.0
 11
1273.447984787167
 21
-32.93422353063195
 31
0.0
  0
LINE
  5
80DE
330
203
100
AcDbEntity
  8
0
100
AcDbLine
 10
1287.447984787168
 20
-22.4930679250181
 30
0.0
 11
1287.447984787166
 21
-32.93422353063491
 31
0.0
  0
LINE
  5
80DF
330
203
100
AcDbEntity
  8
0
100
AcDbLine
 10
1275.227406984359
 20
-34.71364572782593
 30
0.0
 11
1285.668562589973
 21
-34.71364572782593
 31
0.0
  0
ARC
  5
80E0
330
203
100
AcDbEntity
  8
0
100
AcDbCircle
 10
1286.594431396573
 20
-33.86009233723306
 30
0.0
 40
0.9999999999999812
100
AcDbArc
 50
252.023738220798
 51
17.97626177917182
  0
ARC
  5
80E1
330
203
100
AcDbEntity
  8
0
100
AcDbCircle
 10
1289.447984787166
 20
-32.93422353063491
 30
0.0
 40
2.0
100
AcDbArc
 50
180.0
 51
197.9762617791718
  0
ARC
  5
80E2
330
203
100
AcDbEntity
  8
0
100
AcDbCircle
 10
1285.668562589973
 20
-36.71364572782593
 30
0.0
 40
2.0
100
AcDbArc
 50
72.02373822079798
 51
90.0
  0
ARC
  5
80E3
330
203
100
AcDbEntity
  8
0
100
AcDbCircle
 10
1274.30153817776
 20
-33.86009233723192
 30
0.0
 40
0.9999999999999812
100
AcDbArc
 50
162.0237382207982
 51
287.9762617791746
  0
ARC
  5
80E4
330
203
100
AcDbEntity
  8
0
100
AcDbCircle
 10
1275.227406984359
 20
-36.71364572782502
 30
0.0
 40
2.0
100
AcDbArc
 50
90.0
 51
107.9762617791746
  0
ARC
  5
80E5
330
203
100
AcDbEntity
  8
0
100
AcDbCircle
 10
1271.447984787168
 20
-32.93422353063195
 30
0.0
 40
2.0
100
AcDbArc
 50
342.023738220798
 51
0.0
  0
ARC
  5
80E6
330
203
100
AcDbEntity
  8
0
100
AcDbCircle
 10
1274.301538177761
 20
-21.56719911841881
 30
0.0
 40
0.9999999999999812
100
AcDbArc
 50
72.02373822079798
 51
197.9762617791718
  0
ARC
  5
80E7
330
203
100
AcDbEntity
  8
0
100
AcDbCircle
 10
1271.447984787168
 20
-22.49306792501696
 30
0.0
 40
2.0
100
AcDbArc
 50
0.0
 51
17.97626177917182
  0
ARC
  5
80E8
330
203
100
AcDbEntity
  8
0
100
AcDbCircle
 10
1275.22740698436
 20
-18.71364572782593
 30
0.0
 40
2.0
100
AcDbArc
 50
252.023738220798
 51
270.0
  0
ARC
  5
80E9
330
203
100
AcDbEntity
  8
0
100
AcDbCircle
 10
1286.594431396573
 20
-21.56719911841995
 30
0.0
 40
0.9999999999999812
100
AcDbArc
 50
342.0237382208182
 51
107.976261779202
  0
ARC
  5
80EA
330
203
100
AcDbEntity
  8
0
100
AcDbCircle
 10
1285.668562589975
 20
-18.71364572782707
 30
0.0
 40
2.0
100
AcDbArc
 50
270.0
 51
287.976261779202
  0
ARC
  5
80EB
330
203
100
AcDbEntity
  8
0
100
AcDbCircle
 10
1289.447984787167
 20
-22.4930679250181
 30
0.0
 40
2.0
100
AcDbArc
 50
162.0237382208182
 51
180.0000000000261
  0
LINE
  5
80EC
330
203
100
AcDbEntity
  8
0
100
AcDbLine
 10
1294.27740698436
 20
-20.71364572782593
 30
0.0
 11
1304.718562589975
 21
-20.71364572782707
 31
0.0
  0
LINE
  5
80ED
330
203
100
AcDbEntity
  8
0
100
AcDbLine
 10
1292.497984787167
 20
-22.49306792501696
 30
0.0
 11
1292.497984787167
 21
-32.93422353063195
 31
0.0
  0
LINE
  5
80EE
330
203
100
AcDbEntity
  8
0
100
AcDbLine
 10
1306.497984787168
 20
-22.4930679250181
 30
0.0
 11
1306.497984787165
 21
-32.93422353063491
 31
0.0
  0
LINE
  5
80EF
330
203
100
AcDbEntity
  8
0
100
AcDbLine
 10
1294.277406984359
 20
-34.71364572782593
 30
0.0
 11
1304.718562589973
 21
-34.71364572782593
 31
0.0
  0
ARC
  5
80F0
330
203
100
AcDbEntity
  8
0
100
AcDbCircle
 10
1305.644431396573
 20
-33.86009233723306
 30
0.0
 40
0.9999999999999812
100
AcDbArc
 50
252.023738220798
 51
17.97626177917182
  0
ARC
  5
80F1
330
203
100
AcDbEntity
  8
0
100
AcDbCircle
 10
1308.497984787165
 20
-32.93422353063491
 30
0.0
 40
2.0
100
AcDbArc
 50
180.0
 51
197.9762617791718
  0
ARC
  5
80F2
330
203
100
AcDbEntity
  8
0
100
AcDbCircle
 10
1304.718562589973
 20
-36.71364572782593
 30
0.0
 40
2.0
100
AcDbArc
 50
72.02373822079798
 51
90.0
  0
ARC
  5
80F3
330
203
100
AcDbEntity
  8
0
100
AcDbCircle
 10
1293.35153817776
 20
-33.86009233723192
 30
0.0
 40
0.9999999999999812
100
AcDbArc
 50
162.0237382207982
 51
287.9762617791746
  0
ARC
  5
80F4
330
203
100
AcDbEntity
  8
0
100
AcDbCircle
 10
1294.277406984359
 20
-36.71364572782502
 30
0.0
 40
2.0
100
AcDbArc
 50
90.0
 51
107.9762617791746
  0
ARC
  5
80F5
330
203
100
AcDbEntity
  8
0
100
AcDbCircle
 10
1290.497984787168
 20
-32.93422353063195
 30
0.0
 40
2.0
100
AcDbArc
 50
342.023738220798
 51
0.0
  0
ARC
  5
80F6
330
203
100
AcDbEntity
  8
0
100
AcDbCircle
 10
1293.351538177761
 20
-21.56719911841881
 30
0.0
 40
0.9999999999999812
100
AcDbArc
 50
72.02373822079798
 51
197.9762617791718
  0
ARC
  5
80F7
330
203
100
AcDbEntity
  8
0
100
AcDbCircle
 10
1290.497984787168
 20
-22.49306792501696
 30
0.0
 40
2.0
100
AcDbArc
 50
0.0
 51
17.97626177917182
  0
ARC
  5
80F8
330
203
100
AcDbEntity
  8
0
100
AcDbCircle
 10
1294.27740698436
 20
-18.71364572782593
 30
0.0
 40
2.0
100
AcDbArc
 50
252.023738220798
 51
270.0
  0
ARC
  5
80F9
330
203
100
AcDbEntity
  8
0
100
AcDbCircle
 10
1305.644431396573
 20
-21.56719911841995
 30
0.0
 40
0.9999999999999812
100
AcDbArc
 50
342.0237382208182
 51
107.976261779202
  0
ARC
  5
80FA
330
203
100
AcDbEntity
  8
0
100
AcDbCircle
 10
1304.718562589975
 20
-18.71364572782707
 30
0.0
 40
2.0
100
AcDbArc
 50
270.0
 51
287.976261779202
  0
ARC
  5
80FB
330
203
100
AcDbEntity
  8
0
100
AcDbCircle
 10
1308.497984787167
 20
-22.4930679250181
 30
0.0
 40
2.0
100
AcDbArc
 50
162.0237382208182
 51
180.0000000000261
  0
LINE
  5
81A8
330
203
100
AcDbEntity
  8
0
100
AcDbLine
 10
1275.22740698436
 20
-58.82364572782596
 30
0.0
 11
1285.668562589975
 21
-58.8236457278271
 31
0.0
  0
LINE
  5
81A9
330
203
100
AcDbEntity
  8
0
100
AcDbLine
 10
1273.447984787167
 20
-60.60306792501699
 30
0.0
 11
1273.447984787167
 21
-71.04422353063198
 31
0.0
  0
LINE
  5
81AA
330
203
100
AcDbEntity
  8
0
100
AcDbLine
 10
1287.447984787168
 20
-60.60306792501812
 30
0.0
 11
1287.447984787166
 21
-71.04422353063494
 31
0.0
  0
LINE
  5
81AB
330
203
100
AcDbEntity
  8
0
100
AcDbLine
 10
1275.227406984359
 20
-72.82364572782596
 30
0.0
 11
1285.668562589973
 21
-72.82364572782596
 31
0.0
  0
ARC
  5
81AC
330
203
100
AcDbEntity
  8
0
100
AcDbCircle
 10
1286.594431396573
 20
-71.97009233723308
 30
0.0
 40
0.9999999999999812
100
AcDbArc
 50
252.023738220798
 51
17.97626177917175
  0
ARC
  5
81AD
330
203
100
AcDbEntity
  8
0
100
AcDbCircle
 10
1289.447984787166
 20
-71.04422353063494
 30
0.0
 40
2.0
100
AcDbArc
 50
180.0
 51
197.9762617791718
  0
ARC
  5
81AE
330
203
100
AcDbEntity
  8
0
100
AcDbCircle
 10
1285.668562589973
 20
-74.82364572782596
 30
0.0
 40
2.0
100
AcDbArc
 50
72.02373822079801
 51
90.0
  0
ARC
  5
81AF
330
203
100
AcDbEntity
  8
0
100
AcDbCircle
 10
1274.30153817776
 20
-71.97009233723195
 30
0.0
 40
0.9999999999999812
100
AcDbArc
 50
162.0237382207961
 51
287.9762617791746
  0
ARC
  5
81B0
330
203
100
AcDbEntity
  8
0
100
AcDbCircle
 10
1275.227406984359
 20
-74.82364572782505
 30
0.0
 40
2.0
100
AcDbArc
 50
90.0
 51
107.9762617791746
  0
ARC
  5
81B1
330
203
100
AcDbEntity
  8
0
100
AcDbCircle
 10
1271.447984787168
 20
-71.04422353063198
 30
0.0
 40
2.0
100
AcDbArc
 50
342.023738220796
 51
0.0
  0
ARC
  5
81B2
330
203
100
AcDbEntity
  8
0
100
AcDbCircle
 10
1274.301538177761
 20
-59.67719911841884
 30
0.0
 40
0.9999999999999812
100
AcDbArc
 50
72.02373822079801
 51
197.9762617791718
  0
ARC
  5
81B3
330
203
100
AcDbEntity
  8
0
100
AcDbCircle
 10
1271.447984787168
 20
-60.60306792501699
 30
0.0
 40
2.0
100
AcDbArc
 50
0.0
 51
17.97626177917175
  0
ARC
  5
81B4
330
203
100
AcDbEntity
  8
0
100
AcDbCircle
 10
1275.22740698436
 20
-56.82364572782596
 30
0.0
 40
2.0
100
AcDbArc
 50
252.023738220798
 51
270.0
  0
ARC
  5
81B5
330
203
100
AcDbEntity
  8
0
100
AcDbCircle
 10
1286.594431396573
 20
-59.67719911841998
 30
0.0
 40
0.9999999999999812
100
AcDbArc
 50
342.0237382208203
 51
107.9762617792021
  0
ARC
  5
81B6
330
203
100
AcDbEntity
  8
0
100
AcDbCircle
 10
1285.668562589975
 20
-56.8236457278271
 30
0.0
 40
2.0
100
AcDbArc
 50
270.0
 51
287.976261779202
  0
ARC
  5
81B7
330
203
100
AcDbEntity
  8
0
100
AcDbCircle
 10
1289.447984787167
 20
-60.60306792501812
 30
0.0
 40
2.0
100
AcDbArc
 50
162.0237382208203
 51
180.0000000000261
  0
LINE
  5
81B8
330
203
100
AcDbEntity
  8
0
100
AcDbLine
 10
1256.16740698436
 20
-77.87364572782595
 30
0.0
 11
1266.608562589975
 21
-77.87364572782708
 31
0.0
  0
LINE
  5
81B9
330
203
100
AcDbEntity
  8
0
100
AcDbLine
 10
1254.387984787167
 20
-79.65306792501697
 30
0.0
 11
1254.387984787167
 21
-90.09422353063196
 31
0.0
  0
LINE
  5
81BA
330
203
100
AcDbEntity
  8
0
100
AcDbLine
 10
1268.387984787168
 20
-79.6530679250181
 30
0.0
 11
1268.387984787165
 21
-90.09422353063492
 31
0.0
  0
LINE
  5
81BB
330
203
100
AcDbEntity
  8
0
100
AcDbLine
 10
1256.167406984358
 20
-91.87364572782595
 30
0.0
 11
1266.608562589973
 21
-91.87364572782595
 31
0.0
  0
ARC
  5
81BC
330
203
100
AcDbEntity
  8
0
100
AcDbCircle
 10
1267.534431396573
 20
-91.02009233723307
 30
0.0
 40
0.9999999999999812
100
AcDbArc
 50
252.023738220798
 51
17.97626177917175
  0
ARC
  5
81BD
330
203
100
AcDbEntity
  8
0
100
AcDbCircle
 10
1270.387984787165
 20
-90.09422353063492
 30
0.0
 40
2.0
100
AcDbArc
 50
180.0
 51
197.9762617791718
  0
ARC
  5
81BE
330
203
100
AcDbEntity
  8
0
100
AcDbCircle
 10
1266.608562589973
 20
-93.87364572782595
 30
0.0
 40
2.0
100
AcDbArc
 50
72.02373822079801
 51
90.0
  0
ARC
  5
81BF
330
203
100
AcDbEntity
  8
0
100
AcDbCircle
 10
1255.24153817776
 20
-91.02009233723193
 30
0.0
 40
0.9999999999999812
100
AcDbArc
 50
162.0237382207954
 51
287.9762617791746
  0
ARC
  5
81C0
330
203
100
AcDbEntity
  8
0
100
AcDbCircle
 10
1256.167406984358
 20
-93.87364572782504
 30
0.0
 40
2.0
100
AcDbArc
 50
90.0
 51
107.9762617791746
  0
ARC
  5
81C1
330
203
100
AcDbEntity
  8
0
100
AcDbCircle
 10
1252.387984787168
 20
-90.09422353063196
 30
0.0
 40
2.0
100
AcDbArc
 50
342.0237382207953
 51
0.0
  0
ARC
  5
81C2
330
203
100
AcDbEntity
  8
0
100
AcDbCircle
 10
1255.241538177761
 20
-78.72719911841882
 30
0.0
 40
0.9999999999999812
100
AcDbArc
 50
72.02373822079801
 51
197.9762617791718
  0
ARC
  5
81C3
330
203
100
AcDbEntity
  8
0
100
AcDbCircle
 10
1252.387984787168
 20
-79.65306792501697
 30
0.0
 40
2.0
100
AcDbArc
 50
0.0
 51
17.97626177917175
  0
ARC
  5
81C4
330
203
100
AcDbEntity
  8
0
100
AcDbCircle
 10
1256.16740698436
 20
-75.87364572782595
 30
0.0
 40
2.0
100
AcDbArc
 50
252.023738220798
 51
270.0
  0
ARC
  5
81C5
330
203
100
AcDbEntity
  8
0
100
AcDbCircle
 10
1267.534431396573
 20
-78.72719911841996
 30
0.0
 40
0.9999999999999812
100
AcDbArc
 50
342.0237382208203
 51
107.9762617792021
  0
ARC
  5
81C6
330
203
100
AcDbEntity
  8
0
100
AcDbCircle
 10
1266.608562589975
 20
-75.87364572782708
 30
0.0
 40
2.0
100
AcDbArc
 50
270.0
 51
287.976261779202
  0
ARC
  5
81C7
330
203
100
AcDbEntity
  8
0
100
AcDbCircle
 10
1270.387984787167
 20
-79.6530679250181
 30
0.0
 40
2.0
100
AcDbArc
 50
162.0237382208211
 51
180.0000000000261
  0
LINE
  5
81C8
330
203
100
AcDbEntity
  8
0
100
AcDbLine
 10
1275.22740698436
 20
-77.87364572782595
 30
0.0
 11
1285.668562589975
 21
-77.87364572782708
 31
0.0
  0
LINE
  5
81C9
330
203
100
AcDbEntity
  8
0
100
AcDbLine
 10
1273.447984787167
 20
-79.65306792501697
 30
0.0
 11
1273.447984787167
 21
-90.09422353063196
 31
0.0
  0
LINE
  5
81CA
330
203
100
AcDbEntity
  8
0
100
AcDbLine
 10
1287.447984787168
 20
-79.6530679250181
 30
0.0
 11
1287.447984787166
 21
-90.09422353063492
 31
0.0
  0
LINE
  5
81CB
330
203
100
AcDbEntity
  8
0
100
AcDbLine
 10
1275.227406984359
 20
-91.87364572782595
 30
0.0
 11
1285.668562589973
 21
-91.87364572782595
 31
0.0
  0
ARC
  5
81CC
330
203
100
AcDbEntity
  8
0
100
AcDbCircle
 10
1286.594431396573
 20
-91.02009233723307
 30
0.0
 40
0.9999999999999812
100
AcDbArc
 50
252.023738220798
 51
17.97626177917117
  0
ARC
  5
81CD
330
203
100
AcDbEntity
  8
0
100
AcDbCircle
 10
1289.447984787166
 20
-90.09422353063492
 30
0.0
 40
2.0
100
AcDbArc
 50
180.0
 51
197.9762617791712
  0
ARC
  5
81CE
330
203
100
AcDbEntity
  8
0
100
AcDbCircle
 10
1285.668562589973
 20
-93.87364572782595
 30
0.0
 40
2.0
100
AcDbArc
 50
72.02373822079801
 51
90.0
  0
ARC
  5
81CF
330
203
100
AcDbEntity
  8
0
100
AcDbCircle
 10
1274.30153817776
 20
-91.02009233723193
 30
0.0
 40
0.9999999999999812
100
AcDbArc
 50
162.0237382207961
 51
287.9762617791746
  0
ARC
  5
81D0
330
203
100
AcDbEntity
  8
0
100
AcDbCircle
 10
1275.227406984359
 20
-93.87364572782504
 30
0.0
 40
2.0
100
AcDbArc
 50
90.0
 51
107.9762617791746
  0
ARC
  5
81D1
330
203
100
AcDbEntity
  8
0
100
AcDbCircle
 10
1271.447984787168
 20
-90.09422353063196
 30
0.0
 40
2.0
100
AcDbArc
 50
342.023738220796
 51
0.0
  0
ARC
  5
81D2
330
203
100
AcDbEntity
  8
0
100
AcDbCircle
 10
1274.301538177761
 20
-78.72719911841882
 30
0.0
 40
0.9999999999999812
100
AcDbArc
 50
72.02373822079801
 51
197.9762617791712
  0
ARC
  5
81D3
330
203
100
AcDbEntity
  8
0
100
AcDbCircle
 10
1271.447984787168
 20
-79.65306792501697
 30
0.0
 40
2.0
100
AcDbArc
 50
0.0
 51
17.97626177917117
  0
ARC
  5
81D4
330
203
100
AcDbEntity
  8
0
100
AcDbCircle
 10
1275.22740698436
 20
-75.87364572782595
 30
0.0
 40
2.0
100
AcDbArc
 50
252.023738220798
 51
270.0
  0
ARC
  5
81D5
330
203
100
AcDbEntity
  8
0
100
AcDbCircle
 10
1286.594431396573
 20
-78.72719911841996
 30
0.0
 40
0.9999999999999812
100
AcDbArc
 50
342.0237382208203
 51
107.9762617792021
  0
ARC
  5
81D6
330
203
100
AcDbEntity
  8
0
100
AcDbCircle
 10
1285.668562589975
 20
-75.87364572782708
 30
0.0
 40
2.0
100
AcDbArc
 50
270.0
 51
287.976261779202
  0
ARC
  5
81D7
330
203
100
AcDbEntity
  8
0
100
AcDbCircle
 10
1289.447984787167
 20
-79.6530679250181
 30
0.0
 40
2.0
100
AcDbArc
 50
162.0237382208203
 51
180.0000000000261
  0
LINE
  5
81D8
330
203
100
AcDbEntity
  8
0
100
AcDbLine
 10
1294.27740698436
 20
-77.87364572782595
 30
0.0
 11
1304.718562589975
 21
-77.87364572782708
 31
0.0
  0
LINE
  5
81D9
330
203
100
AcDbEntity
  8
0
100
AcDbLine
 10
1292.497984787167
 20
-79.65306792501697
 30
0.0
 11
1292.497984787167
 21
-90.09422353063196
 31
0.0
  0
LINE
  5
81DA
330
203
100
AcDbEntity
  8
0
100
AcDbLine
 10
1306.497984787168
 20
-79.6530679250181
 30
0.0
 11
1306.497984787165
 21
-90.09422353063492
 31
0.0
  0
LINE
  5
81DB
330
203
100
AcDbEntity
  8
0
100
AcDbLine
 10
1294.277406984359
 20
-91.87364572782595
 30
0.0
 11
1304.718562589973
 21
-91.87364572782595
 31
0.0
  0
ARC
  5
81DC
330
203
100
AcDbEntity
  8
0
100
AcDbCircle
 10
1305.644431396573
 20
-91.02009233723307
 30
0.0
 40
0.9999999999999812
100
AcDbArc
 50
252.023738220798
 51
17.97626177917117
  0
ARC
  5
81DD
330
203
100
AcDbEntity
  8
0
100
AcDbCircle
 10
1308.497984787165
 20
-90.09422353063492
 30
0.0
 40
2.0
100
AcDbArc
 50
180.0
 51
197.9762617791712
  0
ARC
  5
81DE
330
203
100
AcDbEntity
  8
0
100
AcDbCircle
 10
1304.718562589973
 20
-93.87364572782595
 30
0.0
 40
2.0
100
AcDbArc
 50
72.02373822079801
 51
90.0
  0
ARC
  5
81DF
330
203
100
AcDbEntity
  8
0
100
AcDbCircle
 10
1293.35153817776
 20
-91.02009233723193
 30
0.0
 40
0.9999999999999812
100
AcDbArc
 50
162.0237382207961
 51
287.9762617791746
  0
ARC
  5
81E0
330
203
100
AcDbEntity
  8
0
100
AcDbCircle
 10
1294.277406984359
 20
-93.87364572782504
 30
0.0
 40
2.0
100
AcDbArc
 50
90.0
 51
107.9762617791746
  0
ARC
  5
81E1
330
203
100
AcDbEntity
  8
0
100
AcDbCircle
 10
1290.497984787168
 20
-90.09422353063196
 30
0.0
 40
2.0
100
AcDbArc
 50
342.023738220796
 51
0.0
  0
ARC
  5
81E2
330
203
100
AcDbEntity
  8
0
100
AcDbCircle
 10
1293.351538177761
 20
-78.72719911841882
 30
0.0
 40
0.9999999999999812
100
AcDbArc
 50
72.02373822079801
 51
197.9762617791712
  0
ARC
  5
81E3
330
203
100
AcDbEntity
  8
0
100
AcDbCircle
 10
1290.497984787168
 20
-79.65306792501697
 30
0.0
 40
2.0
100
AcDbArc
 50
0.0
 51
17.97626177917117
  0
ARC
  5
81E4
330
203
100
AcDbEntity
  8
0
100
AcDbCircle
 10
1294.27740698436
 20
-75.87364572782595
 30
0.0
 40
2.0
100
AcDbArc
 50
252.023738220798
 51
270.0
  0
ARC
  5
81E5
330
203
100
AcDbEntity
  8
0
100
AcDbCircle
 10
1305.644431396573
 20
-78.72719911841996
 30
0.0
 40
0.9999999999999812
100
AcDbArc
 50
342.0237382208203
 51
107.9762617792021
  0
ARC
  5
81E6
330
203
100
AcDbEntity
  8
0
100
AcDbCircle
 10
1304.718562589975
 20
-75.87364572782708
 30
0.0
 40
2.0
100
AcDbArc
 50
270.0
 51
287.976261779202
  0
ARC
  5
81E7
330
203
100
AcDbEntity
  8
0
100
AcDbCircle
 10
1308.497984787167
 20
-79.6530679250181
 30
0.0
 40
2.0
100
AcDbArc
 50
162.0237382208203
 51
180.0000000000261
  0
LINE
  5
81FE
330
203
100
AcDbEntity
  8
0
100
AcDbLine
 10
1227.60490698436
 20
-20.71364572782593
 30
0.0
 11
1238.046062589975
 21
-20.71364572782707
 31
0.0
  0
LINE
  5
81FF
330
203
100
AcDbEntity
  8
0
100
AcDbLine
 10
1225.825484787167
 20
-22.49306792501696
 30
0.0
 11
1225.825484787167
 21
-32.93422353063195
 31
0.0
  0
LINE
  5
8200
330
203
100
AcDbEntity
  8
0
100
AcDbLine
 10
1239.825484787168
 20
-22.4930679250181
 30
0.0
 11
1239.825484787166
 21
-32.93422353063491
 31
0.0
  0
LINE
  5
8201
330
203
100
AcDbEntity
  8
0
100
AcDbLine
 10
1227.604906984359
 20
-34.71364572782593
 30
0.0
 11
1238.046062589973
 21
-34.71364572782593
 31
0.0
  0
ARC
  5
8202
330
203
100
AcDbEntity
  8
0
100
AcDbCircle
 10
1238.971931396573
 20
-33.86009233723306
 30
0.0
 40
0.9999999999999812
100
AcDbArc
 50
252.023738220798
 51
17.97626177917243
  0
ARC
  5
8203
330
203
100
AcDbEntity
  8
0
100
AcDbCircle
 10
1241.825484787166
 20
-32.93422353063491
 30
0.0
 40
2.0
100
AcDbArc
 50
180.0
 51
197.9762617791724
  0
ARC
  5
8204
330
203
100
AcDbEntity
  8
0
100
AcDbCircle
 10
1238.046062589973
 20
-36.71364572782593
 30
0.0
 40
2.0
100
AcDbArc
 50
72.02373822079797
 51
90.0
  0
ARC
  5
8205
330
203
100
AcDbEntity
  8
0
100
AcDbCircle
 10
1226.67903817776
 20
-33.86009233723192
 30
0.0
 40
0.9999999999999812
100
AcDbArc
 50
162.0237382207957
 51
287.9762617791746
  0
ARC
  5
8206
330
203
100
AcDbEntity
  8
0
100
AcDbCircle
 10
1227.604906984359
 20
-36.71364572782502
 30
0.0
 40
2.0
100
AcDbArc
 50
90.0
 51
107.9762617791746
  0
ARC
  5
8207
330
203
100
AcDbEntity
  8
0
100
AcDbCircle
 10
1223.825484787168
 20
-32.93422353063195
 30
0.0
 40
2.0
100
AcDbArc
 50
342.0237382207956
 51
0.0
  0
ARC
  5
8208
330
203
100
AcDbEntity
  8
0
100
AcDbCircle
 10
1226.679038177761
 20
-21.56719911841881
 30
0.0
 40
0.9999999999999812
100
AcDbArc
 50
72.02373822079797
 51
197.9762617791724
  0
ARC
  5
8209
330
203
100
AcDbEntity
  8
0
100
AcDbCircle
 10
1223.825484787168
 20
-22.49306792501696
 30
0.0
 40
2.0
100
AcDbArc
 50
0.0
 51
17.97626177917243
  0
ARC
  5
820A
330
203
100
AcDbEntity
  8
0
100
AcDbCircle
 10
1227.60490698436
 20
-18.71364572782593
 30
0.0
 40
2.0
100
AcDbArc
 50
252.023738220798
 51
270.0
  0
ARC
  5
820B
330
203
100
AcDbEntity
  8
0
100
AcDbCircle
 10
1238.971931396573
 20
-21.56719911841995
 30
0.0
 40
0.9999999999999812
100
AcDbArc
 50
342.0237382208205
 51
107.976261779202
  0
ARC
  5
820C
330
203
100
AcDbEntity
  8
0
100
AcDbCircle
 10
1238.046062589975
 20
-18.71364572782707
 30
0.0
 40
2.0
100
AcDbArc
 50
270.0
 51
287.976261779202
  0
ARC
  5
820D
330
203
100
AcDbEntity
  8
0
100
AcDbCircle
 10
1241.825484787167
 20
-22.4930679250181
 30
0.0
 40
2.0
100
AcDbArc
 50
162.0237382208208
 51
180.000000000026
  0
LINE
  5
82B6
330
203
100
AcDbEntity
  8
0
100
AcDbLine
 10
999.0049069843599
 20
-39.76364572782595
 30
0.0
 11
1009.446062589975
 21
-39.76364572782708
 31
0.0
  0
LINE
  5
82B7
330
203
100
AcDbEntity
  8
0
100
AcDbLine
 10
997.2254847871668
 20
-41.54306792501697
 30
0.0
 11
997.2254847871668
 21
-51.98422353063197
 31
0.0
  0
LINE
  5
82B8
330
203
100
AcDbEntity
  8
0
100
AcDbLine
 10
1011.225484787168
 20
-41.54306792501811
 30
0.0
 11
1011.225484787165
 21
-51.98422353063492
 31
0.0
  0
LINE
  5
82B9
330
203
100
AcDbEntity
  8
0
100
AcDbLine
 10
999.0049069843585
 20
-53.76364572782595
 30
0.0
 11
1009.446062589973
 21
-53.76364572782595
 31
0.0
  0
ARC
  5
82BA
330
203
100
AcDbEntity
  8
0
100
AcDbCircle
 10
1010.371931396573
 20
-52.91009233723307
 30
0.0
 40
0.9999999999999812
100
AcDbArc
 50
252.023738220798
 51
17.97626177917272
  0
ARC
  5
82BB
330
203
100
AcDbEntity
  8
0
100
AcDbCircle
 10
1013.225484787165
 20
-51.98422353063492
 30
0.0
 40
2.0
100
AcDbArc
 50
180.0
 51
197.9762617791727
  0
ARC
  5
82BC
330
203
100
AcDbEntity
  8
0
100
AcDbCircle
 10
1009.446062589973
 20
-55.76364572782595
 30
0.0
 40
2.0
100
AcDbArc
 50
72.02373822079795
 51
90.0
  0
ARC
  5
82BD
330
203
100
AcDbEntity
  8
0
100
AcDbCircle
 10
998.0790381777601
 20
-52.91009233723193
 30
0.0
 40
0.9999999999999812
100
AcDbArc
 50
162.0237382208023
 51
287.9762617791745
  0
ARC
  5
82BE
330
203
100
AcDbEntity
  8
0
100
AcDbCircle
 10
999.0049069843585
 20
-55.76364572782504
 30
0.0
 40
2.0
100
AcDbArc
 50
90.0
 51
107.9762617791745
  0
ARC
  5
82BF
330
203
100
AcDbEntity
  8
0
100
AcDbCircle
 10
995.2254847871682
 20
-51.98422353063197
 30
0.0
 40
2.0
100
AcDbArc
 50
342.0237382208023
 51
0.0
  0
ARC
  5
82C0
330
203
100
AcDbEntity
  8
0
100
AcDbCircle
 10
998.0790381777606
 20
-40.61719911841882
 30
0.0
 40
0.9999999999999812
100
AcDbArc
 50
72.02373822079795
 51
197.9762617791727
  0
ARC
  5
82C1
330
203
100
AcDbEntity
  8
0
100
AcDbCircle
 10
995.2254847871682
 20
-41.54306792501697
 30
0.0
 40
2.0
100
AcDbArc
 50
0.0
 51
17.97626177917272
  0
ARC
  5
82C2
330
203
100
AcDbEntity
  8
0
100
AcDbCircle
 10
999.0049069843599
 20
-37.76364572782595
 30
0.0
 40
2.0
100
AcDbArc
 50
252.023738220798
 51
270.0
  0
ARC
  5
82C3
330
203
100
AcDbEntity
  8
0
100
AcDbCircle
 10
1010.371931396573
 20
-40.61719911841996
 30
0.0
 40
0.9999999999999812
100
AcDbArc
 50
342.0237382208134
 51
107.9762617792021
  0
ARC
  5
82C4
330
203
100
AcDbEntity
  8
0
100
AcDbCircle
 10
1009.446062589975
 20
-37.76364572782708
 30
0.0
 40
2.0
100
AcDbArc
 50
270.0
 51
287.976261779202
  0
ARC
  5
82C5
330
203
100
AcDbEntity
  8
0
100
AcDbCircle
 10
1013.225484787167
 20
-41.54306792501811
 30
0.0
 40
2.0
100
AcDbArc
 50
162.0237382208142
 51
180.0000000000261
  0
LINE
  5
82C6
330
203
100
AcDbEntity
  8
0
100
AcDbLine
 10
1018.06490698436
 20
-39.76364572782595
 30
0.0
 11
1028.506062589975
 21
-39.76364572782708
 31
0.0
  0
LINE
  5
82C7
330
203
100
AcDbEntity
  8
0
100
AcDbLine
 10
1016.285484787167
 20
-41.54306792501697
 30
0.0
 11
1016.285484787167
 21
-51.98422353063197
 31
0.0
  0
LINE
  5
82C8
330
203
100
AcDbEntity
  8
0
100
AcDbLine
 10
1030.285484787168
 20
-41.54306792501811
 30
0.0
 11
1030.285484787165
 21
-51.98422353063492
 31
0.0
  0
LINE
  5
82C9
330
203
100
AcDbEntity
  8
0
100
AcDbLine
 10
1018.064906984358
 20
-53.76364572782595
 30
0.0
 11
1028.506062589973
 21
-53.76364572782595
 31
0.0
  0
ARC
  5
82CA
330
203
100
AcDbEntity
  8
0
100
AcDbCircle
 10
1029.431931396573
 20
-52.91009233723307
 30
0.0
 40
0.9999999999999812
100
AcDbArc
 50
252.023738220798
 51
17.97626177917272
  0
ARC
  5
82CB
330
203
100
AcDbEntity
  8
0
100
AcDbCircle
 10
1032.285484787165
 20
-51.98422353063492
 30
0.0
 40
2.0
100
AcDbArc
 50
180.0
 51
197.9762617791727
  0
ARC
  5
82CC
330
203
100
AcDbEntity
  8
0
100
AcDbCircle
 10
1028.506062589973
 20
-55.76364572782595
 30
0.0
 40
2.0
100
AcDbArc
 50
72.02373822079795
 51
90.0
  0
ARC
  5
82CD
330
203
100
AcDbEntity
  8
0
100
AcDbCircle
 10
1017.13903817776
 20
-52.91009233723193
 30
0.0
 40
0.9999999999999812
100
AcDbArc
 50
162.0237382208023
 51
287.9762617791745
  0
ARC
  5
82CE
330
203
100
AcDbEntity
  8
0
100
AcDbCircle
 10
1018.064906984358
 20
-55.76364572782504
 30
0.0
 40
2.0
100
AcDbArc
 50
90.0
 51
107.9762617791745
  0
ARC
  5
82CF
330
203
100
AcDbEntity
  8
0
100
AcDbCircle
 10
1014.285484787168
 20
-51.98422353063197
 30
0.0
 40
2.0
100
AcDbArc
 50
342.0237382208023
 51
0.0
  0
ARC
  5
82D0
330
203
100
AcDbEntity
  8
0
100
AcDbCircle
 10
1017.139038177761
 20
-40.61719911841882
 30
0.0
 40
0.9999999999999812
100
AcDbArc
 50
72.02373822079795
 51
197.9762617791727
  0
ARC
  5
82D1
330
203
100
AcDbEntity
  8
0
100
AcDbCircle
 10
1014.285484787168
 20
-41.54306792501697
 30
0.0
 40
2.0
100
AcDbArc
 50
0.0
 51
17.97626177917272
  0
ARC
  5
82D2
330
203
100
AcDbEntity
  8
0
100
AcDbCircle
 10
1018.06490698436
 20
-37.76364572782595
 30
0.0
 40
2.0
100
AcDbArc
 50
252.023738220798
 51
270.0
  0
ARC
  5
82D3
330
203
100
AcDbEntity
  8
0
100
AcDbCircle
 10
1029.431931396573
 20
-40.61719911841996
 30
0.0
 40
0.9999999999999812
100
AcDbArc
 50
342.0237382208134
 51
107.9762617792021
  0
ARC
  5
82D4
330
203
100
AcDbEntity
  8
0
100
AcDbCircle
 10
1028.506062589975
 20
-37.76364572782708
 30
0.0
 40
2.0
100
AcDbArc
 50
270.0
 51
287.976261779202
  0
ARC
  5
82D5
330
203
100
AcDbEntity
  8
0
100
AcDbCircle
 10
1032.285484787167
 20
-41.54306792501811
 30
0.0
 40
2.0
100
AcDbArc
 50
162.0237382208142
 51
180.0000000000261
  0
LINE
  5
82D6
330
203
100
AcDbEntity
  8
0
100
AcDbLine
 10
1037.11490698436
 20
-39.76364572782595
 30
0.0
 11
1047.556062589975
 21
-39.76364572782708
 31
0.0
  0
LINE
  5
82D7
330
203
100
AcDbEntity
  8
0
100
AcDbLine
 10
1035.335484787167
 20
-41.54306792501697
 30
0.0
 11
1035.335484787167
 21
-51.98422353063197
 31
0.0
  0
LINE
  5
82D8
330
203
100
AcDbEntity
  8
0
100
AcDbLine
 10
1049.335484787168
 20
-41.54306792501811
 30
0.0
 11
1049.335484787165
 21
-51.98422353063492
 31
0.0
  0
LINE
  5
82D9
330
203
100
AcDbEntity
  8
0
100
AcDbLine
 10
1037.114906984358
 20
-53.76364572782595
 30
0.0
 11
1047.556062589973
 21
-53.76364572782595
 31
0.0
  0
ARC
  5
82DA
330
203
100
AcDbEntity
  8
0
100
AcDbCircle
 10
1048.481931396573
 20
-52.91009233723307
 30
0.0
 40
0.9999999999999812
100
AcDbArc
 50
252.023738220798
 51
17.97626177917272
  0
ARC
  5
82DB
330
203
100
AcDbEntity
  8
0
100
AcDbCircle
 10
1051.335484787165
 20
-51.98422353063492
 30
0.0
 40
2.0
100
AcDbArc
 50
180.0
 51
197.9762617791727
  0
ARC
  5
82DC
330
203
100
AcDbEntity
  8
0
100
AcDbCircle
 10
1047.556062589973
 20
-55.76364572782595
 30
0.0
 40
2.0
100
AcDbArc
 50
72.02373822079795
 51
90.0
  0
ARC
  5
82DD
330
203
100
AcDbEntity
  8
0
100
AcDbCircle
 10
1036.18903817776
 20
-52.91009233723193
 30
0.0
 40
0.9999999999999812
100
AcDbArc
 50
162.0237382208023
 51
287.9762617791745
  0
ARC
  5
82DE
330
203
100
AcDbEntity
  8
0
100
AcDbCircle
 10
1037.114906984358
 20
-55.76364572782504
 30
0.0
 40
2.0
100
AcDbArc
 50
90.0
 51
107.9762617791745
  0
ARC
  5
82DF
330
203
100
AcDbEntity
  8
0
100
AcDbCircle
 10
1033.335484787168
 20
-51.98422353063197
 30
0.0
 40
2.0
100
AcDbArc
 50
342.0237382208023
 51
0.0
  0
ARC
  5
82E0
330
203
100
AcDbEntity
  8
0
100
AcDbCircle
 10
1036.18903817776
 20
-40.61719911841882
 30
0.0
 40
0.9999999999999812
100
AcDbArc
 50
72.02373822079795
 51
197.9762617791727
  0
ARC
  5
82E1
330
203
100
AcDbEntity
  8
0
100
AcDbCircle
 10
1033.335484787168
 20
-41.54306792501697
 30
0.0
 40
2.0
100
AcDbArc
 50
0.0
 51
17.97626177917272
  0
ARC
  5
82E2
330
203
100
AcDbEntity
  8
0
100
AcDbCircle
 10
1037.11490698436
 20
-37.76364572782595
 30
0.0
 40
2.0
100
AcDbArc
 50
252.023738220798
 51
270.0
  0
ARC
  5
82E3
330
203
100
AcDbEntity
  8
0
100
AcDbCircle
 10
1048.481931396573
 20
-40.61719911841996
 30
0.0
 40
0.9999999999999812
100
AcDbArc
 50
342.0237382208134
 51
107.9762617792021
  0
ARC
  5
82E4
330
203
100
AcDbEntity
  8
0
100
AcDbCircle
 10
1047.556062589975
 20
-37.76364572782708
 30
0.0
 40
2.0
100
AcDbArc
 50
270.0
 51
287.976261779202
  0
ARC
  5
82E5
330
203
100
AcDbEntity
  8
0
100
AcDbCircle
 10
1051.335484787167
 20
-41.54306792501811
 30
0.0
 40
2.0
100
AcDbArc
 50
162.0237382208142
 51
180.0000000000261
  0
LINE
  5
82E6
330
203
100
AcDbEntity
  8
0
100
AcDbLine
 10
1056.16490698436
 20
-39.76364572782595
 30
0.0
 11
1066.606062589975
 21
-39.76364572782708
 31
0.0
  0
LINE
  5
82E7
330
203
100
AcDbEntity
  8
0
100
AcDbLine
 10
1054.385484787167
 20
-41.54306792501697
 30
0.0
 11
1054.385484787167
 21
-51.98422353063197
 31
0.0
  0
LINE
  5
82E8
330
203
100
AcDbEntity
  8
0
100
AcDbLine
 10
1068.385484787168
 20
-41.54306792501811
 30
0.0
 11
1068.385484787165
 21
-51.98422353063492
 31
0.0
  0
LINE
  5
82E9
330
203
100
AcDbEntity
  8
0
100
AcDbLine
 10
1056.164906984358
 20
-53.76364572782595
 30
0.0
 11
1066.606062589973
 21
-53.76364572782595
 31
0.0
  0
ARC
  5
82EA
330
203
100
AcDbEntity
  8
0
100
AcDbCircle
 10
1067.531931396573
 20
-52.91009233723307
 30
0.0
 40
0.9999999999999812
100
AcDbArc
 50
252.023738220798
 51
17.97626177917272
  0
ARC
  5
82EB
330
203
100
AcDbEntity
  8
0
100
AcDbCircle
 10
1070.385484787165
 20
-51.98422353063492
 30
0.0
 40
2.0
100
AcDbArc
 50
180.0
 51
197.9762617791719
  0
ARC
  5
82EC
330
203
100
AcDbEntity
  8
0
100
AcDbCircle
 10
1066.606062589973
 20
-55.76364572782595
 30
0.0
 40
2.0
100
AcDbArc
 50
72.02373822079795
 51
90.0
  0
ARC
  5
82ED
330
203
100
AcDbEntity
  8
0
100
AcDbCircle
 10
1055.23903817776
 20
-52.91009233723193
 30
0.0
 40
0.9999999999999812
100
AcDbArc
 50
162.0237382208023
 51
287.9762617791745
  0
ARC
  5
82EE
330
203
100
AcDbEntity
  8
0
100
AcDbCircle
 10
1056.164906984358
 20
-55.76364572782504
 30
0.0
 40
2.0
100
AcDbArc
 50
90.0
 51
107.9762617791745
  0
ARC
  5
82EF
330
203
100
AcDbEntity
  8
0
100
AcDbCircle
 10
1052.385484787168
 20
-51.98422353063197
 30
0.0
 40
2.0
100
AcDbArc
 50
342.0237382208023
 51
0.0
  0
ARC
  5
82F0
330
203
100
AcDbEntity
  8
0
100
AcDbCircle
 10
1055.23903817776
 20
-40.61719911841882
 30
0.0
 40
0.9999999999999812
100
AcDbArc
 50
72.02373822079795
 51
197.9762617791719
  0
ARC
  5
82F1
330
203
100
AcDbEntity
  8
0
100
AcDbCircle
 10
1052.385484787168
 20
-41.54306792501697
 30
0.0
 40
2.0
100
AcDbArc
 50
0.0
 51
17.97626177917272
  0
ARC
  5
82F2
330
203
100
AcDbEntity
  8
0
100
AcDbCircle
 10
1056.16490698436
 20
-37.76364572782595
 30
0.0
 40
2.0
100
AcDbArc
 50
252.023738220798
 51
270.0
  0
ARC
  5
82F3
330
203
100
AcDbEntity
  8
0
100
AcDbCircle
 10
1067.531931396573
 20
-40.61719911841996
 30
0.0
 40
0.9999999999999812
100
AcDbArc
 50
342.0237382208134
 51
107.9762617792021
  0
ARC
  5
82F4
330
203
100
AcDbEntity
  8
0
100
AcDbCircle
 10
1066.606062589975
 20
-37.76364572782708
 30
0.0
 40
2.0
100
AcDbArc
 50
270.0
 51
287.976261779202
  0
ARC
  5
82F5
330
203
100
AcDbEntity
  8
0
100
AcDbCircle
 10
1070.385484787167
 20
-41.54306792501811
 30
0.0
 40
2.0
100
AcDbArc
 50
162.0237382208142
 51
180.0000000000261
  0
LINE
  5
82F6
330
203
100
AcDbEntity
  8
0
100
AcDbLine
 10
1075.21490698436
 20
-39.76364572782595
 30
0.0
 11
1085.656062589975
 21
-39.76364572782708
 31
0.0
  0
LINE
  5
82F7
330
203
100
AcDbEntity
  8
0
100
AcDbLine
 10
1073.435484787167
 20
-41.54306792501697
 30
0.0
 11
1073.435484787167
 21
-51.98422353063197
 31
0.0
  0
LINE
  5
82F8
330
203
100
AcDbEntity
  8
0
100
AcDbLine
 10
1087.435484787168
 20
-41.54306792501811
 30
0.0
 11
1087.435484787165
 21
-51.98422353063492
 31
0.0
  0
LINE
  5
82F9
330
203
100
AcDbEntity
  8
0
100
AcDbLine
 10
1075.214906984359
 20
-53.76364572782595
 30
0.0
 11
1085.656062589973
 21
-53.76364572782595
 31
0.0
  0
ARC
  5
82FA
330
203
100
AcDbEntity
  8
0
100
AcDbCircle
 10
1086.581931396573
 20
-52.91009233723307
 30
0.0
 40
0.9999999999999812
100
AcDbArc
 50
252.023738220798
 51
17.97626177917272
  0
ARC
  5
82FB
330
203
100
AcDbEntity
  8
0
100
AcDbCircle
 10
1089.435484787165
 20
-51.98422353063492
 30
0.0
 40
2.0
100
AcDbArc
 50
180.0
 51
197.9762617791727
  0
ARC
  5
82FC
330
203
100
AcDbEntity
  8
0
100
AcDbCircle
 10
1085.656062589973
 20
-55.76364572782595
 30
0.0
 40
2.0
100
AcDbArc
 50
72.02373822079795
 51
90.0
  0
ARC
  5
82FD
330
203
100
AcDbEntity
  8
0
100
AcDbCircle
 10
1074.28903817776
 20
-52.91009233723193
 30
0.0
 40
0.9999999999999812
100
AcDbArc
 50
162.0237382208023
 51
287.9762617791745
  0
ARC
  5
82FE
330
203
100
AcDbEntity
  8
0
100
AcDbCircle
 10
1075.214906984359
 20
-55.76364572782504
 30
0.0
 40
2.0
100
AcDbArc
 50
90.0
 51
107.9762617791745
  0
ARC
  5
82FF
330
203
100
AcDbEntity
  8
0
100
AcDbCircle
 10
1071.435484787168
 20
-51.98422353063197
 30
0.0
 40
2.0
100
AcDbArc
 50
342.0237382208023
 51
0.0
  0
ARC
  5
8300
330
203
100
AcDbEntity
  8
0
100
AcDbCircle
 10
1074.289038177761
 20
-40.61719911841882
 30
0.0
 40
0.9999999999999812
100
AcDbArc
 50
72.02373822079795
 51
197.9762617791727
  0
ARC
  5
8301
330
203
100
AcDbEntity
  8
0
100
AcDbCircle
 10
1071.435484787168
 20
-41.54306792501697
 30
0.0
 40
2.0
100
AcDbArc
 50
0.0
 51
17.97626177917272
  0
ARC
  5
8302
330
203
100
AcDbEntity
  8
0
100
AcDbCircle
 10
1075.21490698436
 20
-37.76364572782595
 30
0.0
 40
2.0
100
AcDbArc
 50
252.023738220798
 51
270.0
  0
ARC
  5
8303
330
203
100
AcDbEntity
  8
0
100
AcDbCircle
 10
1086.581931396573
 20
-40.61719911841996
 30
0.0
 40
0.9999999999999812
100
AcDbArc
 50
342.0237382208134
 51
107.9762617792021
  0
ARC
  5
8304
330
203
100
AcDbEntity
  8
0
100
AcDbCircle
 10
1085.656062589975
 20
-37.76364572782708
 30
0.0
 40
2.0
100
AcDbArc
 50
270.0
 51
287.976261779202
  0
ARC
  5
8305
330
203
100
AcDbEntity
  8
0
100
AcDbCircle
 10
1089.435484787167
 20
-41.54306792501811
 30
0.0
 40
2.0
100
AcDbArc
 50
162.0237382208142
 51
180.0000000000261
  0
LINE
  5
8306
330
203
100
AcDbEntity
  8
0
100
AcDbLine
 10
1094.27490698436
 20
-39.76364572782595
 30
0.0
 11
1104.716062589975
 21
-39.76364572782708
 31
0.0
  0
LINE
  5
8307
330
203
100
AcDbEntity
  8
0
100
AcDbLine
 10
1092.495484787167
 20
-41.54306792501697
 30
0.0
 11
1092.495484787167
 21
-51.98422353063197
 31
0.0
  0
LINE
  5
8308
330
203
100
AcDbEntity
  8
0
100
AcDbLine
 10
1106.495484787168
 20
-41.54306792501811
 30
0.0
 11
1106.495484787165
 21
-51.98422353063492
 31
0.0
  0
LINE
  5
8309
330
203
100
AcDbEntity
  8
0
100
AcDbLine
 10
1094.274906984358
 20
-53.76364572782595
 30
0.0
 11
1104.716062589973
 21
-53.76364572782595
 31
0.0
  0
ARC
  5
830A
330
203
100
AcDbEntity
  8
0
100
AcDbCircle
 10
1105.641931396573
 20
-52.91009233723307
 30
0.0
 40
0.9999999999999812
100
AcDbArc
 50
252.023738220798
 51
17.97626177917272
  0
ARC
  5
830B
330
203
100
AcDbEntity
  8
0
100
AcDbCircle
 10
1108.495484787165
 20
-51.98422353063492
 30
0.0
 40
2.0
100
AcDbArc
 50
180.0
 51
197.9762617791719
  0
ARC
  5
830C
330
203
100
AcDbEntity
  8
0
100
AcDbCircle
 10
1104.716062589973
 20
-55.76364572782595
 30
0.0
 40
2.0
100
AcDbArc
 50
72.02373822079795
 51
90.0
  0
ARC
  5
830D
330
203
100
AcDbEntity
  8
0
100
AcDbCircle
 10
1093.34903817776
 20
-52.91009233723193
 30
0.0
 40
0.9999999999999812
100
AcDbArc
 50
162.0237382208023
 51
287.9762617791745
  0
ARC
  5
830E
330
203
100
AcDbEntity
  8
0
100
AcDbCircle
 10
1094.274906984358
 20
-55.76364572782504
 30
0.0
 40
2.0
100
AcDbArc
 50
90.0
 51
107.9762617791745
  0
ARC
  5
830F
330
203
100
AcDbEntity
  8
0
100
AcDbCircle
 10
1090.495484787168
 20
-51.98422353063197
 30
0.0
 40
2.0
100
AcDbArc
 50
342.0237382208023
 51
0.0
  0
ARC
  5
8310
330
203
100
AcDbEntity
  8
0
100
AcDbCircle
 10
1093.349038177761
 20
-40.61719911841882
 30
0.0
 40
0.9999999999999812
100
AcDbArc
 50
72.02373822079795
 51
197.9762617791719
  0
ARC
  5
8311
330
203
100
AcDbEntity
  8
0
100
AcDbCircle
 10
1090.495484787168
 20
-41.54306792501697
 30
0.0
 40
2.0
100
AcDbArc
 50
0.0
 51
17.97626177917272
  0
ARC
  5
8312
330
203
100
AcDbEntity
  8
0
100
AcDbCircle
 10
1094.27490698436
 20
-37.76364572782595
 30
0.0
 40
2.0
100
AcDbArc
 50
252.023738220798
 51
270.0
  0
ARC
  5
8313
330
203
100
AcDbEntity
  8
0
100
AcDbCircle
 10
1105.641931396573
 20
-40.61719911841996
 30
0.0
 40
0.9999999999999812
100
AcDbArc
 50
342.0237382208134
 51
107.9762617792021
  0
ARC
  5
8314
330
203
100
AcDbEntity
  8
0
100
AcDbCircle
 10
1104.716062589975
 20
-37.76364572782708
 30
0.0
 40
2.0
100
AcDbArc
 50
270.0
 51
287.976261779202
  0
ARC
  5
8315
330
203
100
AcDbEntity
  8
0
100
AcDbCircle
 10
1108.495484787167
 20
-41.54306792501811
 30
0.0
 40
2.0
100
AcDbArc
 50
162.0237382208142
 51
180.0000000000261
  0
LINE
  5
8316
330
203
100
AcDbEntity
  8
0
100
AcDbLine
 10
1113.32490698436
 20
-39.76364572782595
 30
0.0
 11
1123.766062589975
 21
-39.76364572782708
 31
0.0
  0
LINE
  5
8317
330
203
100
AcDbEntity
  8
0
100
AcDbLine
 10
1111.545484787167
 20
-41.54306792501697
 30
0.0
 11
1111.545484787167
 21
-51.98422353063197
 31
0.0
  0
LINE
  5
8318
330
203
100
AcDbEntity
  8
0
100
AcDbLine
 10
1125.545484787168
 20
-41.54306792501811
 30
0.0
 11
1125.545484787165
 21
-51.98422353063492
 31
0.0
  0
LINE
  5
8319
330
203
100
AcDbEntity
  8
0
100
AcDbLine
 10
1113.324906984358
 20
-53.76364572782595
 30
0.0
 11
1123.766062589973
 21
-53.76364572782595
 31
0.0
  0
ARC
  5
831A
330
203
100
AcDbEntity
  8
0
100
AcDbCircle
 10
1124.691931396573
 20
-52.91009233723307
 30
0.0
 40
0.9999999999999812
100
AcDbArc
 50
252.023738220798
 51
17.97626177917272
  0
ARC
  5
831B
330
203
100
AcDbEntity
  8
0
100
AcDbCircle
 10
1127.545484787165
 20
-51.98422353063492
 30
0.0
 40
2.0
100
AcDbArc
 50
180.0
 51
197.9762617791719
  0
ARC
  5
831C
330
203
100
AcDbEntity
  8
0
100
AcDbCircle
 10
1123.766062589973
 20
-55.76364572782595
 30
0.0
 40
2.0
100
AcDbArc
 50
72.02373822079795
 51
90.0
  0
ARC
  5
831D
330
203
100
AcDbEntity
  8
0
100
AcDbCircle
 10
1112.39903817776
 20
-52.91009233723193
 30
0.0
 40
0.9999999999999812
100
AcDbArc
 50
162.0237382208023
 51
287.9762617791745
  0
ARC
  5
831E
330
203
100
AcDbEntity
  8
0
100
AcDbCircle
 10
1113.324906984358
 20
-55.76364572782504
 30
0.0
 40
2.0
100
AcDbArc
 50
90.0
 51
107.9762617791745
  0
ARC
  5
831F
330
203
100
AcDbEntity
  8
0
100
AcDbCircle
 10
1109.545484787168
 20
-51.98422353063197
 30
0.0
 40
2.0
100
AcDbArc
 50
342.0237382208023
 51
0.0
  0
ARC
  5
8320
330
203
100
AcDbEntity
  8
0
100
AcDbCircle
 10
1112.399038177761
 20
-40.61719911841882
 30
0.0
 40
0.9999999999999812
100
AcDbArc
 50
72.02373822079795
 51
197.9762617791719
  0
ARC
  5
8321
330
203
100
AcDbEntity
  8
0
100
AcDbCircle
 10
1109.545484787168
 20
-41.54306792501697
 30
0.0
 40
2.0
100
AcDbArc
 50
0.0
 51
17.97626177917272
  0
ARC
  5
8322
330
203
100
AcDbEntity
  8
0
100
AcDbCircle
 10
1113.32490698436
 20
-37.76364572782595
 30
0.0
 40
2.0
100
AcDbArc
 50
252.023738220798
 51
270.0
  0
ARC
  5
8323
330
203
100
AcDbEntity
  8
0
100
AcDbCircle
 10
1124.691931396573
 20
-40.61719911841996
 30
0.0
 40
0.9999999999999812
100
AcDbArc
 50
342.0237382208134
 51
107.9762617792021
  0
ARC
  5
8324
330
203
100
AcDbEntity
  8
0
100
AcDbCircle
 10
1123.766062589975
 20
-37.76364572782708
 30
0.0
 40
2.0
100
AcDbArc
 50
270.0
 51
287.976261779202
  0
ARC
  5
8325
330
203
100
AcDbEntity
  8
0
100
AcDbCircle
 10
1127.545484787167
 20
-41.54306792501811
 30
0.0
 40
2.0
100
AcDbArc
 50
162.0237382208142
 51
180.0000000000261
  0
LINE
  5
8326
330
203
100
AcDbEntity
  8
0
100
AcDbLine
 10
1151.41490698436
 20
-39.76364572782595
 30
0.0
 11
1161.856062589975
 21
-39.76364572782708
 31
0.0
  0
LINE
  5
8327
330
203
100
AcDbEntity
  8
0
100
AcDbLine
 10
1149.635484787167
 20
-41.54306792501697
 30
0.0
 11
1149.635484787167
 21
-51.98422353063197
 31
0.0
  0
LINE
  5
8328
330
203
100
AcDbEntity
  8
0
100
AcDbLine
 10
1163.635484787168
 20
-41.54306792501811
 30
0.0
 11
1163.635484787165
 21
-51.98422353063492
 31
0.0
  0
LINE
  5
8329
330
203
100
AcDbEntity
  8
0
100
AcDbLine
 10
1151.414906984358
 20
-53.76364572782595
 30
0.0
 11
1161.856062589973
 21
-53.76364572782595
 31
0.0
  0
ARC
  5
832A
330
203
100
AcDbEntity
  8
0
100
AcDbCircle
 10
1162.781931396573
 20
-52.91009233723307
 30
0.0
 40
0.9999999999999812
100
AcDbArc
 50
252.023738220798
 51
17.97626177917272
  0
ARC
  5
832B
330
203
100
AcDbEntity
  8
0
100
AcDbCircle
 10
1165.635484787165
 20
-51.98422353063492
 30
0.0
 40
2.0
100
AcDbArc
 50
180.0
 51
197.9762617791719
  0
ARC
  5
832C
330
203
100
AcDbEntity
  8
0
100
AcDbCircle
 10
1161.856062589973
 20
-55.76364572782595
 30
0.0
 40
2.0
100
AcDbArc
 50
72.02373822079795
 51
90.0
  0
ARC
  5
832D
330
203
100
AcDbEntity
  8
0
100
AcDbCircle
 10
1150.48903817776
 20
-52.91009233723193
 30
0.0
 40
0.9999999999999812
100
AcDbArc
 50
162.0237382208023
 51
287.9762617791745
  0
ARC
  5
832E
330
203
100
AcDbEntity
  8
0
100
AcDbCircle
 10
1151.414906984358
 20
-55.76364572782504
 30
0.0
 40
2.0
100
AcDbArc
 50
90.0
 51
107.9762617791745
  0
ARC
  5
832F
330
203
100
AcDbEntity
  8
0
100
AcDbCircle
 10
1147.635484787168
 20
-51.98422353063197
 30
0.0
 40
2.0
100
AcDbArc
 50
342.0237382208023
 51
0.0
  0
ARC
  5
8330
330
203
100
AcDbEntity
  8
0
100
AcDbCircle
 10
1150.48903817776
 20
-40.61719911841882
 30
0.0
 40
0.9999999999999812
100
AcDbArc
 50
72.02373822079795
 51
197.9762617791719
  0
ARC
  5
8331
330
203
100
AcDbEntity
  8
0
100
AcDbCircle
 10
1147.635484787168
 20
-41.54306792501697
 30
0.0
 40
2.0
100
AcDbArc
 50
0.0
 51
17.97626177917272
  0
ARC
  5
8332
330
203
100
AcDbEntity
  8
0
100
AcDbCircle
 10
1151.41490698436
 20
-37.76364572782595
 30
0.0
 40
2.0
100
AcDbArc
 50
252.023738220798
 51
270.0
  0
ARC
  5
8333
330
203
100
AcDbEntity
  8
0
100
AcDbCircle
 10
1162.781931396573
 20
-40.61719911841996
 30
0.0
 40
0.9999999999999812
100
AcDbArc
 50
342.0237382208134
 51
107.9762617792021
  0
ARC
  5
8334
330
203
100
AcDbEntity
  8
0
100
AcDbCircle
 10
1161.856062589975
 20
-37.76364572782708
 30
0.0
 40
2.0
100
AcDbArc
 50
270.0
 51
287.976261779202
  0
ARC
  5
8335
330
203
100
AcDbEntity
  8
0
100
AcDbCircle
 10
1165.635484787167
 20
-41.54306792501811
 30
0.0
 40
2.0
100
AcDbArc
 50
162.0237382208142
 51
180.0000000000261
  0
LINE
  5
8336
330
203
100
AcDbEntity
  8
0
100
AcDbLine
 10
1170.46490698436
 20
-39.76364572782595
 30
0.0
 11
1180.906062589975
 21
-39.76364572782708
 31
0.0
  0
LINE
  5
8337
330
203
100
AcDbEntity
  8
0
100
AcDbLine
 10
1168.685484787167
 20
-41.54306792501697
 30
0.0
 11
1168.685484787167
 21
-51.98422353063197
 31
0.0
  0
LINE
  5
8338
330
203
100
AcDbEntity
  8
0
100
AcDbLine
 10
1182.685484787168
 20
-41.54306792501811
 30
0.0
 11
1182.685484787165
 21
-51.98422353063492
 31
0.0
  0
LINE
  5
8339
330
203
100
AcDbEntity
  8
0
100
AcDbLine
 10
1170.464906984358
 20
-53.76364572782595
 30
0.0
 11
1180.906062589973
 21
-53.76364572782595
 31
0.0
  0
ARC
  5
833A
330
203
100
AcDbEntity
  8
0
100
AcDbCircle
 10
1181.831931396573
 20
-52.91009233723307
 30
0.0
 40
0.9999999999999812
100
AcDbArc
 50
252.023738220798
 51
17.97626177917272
  0
ARC
  5
833B
330
203
100
AcDbEntity
  8
0
100
AcDbCircle
 10
1184.685484787165
 20
-51.98422353063492
 30
0.0
 40
2.0
100
AcDbArc
 50
180.0
 51
197.9762617791719
  0
ARC
  5
833C
330
203
100
AcDbEntity
  8
0
100
AcDbCircle
 10
1180.906062589973
 20
-55.76364572782595
 30
0.0
 40
2.0
100
AcDbArc
 50
72.02373822079795
 51
90.0
  0
ARC
  5
833D
330
203
100
AcDbEntity
  8
0
100
AcDbCircle
 10
1169.53903817776
 20
-52.91009233723193
 30
0.0
 40
0.9999999999999812
100
AcDbArc
 50
162.0237382208023
 51
287.9762617791745
  0
ARC
  5
833E
330
203
100
AcDbEntity
  8
0
100
AcDbCircle
 10
1170.464906984358
 20
-55.76364572782504
 30
0.0
 40
2.0
100
AcDbArc
 50
90.0
 51
107.9762617791745
  0
ARC
  5
833F
330
203
100
AcDbEntity
  8
0
100
AcDbCircle
 10
1166.685484787168
 20
-51.98422353063197
 30
0.0
 40
2.0
100
AcDbArc
 50
342.0237382208023
 51
0.0
  0
ARC
  5
8340
330
203
100
AcDbEntity
  8
0
100
AcDbCircle
 10
1169.53903817776
 20
-40.61719911841882
 30
0.0
 40
0.9999999999999812
100
AcDbArc
 50
72.02373822079795
 51
197.9762617791719
  0
ARC
  5
8341
330
203
100
AcDbEntity
  8
0
100
AcDbCircle
 10
1166.685484787168
 20
-41.54306792501697
 30
0.0
 40
2.0
100
AcDbArc
 50
0.0
 51
17.97626177917272
  0
ARC
  5
8342
330
203
100
AcDbEntity
  8
0
100
AcDbCircle
 10
1170.46490698436
 20
-37.76364572782595
 30
0.0
 40
2.0
100
AcDbArc
 50
252.023738220798
 51
270.0
  0
ARC
  5
8343
330
203
100
AcDbEntity
  8
0
100
AcDbCircle
 10
1181.831931396573
 20
-40.61719911841996
 30
0.0
 40
0.9999999999999812
100
AcDbArc
 50
342.0237382208142
 51
107.9762617792021
  0
ARC
  5
8344
330
203
100
AcDbEntity
  8
0
100
AcDbCircle
 10
1180.906062589975
 20
-37.76364572782708
 30
0.0
 40
2.0
100
AcDbArc
 50
270.0
 51
287.976261779202
  0
ARC
  5
8345
330
203
100
AcDbEntity
  8
0
100
AcDbCircle
 10
1184.685484787167
 20
-41.54306792501811
 30
0.0
 40
2.0
100
AcDbArc
 50
162.0237382208142
 51
180.0000000000261
  0
LINE
  5
8346
330
203
100
AcDbEntity
  8
0
100
AcDbLine
 10
1189.51490698436
 20
-39.76364572782595
 30
0.0
 11
1199.956062589975
 21
-39.76364572782708
 31
0.0
  0
LINE
  5
8347
330
203
100
AcDbEntity
  8
0
100
AcDbLine
 10
1187.735484787167
 20
-41.54306792501697
 30
0.0
 11
1187.735484787167
 21
-51.98422353063197
 31
0.0
  0
LINE
  5
8348
330
203
100
AcDbEntity
  8
0
100
AcDbLine
 10
1201.735484787168
 20
-41.54306792501811
 30
0.0
 11
1201.735484787165
 21
-51.98422353063492
 31
0.0
  0
LINE
  5
8349
330
203
100
AcDbEntity
  8
0
100
AcDbLine
 10
1189.514906984359
 20
-53.76364572782595
 30
0.0
 11
1199.956062589973
 21
-53.76364572782595
 31
0.0
  0
ARC
  5
834A
330
203
100
AcDbEntity
  8
0
100
AcDbCircle
 10
1200.881931396573
 20
-52.91009233723307
 30
0.0
 40
0.9999999999999812
100
AcDbArc
 50
252.023738220798
 51
17.97626177917272
  0
ARC
  5
834B
330
203
100
AcDbEntity
  8
0
100
AcDbCircle
 10
1203.735484787165
 20
-51.98422353063492
 30
0.0
 40
2.0
100
AcDbArc
 50
180.0
 51
197.9762617791719
  0
ARC
  5
834C
330
203
100
AcDbEntity
  8
0
100
AcDbCircle
 10
1199.956062589973
 20
-55.76364572782595
 30
0.0
 40
2.0
100
AcDbArc
 50
72.02373822079795
 51
90.0
  0
ARC
  5
834D
330
203
100
AcDbEntity
  8
0
100
AcDbCircle
 10
1188.58903817776
 20
-52.91009233723193
 30
0.0
 40
0.9999999999999812
100
AcDbArc
 50
162.0237382208023
 51
287.9762617791745
  0
ARC
  5
834E
330
203
100
AcDbEntity
  8
0
100
AcDbCircle
 10
1189.514906984359
 20
-55.76364572782504
 30
0.0
 40
2.0
100
AcDbArc
 50
90.0
 51
107.9762617791745
  0
ARC
  5
834F
330
203
100
AcDbEntity
  8
0
100
AcDbCircle
 10
1185.735484787168
 20
-51.98422353063197
 30
0.0
 40
2.0
100
AcDbArc
 50
342.0237382208023
 51
0.0
  0
ARC
  5
8350
330
203
100
AcDbEntity
  8
0
100
AcDbCircle
 10
1188.589038177761
 20
-40.61719911841882
 30
0.0
 40
0.9999999999999812
100
AcDbArc
 50
72.02373822079795
 51
197.9762617791719
  0
ARC
  5
8351
330
203
100
AcDbEntity
  8
0
100
AcDbCircle
 10
1185.735484787168
 20
-41.54306792501697
 30
0.0
 40
2.0
100
AcDbArc
 50
0.0
 51
17.97626177917272
  0
ARC
  5
8352
330
203
100
AcDbEntity
  8
0
100
AcDbCircle
 10
1189.51490698436
 20
-37.76364572782595
 30
0.0
 40
2.0
100
AcDbArc
 50
252.023738220798
 51
270.0
  0
ARC
  5
8353
330
203
100
AcDbEntity
  8
0
100
AcDbCircle
 10
1200.881931396573
 20
-40.61719911841996
 30
0.0
 40
0.9999999999999812
100
AcDbArc
 50
342.0237382208142
 51
107.9762617792021
  0
ARC
  5
8354
330
203
100
AcDbEntity
  8
0
100
AcDbCircle
 10
1199.956062589975
 20
-37.76364572782708
 30
0.0
 40
2.0
100
AcDbArc
 50
270.0
 51
287.976261779202
  0
ARC
  5
8355
330
203
100
AcDbEntity
  8
0
100
AcDbCircle
 10
1203.735484787167
 20
-41.54306792501811
 30
0.0
 40
2.0
100
AcDbArc
 50
162.0237382208142
 51
180.0000000000261
  0
LINE
  5
836C
330
203
100
AcDbEntity
  8
0
100
AcDbLine
 10
1127.59240698436
 20
-20.71364572782593
 30
0.0
 11
1138.033562589975
 21
-20.71364572782707
 31
0.0
  0
LINE
  5
836D
330
203
100
AcDbEntity
  8
0
100
AcDbLine
 10
1125.812984787167
 20
-22.49306792501696
 30
0.0
 11
1125.812984787167
 21
-32.93422353063195
 31
0.0
  0
LINE
  5
836E
330
203
100
AcDbEntity
  8
0
100
AcDbLine
 10
1139.812984787168
 20
-22.4930679250181
 30
0.0
 11
1139.812984787166
 21
-32.93422353063491
 31
0.0
  0
LINE
  5
836F
330
203
100
AcDbEntity
  8
0
100
AcDbLine
 10
1127.592406984359
 20
-34.71364572782593
 30
0.0
 11
1138.033562589973
 21
-34.71364572782593
 31
0.0
  0
ARC
  5
8370
330
203
100
AcDbEntity
  8
0
100
AcDbCircle
 10
1138.959431396573
 20
-33.86009233723306
 30
0.0
 40
0.9999999999999812
100
AcDbArc
 50
252.023738220798
 51
17.97626177917297
  0
ARC
  5
8371
330
203
100
AcDbEntity
  8
0
100
AcDbCircle
 10
1141.812984787166
 20
-32.93422353063491
 30
0.0
 40
2.0
100
AcDbArc
 50
180.0
 51
197.976261779172
  0
ARC
  5
8372
330
203
100
AcDbEntity
  8
0
100
AcDbCircle
 10
1138.033562589973
 20
-36.71364572782593
 30
0.0
 40
2.0
100
AcDbArc
 50
72.02373822079795
 51
90.0
  0
ARC
  5
8373
330
203
100
AcDbEntity
  8
0
100
AcDbCircle
 10
1126.66653817776
 20
-33.86009233723192
 30
0.0
 40
0.9999999999999812
100
AcDbArc
 50
162.0237382207988
 51
287.9762617791745
  0
ARC
  5
8374
330
203
100
AcDbEntity
  8
0
100
AcDbCircle
 10
1127.592406984359
 20
-36.71364572782502
 30
0.0
 40
2.0
100
AcDbArc
 50
90.0
 51
107.9762617791745
  0
ARC
  5
8375
330
203
100
AcDbEntity
  8
0
100
AcDbCircle
 10
1123.812984787168
 20
-32.93422353063195
 30
0.0
 40
2.0
100
AcDbArc
 50
342.0237382207989
 51
0.0
  0
ARC
  5
8376
330
203
100
AcDbEntity
  8
0
100
AcDbCircle
 10
1126.666538177761
 20
-21.56719911841881
 30
0.0
 40
0.9999999999999812
100
AcDbArc
 50
72.02373822079795
 51
197.976261779172
  0
ARC
  5
8377
330
203
100
AcDbEntity
  8
0
100
AcDbCircle
 10
1123.812984787168
 20
-22.49306792501696
 30
0.0
 40
2.0
100
AcDbArc
 50
0.0
 51
17.97626177917297
  0
ARC
  5
8378
330
203
100
AcDbEntity
  8
0
100
AcDbCircle
 10
1127.59240698436
 20
-18.71364572782593
 30
0.0
 40
2.0
100
AcDbArc
 50
252.023738220798
 51
270.0
  0
ARC
  5
8379
330
203
100
AcDbEntity
  8
0
100
AcDbCircle
 10
1138.959431396573
 20
-21.56719911841995
 30
0.0
 40
0.9999999999999812
100
AcDbArc
 50
342.0237382208169
 51
107.9762617792021
  0
ARC
  5
837A
330
203
100
AcDbEntity
  8
0
100
AcDbCircle
 10
1138.033562589975
 20
-18.71364572782707
 30
0.0
 40
2.0
100
AcDbArc
 50
270.0
 51
287.976261779202
  0
ARC
  5
837B
330
203
100
AcDbEntity
  8
0
100
AcDbCircle
 10
1141.812984787167
 20
-22.4930679250181
 30
0.0
 40
2.0
100
AcDbArc
 50
162.0237382208176
 51
180.0000000000261
  0
LINE
  5
8392
330
203
100
AcDbEntity
  8
0
100
AcDbLine
 10
1132.35490698436
 20
-39.76364572782595
 30
0.0
 11
1142.796062589975
 21
-39.76364572782708
 31
0.0
  0
LINE
  5
8393
330
203
100
AcDbEntity
  8
0
100
AcDbLine
 10
1130.575484787167
 20
-41.54306792501697
 30
0.0
 11
1130.575484787167
 21
-51.98422353063197
 31
0.0
  0
LINE
  5
8394
330
203
100
AcDbEntity
  8
0
100
AcDbLine
 10
1144.575484787168
 20
-41.54306792501811
 30
0.0
 11
1144.575484787166
 21
-51.98422353063492
 31
0.0
  0
LINE
  5
8395
330
203
100
AcDbEntity
  8
0
100
AcDbLine
 10
1132.354906984359
 20
-53.76364572782595
 30
0.0
 11
1142.796062589973
 21
-53.76364572782595
 31
0.0
  0
ARC
  5
8396
330
203
100
AcDbEntity
  8
0
100
AcDbCircle
 10
1143.721931396573
 20
-52.91009233723307
 30
0.0
 40
0.9999999999999812
100
AcDbArc
 50
252.023738220798
 51
17.97626177917284
  0
ARC
  5
8397
330
203
100
AcDbEntity
  8
0
100
AcDbCircle
 10
1146.575484787166
 20
-51.98422353063492
 30
0.0
 40
2.0
100
AcDbArc
 50
180.0
 51
197.976261779172
  0
ARC
  5
8398
330
203
100
AcDbEntity
  8
0
100
AcDbCircle
 10
1142.796062589973
 20
-55.76364572782595
 30
0.0
 40
2.0
100
AcDbArc
 50
72.02373822079795
 51
90.0
  0
ARC
  5
8399
330
203
100
AcDbEntity
  8
0
100
AcDbCircle
 10
1131.42903817776
 20
-52.91009233723193
 30
0.0
 40
0.9999999999999812
100
AcDbArc
 50
162.0237382207988
 51
287.9762617791745
  0
ARC
  5
839A
330
203
100
AcDbEntity
  8
0
100
AcDbCircle
 10
1132.354906984359
 20
-55.76364572782504
 30
0.0
 40
2.0
100
AcDbArc
 50
90.0
 51
107.9762617791745
  0
ARC
  5
839B
330
203
100
AcDbEntity
  8
0
100
AcDbCircle
 10
1128.575484787168
 20
-51.98422353063197
 30
0.0
 40
2.0
100
AcDbArc
 50
342.0237382207989
 51
0.0
  0
ARC
  5
839C
330
203
100
AcDbEntity
  8
0
100
AcDbCircle
 10
1131.429038177761
 20
-40.61719911841882
 30
0.0
 40
0.9999999999999812
100
AcDbArc
 50
72.02373822079795
 51
197.976261779172
  0
ARC
  5
839D
330
203
100
AcDbEntity
  8
0
100
AcDbCircle
 10
1128.575484787168
 20
-41.54306792501697
 30
0.0
 40
2.0
100
AcDbArc
 50
0.0
 51
17.97626177917284
  0
ARC
  5
839E
330
203
100
AcDbEntity
  8
0
100
AcDbCircle
 10
1132.35490698436
 20
-37.76364572782595
 30
0.0
 40
2.0
100
AcDbArc
 50
252.023738220798
 51
270.0
  0
ARC
  5
839F
330
203
100
AcDbEntity
  8
0
100
AcDbCircle
 10
1143.721931396573
 20
-40.61719911841996
 30
0.0
 40
0.9999999999999812
100
AcDbArc
 50
342.0237382208169
 51
107.9762617792021
  0
ARC
  5
83A0
330
203
100
AcDbEntity
  8
0
100
AcDbCircle
 10
1142.796062589975
 20
-37.76364572782708
 30
0.0
 40
2.0
100
AcDbArc
 50
270.0
 51
287.976261779202
  0
ARC
  5
83A1
330
203
100
AcDbEntity
  8
0
100
AcDbCircle
 10
1146.575484787167
 20
-41.54306792501811
 30
0.0
 40
2.0
100
AcDbArc
 50
162.0237382208176
 51
180.0000000000261
  0
LINE
  5
8448
330
203
100
AcDbEntity
  8
0
100
AcDbLine
 10
1008.52990698436
 20
-58.82364572782595
 30
0.0
 11
1018.971062589975
 21
-58.82364572782708
 31
0.0
  0
LINE
  5
8449
330
203
100
AcDbEntity
  8
0
100
AcDbLine
 10
1006.750484787167
 20
-60.60306792501697
 30
0.0
 11
1006.750484787167
 21
-71.04422353063197
 31
0.0
  0
LINE
  5
844A
330
203
100
AcDbEntity
  8
0
100
AcDbLine
 10
1020.750484787168
 20
-60.60306792501811
 30
0.0
 11
1020.750484787165
 21
-71.04422353063492
 31
0.0
  0
LINE
  5
844B
330
203
100
AcDbEntity
  8
0
100
AcDbLine
 10
1008.529906984358
 20
-72.82364572782595
 30
0.0
 11
1018.971062589973
 21
-72.82364572782595
 31
0.0
  0
ARC
  5
844C
330
203
100
AcDbEntity
  8
0
100
AcDbCircle
 10
1019.896931396573
 20
-71.97009233723307
 30
0.0
 40
0.9999999999999812
100
AcDbArc
 50
252.023738220798
 51
17.97626177917297
  0
ARC
  5
844D
330
203
100
AcDbEntity
  8
0
100
AcDbCircle
 10
1022.750484787165
 20
-71.04422353063492
 30
0.0
 40
2.0
100
AcDbArc
 50
180.0
 51
197.9762617791728
  0
ARC
  5
844E
330
203
100
AcDbEntity
  8
0
100
AcDbCircle
 10
1018.971062589973
 20
-74.82364572782595
 30
0.0
 40
2.0
100
AcDbArc
 50
72.02373822079795
 51
90.0
  0
ARC
  5
844F
330
203
100
AcDbEntity
  8
0
100
AcDbCircle
 10
1007.60403817776
 20
-71.97009233723193
 30
0.0
 40
0.9999999999999812
100
AcDbArc
 50
162.0237382208014
 51
287.9762617791745
  0
ARC
  5
8450
330
203
100
AcDbEntity
  8
0
100
AcDbCircle
 10
1008.529906984358
 20
-74.82364572782504
 30
0.0
 40
2.0
100
AcDbArc
 50
90.0
 51
107.9762617791745
  0
ARC
  5
8451
330
203
100
AcDbEntity
  8
0
100
AcDbCircle
 10
1004.750484787168
 20
-71.04422353063197
 30
0.0
 40
2.0
100
AcDbArc
 50
342.0237382208014
 51
0.0
  0
ARC
  5
8452
330
203
100
AcDbEntity
  8
0
100
AcDbCircle
 10
1007.604038177761
 20
-59.67719911841883
 30
0.0
 40
0.9999999999999812
100
AcDbArc
 50
72.02373822079795
 51
197.9762617791728
  0
ARC
  5
8453
330
203
100
AcDbEntity
  8
0
100
AcDbCircle
 10
1004.750484787168
 20
-60.60306792501697
 30
0.0
 40
2.0
100
AcDbArc
 50
0.0
 51
17.97626177917297
  0
ARC
  5
8454
330
203
100
AcDbEntity
  8
0
100
AcDbCircle
 10
1008.52990698436
 20
-56.82364572782595
 30
0.0
 40
2.0
100
AcDbArc
 50
252.023738220798
 51
270.0
  0
ARC
  5
8455
330
203
100
AcDbEntity
  8
0
100
AcDbCircle
 10
1019.896931396573
 20
-59.67719911841996
 30
0.0
 40
0.9999999999999812
100
AcDbArc
 50
342.0237382208143
 51
107.9762617792021
  0
ARC
  5
8456
330
203
100
AcDbEntity
  8
0
100
AcDbCircle
 10
1018.971062589975
 20
-56.82364572782708
 30
0.0
 40
2.0
100
AcDbArc
 50
270.0
 51
287.976261779202
  0
ARC
  5
8457
330
203
100
AcDbEntity
  8
0
100
AcDbCircle
 10
1022.750484787167
 20
-60.60306792501811
 30
0.0
 40
2.0
100
AcDbArc
 50
162.0237382208151
 51
180.0000000000261
  0
LINE
  5
8458
330
203
100
AcDbEntity
  8
0
100
AcDbLine
 10
1027.57990698436
 20
-58.82364572782595
 30
0.0
 11
1038.021062589975
 21
-58.82364572782708
 31
0.0
  0
LINE
  5
8459
330
203
100
AcDbEntity
  8
0
100
AcDbLine
 10
1025.800484787167
 20
-60.60306792501697
 30
0.0
 11
1025.800484787167
 21
-71.04422353063197
 31
0.0
  0
LINE
  5
845A
330
203
100
AcDbEntity
  8
0
100
AcDbLine
 10
1039.800484787168
 20
-60.60306792501811
 30
0.0
 11
1039.800484787165
 21
-71.04422353063492
 31
0.0
  0
LINE
  5
845B
330
203
100
AcDbEntity
  8
0
100
AcDbLine
 10
1027.579906984358
 20
-72.82364572782595
 30
0.0
 11
1038.021062589973
 21
-72.82364572782595
 31
0.0
  0
ARC
  5
845C
330
203
100
AcDbEntity
  8
0
100
AcDbCircle
 10
1038.946931396573
 20
-71.97009233723307
 30
0.0
 40
0.9999999999999812
100
AcDbArc
 50
252.023738220798
 51
17.97626177917297
  0
ARC
  5
845D
330
203
100
AcDbEntity
  8
0
100
AcDbCircle
 10
1041.800484787165
 20
-71.04422353063492
 30
0.0
 40
2.0
100
AcDbArc
 50
180.0
 51
197.9762617791728
  0
ARC
  5
845E
330
203
100
AcDbEntity
  8
0
100
AcDbCircle
 10
1038.021062589973
 20
-74.82364572782595
 30
0.0
 40
2.0
100
AcDbArc
 50
72.02373822079795
 51
90.0
  0
ARC
  5
845F
330
203
100
AcDbEntity
  8
0
100
AcDbCircle
 10
1026.65403817776
 20
-71.97009233723193
 30
0.0
 40
0.9999999999999812
100
AcDbArc
 50
162.0237382208014
 51
287.9762617791745
  0
ARC
  5
8460
330
203
100
AcDbEntity
  8
0
100
AcDbCircle
 10
1027.579906984358
 20
-74.82364572782504
 30
0.0
 40
2.0
100
AcDbArc
 50
90.0
 51
107.9762617791745
  0
ARC
  5
8461
330
203
100
AcDbEntity
  8
0
100
AcDbCircle
 10
1023.800484787168
 20
-71.04422353063197
 30
0.0
 40
2.0
100
AcDbArc
 50
342.0237382208014
 51
0.0
  0
ARC
  5
8462
330
203
100
AcDbEntity
  8
0
100
AcDbCircle
 10
1026.65403817776
 20
-59.67719911841883
 30
0.0
 40
0.9999999999999812
100
AcDbArc
 50
72.02373822079795
 51
197.9762617791728
  0
ARC
  5
8463
330
203
100
AcDbEntity
  8
0
100
AcDbCircle
 10
1023.800484787168
 20
-60.60306792501697
 30
0.0
 40
2.0
100
AcDbArc
 50
0.0
 51
17.97626177917297
  0
ARC
  5
8464
330
203
100
AcDbEntity
  8
0
100
AcDbCircle
 10
1027.57990698436
 20
-56.82364572782595
 30
0.0
 40
2.0
100
AcDbArc
 50
252.023738220798
 51
270.0
  0
ARC
  5
8465
330
203
100
AcDbEntity
  8
0
100
AcDbCircle
 10
1038.946931396573
 20
-59.67719911841996
 30
0.0
 40
0.9999999999999812
100
AcDbArc
 50
342.0237382208143
 51
107.9762617792021
  0
ARC
  5
8466
330
203
100
AcDbEntity
  8
0
100
AcDbCircle
 10
1038.021062589975
 20
-56.82364572782708
 30
0.0
 40
2.0
100
AcDbArc
 50
270.0
 51
287.976261779202
  0
ARC
  5
8467
330
203
100
AcDbEntity
  8
0
100
AcDbCircle
 10
1041.800484787167
 20
-60.60306792501811
 30
0.0
 40
2.0
100
AcDbArc
 50
162.0237382208151
 51
180.0000000000261
  0
LINE
  5
8468
330
203
100
AcDbEntity
  8
0
100
AcDbLine
 10
1046.62990698436
 20
-58.82364572782595
 30
0.0
 11
1057.071062589975
 21
-58.82364572782708
 31
0.0
  0
LINE
  5
8469
330
203
100
AcDbEntity
  8
0
100
AcDbLine
 10
1044.850484787167
 20
-60.60306792501697
 30
0.0
 11
1044.850484787167
 21
-71.04422353063197
 31
0.0
  0
LINE
  5
846A
330
203
100
AcDbEntity
  8
0
100
AcDbLine
 10
1058.850484787168
 20
-60.60306792501811
 30
0.0
 11
1058.850484787165
 21
-71.04422353063492
 31
0.0
  0
LINE
  5
846B
330
203
100
AcDbEntity
  8
0
100
AcDbLine
 10
1046.629906984359
 20
-72.82364572782595
 30
0.0
 11
1057.071062589973
 21
-72.82364572782595
 31
0.0
  0
ARC
  5
846C
330
203
100
AcDbEntity
  8
0
100
AcDbCircle
 10
1057.996931396573
 20
-71.97009233723307
 30
0.0
 40
0.9999999999999812
100
AcDbArc
 50
252.023738220798
 51
17.97626177917297
  0
ARC
  5
846D
330
203
100
AcDbEntity
  8
0
100
AcDbCircle
 10
1060.850484787165
 20
-71.04422353063492
 30
0.0
 40
2.0
100
AcDbArc
 50
180.0
 51
197.976261779172
  0
ARC
  5
846E
330
203
100
AcDbEntity
  8
0
100
AcDbCircle
 10
1057.071062589973
 20
-74.82364572782595
 30
0.0
 40
2.0
100
AcDbArc
 50
72.02373822079795
 51
90.0
  0
ARC
  5
846F
330
203
100
AcDbEntity
  8
0
100
AcDbCircle
 10
1045.70403817776
 20
-71.97009233723193
 30
0.0
 40
0.9999999999999812
100
AcDbArc
 50
162.0237382208014
 51
287.9762617791745
  0
ARC
  5
8470
330
203
100
AcDbEntity
  8
0
100
AcDbCircle
 10
1046.629906984359
 20
-74.82364572782504
 30
0.0
 40
2.0
100
AcDbArc
 50
90.0
 51
107.9762617791745
  0
ARC
  5
8471
330
203
100
AcDbEntity
  8
0
100
AcDbCircle
 10
1042.850484787168
 20
-71.04422353063197
 30
0.0
 40
2.0
100
AcDbArc
 50
342.0237382208014
 51
0.0
  0
ARC
  5
8472
330
203
100
AcDbEntity
  8
0
100
AcDbCircle
 10
1045.704038177761
 20
-59.67719911841883
 30
0.0
 40
0.9999999999999812
100
AcDbArc
 50
72.02373822079795
 51
197.976261779172
  0
ARC
  5
8473
330
203
100
AcDbEntity
  8
0
100
AcDbCircle
 10
1042.850484787168
 20
-60.60306792501697
 30
0.0
 40
2.0
100
AcDbArc
 50
0.0
 51
17.97626177917297
  0
ARC
  5
8474
330
203
100
AcDbEntity
  8
0
100
AcDbCircle
 10
1046.62990698436
 20
-56.82364572782595
 30
0.0
 40
2.0
100
AcDbArc
 50
252.023738220798
 51
270.0
  0
ARC
  5
8475
330
203
100
AcDbEntity
  8
0
100
AcDbCircle
 10
1057.996931396573
 20
-59.67719911841996
 30
0.0
 40
0.9999999999999812
100
AcDbArc
 50
342.0237382208143
 51
107.9762617792021
  0
ARC
  5
8476
330
203
100
AcDbEntity
  8
0
100
AcDbCircle
 10
1057.071062589975
 20
-56.82364572782708
 30
0.0
 40
2.0
100
AcDbArc
 50
270.0
 51
287.976261779202
  0
ARC
  5
8477
330
203
100
AcDbEntity
  8
0
100
AcDbCircle
 10
1060.850484787167
 20
-60.60306792501811
 30
0.0
 40
2.0
100
AcDbArc
 50
162.0237382208151
 51
180.0000000000261
  0
LINE
  5
8478
330
203
100
AcDbEntity
  8
0
100
AcDbLine
 10
1065.67990698436
 20
-58.82364572782595
 30
0.0
 11
1076.121062589975
 21
-58.82364572782708
 31
0.0
  0
LINE
  5
8479
330
203
100
AcDbEntity
  8
0
100
AcDbLine
 10
1063.900484787167
 20
-60.60306792501697
 30
0.0
 11
1063.900484787167
 21
-71.04422353063197
 31
0.0
  0
LINE
  5
847A
330
203
100
AcDbEntity
  8
0
100
AcDbLine
 10
1077.900484787168
 20
-60.60306792501811
 30
0.0
 11
1077.900484787166
 21
-71.04422353063492
 31
0.0
  0
LINE
  5
847B
330
203
100
AcDbEntity
  8
0
100
AcDbLine
 10
1065.679906984359
 20
-72.82364572782595
 30
0.0
 11
1076.121062589973
 21
-72.82364572782595
 31
0.0
  0
ARC
  5
847C
330
203
100
AcDbEntity
  8
0
100
AcDbCircle
 10
1077.046931396573
 20
-71.97009233723307
 30
0.0
 40
0.9999999999999812
100
AcDbArc
 50
252.023738220798
 51
17.97626177917297
  0
ARC
  5
847D
330
203
100
AcDbEntity
  8
0
100
AcDbCircle
 10
1079.900484787166
 20
-71.04422353063492
 30
0.0
 40
2.0
100
AcDbArc
 50
180.0
 51
197.9762617791728
  0
ARC
  5
847E
330
203
100
AcDbEntity
  8
0
100
AcDbCircle
 10
1076.121062589973
 20
-74.82364572782595
 30
0.0
 40
2.0
100
AcDbArc
 50
72.02373822079795
 51
90.0
  0
ARC
  5
847F
330
203
100
AcDbEntity
  8
0
100
AcDbCircle
 10
1064.75403817776
 20
-71.97009233723193
 30
0.0
 40
0.9999999999999812
100
AcDbArc
 50
162.0237382208014
 51
287.9762617791745
  0
ARC
  5
8480
330
203
100
AcDbEntity
  8
0
100
AcDbCircle
 10
1065.679906984359
 20
-74.82364572782504
 30
0.0
 40
2.0
100
AcDbArc
 50
90.0
 51
107.9762617791745
  0
ARC
  5
8481
330
203
100
AcDbEntity
  8
0
100
AcDbCircle
 10
1061.900484787168
 20
-71.04422353063197
 30
0.0
 40
2.0
100
AcDbArc
 50
342.0237382208014
 51
0.0
  0
ARC
  5
8482
330
203
100
AcDbEntity
  8
0
100
AcDbCircle
 10
1064.754038177761
 20
-59.67719911841883
 30
0.0
 40
0.9999999999999812
100
AcDbArc
 50
72.02373822079795
 51
197.9762617791728
  0
ARC
  5
8483
330
203
100
AcDbEntity
  8
0
100
AcDbCircle
 10
1061.900484787168
 20
-60.60306792501697
 30
0.0
 40
2.0
100
AcDbArc
 50
0.0
 51
17.97626177917297
  0
ARC
  5
8484
330
203
100
AcDbEntity
  8
0
100
AcDbCircle
 10
1065.67990698436
 20
-56.82364572782595
 30
0.0
 40
2.0
100
AcDbArc
 50
252.023738220798
 51
270.0
  0
ARC
  5
8485
330
203
100
AcDbEntity
  8
0
100
AcDbCircle
 10
1077.046931396573
 20
-59.67719911841996
 30
0.0
 40
0.9999999999999812
100
AcDbArc
 50
342.0237382208143
 51
107.9762617792021
  0
ARC
  5
8486
330
203
100
AcDbEntity
  8
0
100
AcDbCircle
 10
1076.121062589975
 20
-56.82364572782708
 30
0.0
 40
2.0
100
AcDbArc
 50
270.0
 51
287.976261779202
  0
ARC
  5
8487
330
203
100
AcDbEntity
  8
0
100
AcDbCircle
 10
1079.900484787167
 20
-60.60306792501811
 30
0.0
 40
2.0
100
AcDbArc
 50
162.0237382208151
 51
180.0000000000261
  0
LINE
  5
8488
330
203
100
AcDbEntity
  8
0
100
AcDbLine
 10
1084.73990698436
 20
-58.82364572782595
 30
0.0
 11
1095.181062589975
 21
-58.82364572782708
 31
0.0
  0
LINE
  5
8489
330
203
100
AcDbEntity
  8
0
100
AcDbLine
 10
1082.960484787167
 20
-60.60306792501697
 30
0.0
 11
1082.960484787167
 21
-71.04422353063197
 31
0.0
  0
LINE
  5
848A
330
203
100
AcDbEntity
  8
0
100
AcDbLine
 10
1096.960484787168
 20
-60.60306792501811
 30
0.0
 11
1096.960484787166
 21
-71.04422353063492
 31
0.0
  0
LINE
  5
848B
330
203
100
AcDbEntity
  8
0
100
AcDbLine
 10
1084.739906984359
 20
-72.82364572782595
 30
0.0
 11
1095.181062589973
 21
-72.82364572782595
 31
0.0
  0
ARC
  5
848C
330
203
100
AcDbEntity
  8
0
100
AcDbCircle
 10
1096.106931396573
 20
-71.97009233723307
 30
0.0
 40
0.9999999999999812
100
AcDbArc
 50
252.023738220798
 51
17.97626177917297
  0
ARC
  5
848D
330
203
100
AcDbEntity
  8
0
100
AcDbCircle
 10
1098.960484787166
 20
-71.04422353063492
 30
0.0
 40
2.0
100
AcDbArc
 50
180.0
 51
197.976261779172
  0
ARC
  5
848E
330
203
100
AcDbEntity
  8
0
100
AcDbCircle
 10
1095.181062589973
 20
-74.82364572782595
 30
0.0
 40
2.0
100
AcDbArc
 50
72.02373822079795
 51
90.0
  0
ARC
  5
848F
330
203
100
AcDbEntity
  8
0
100
AcDbCircle
 10
1083.81403817776
 20
-71.97009233723193
 30
0.0
 40
0.9999999999999812
100
AcDbArc
 50
162.0237382208014
 51
287.9762617791745
  0
ARC
  5
8490
330
203
100
AcDbEntity
  8
0
100
AcDbCircle
 10
1084.739906984359
 20
-74.82364572782504
 30
0.0
 40
2.0
100
AcDbArc
 50
90.0
 51
107.9762617791745
  0
ARC
  5
8491
330
203
100
AcDbEntity
  8
0
100
AcDbCircle
 10
1080.960484787168
 20
-71.04422353063197
 30
0.0
 40
2.0
100
AcDbArc
 50
342.0237382208014
 51
0.0
  0
ARC
  5
8492
330
203
100
AcDbEntity
  8
0
100
AcDbCircle
 10
1083.814038177761
 20
-59.67719911841883
 30
0.0
 40
0.9999999999999812
100
AcDbArc
 50
72.02373822079795
 51
197.976261779172
  0
ARC
  5
8493
330
203
100
AcDbEntity
  8
0
100
AcDbCircle
 10
1080.960484787168
 20
-60.60306792501697
 30
0.0
 40
2.0
100
AcDbArc
 50
0.0
 51
17.97626177917297
  0
ARC
  5
8494
330
203
100
AcDbEntity
  8
0
100
AcDbCircle
 10
1084.73990698436
 20
-56.82364572782595
 30
0.0
 40
2.0
100
AcDbArc
 50
252.023738220798
 51
270.0
  0
ARC
  5
8495
330
203
100
AcDbEntity
  8
0
100
AcDbCircle
 10
1096.106931396573
 20
-59.67719911841996
 30
0.0
 40
0.9999999999999812
100
AcDbArc
 50
342.0237382208143
 51
107.9762617792021
  0
ARC
  5
8496
330
203
100
AcDbEntity
  8
0
100
AcDbCircle
 10
1095.181062589975
 20
-56.82364572782708
 30
0.0
 40
2.0
100
AcDbArc
 50
270.0
 51
287.976261779202
  0
ARC
  5
8497
330
203
100
AcDbEntity
  8
0
100
AcDbCircle
 10
1098.960484787167
 20
-60.60306792501811
 30
0.0
 40
2.0
100
AcDbArc
 50
162.0237382208151
 51
180.0000000000261
  0
LINE
  5
8498
330
203
100
AcDbEntity
  8
0
100
AcDbLine
 10
1103.78990698436
 20
-58.82364572782595
 30
0.0
 11
1114.231062589975
 21
-58.82364572782708
 31
0.0
  0
LINE
  5
8499
330
203
100
AcDbEntity
  8
0
100
AcDbLine
 10
1102.010484787167
 20
-60.60306792501697
 30
0.0
 11
1102.010484787167
 21
-71.04422353063197
 31
0.0
  0
LINE
  5
849A
330
203
100
AcDbEntity
  8
0
100
AcDbLine
 10
1116.010484787168
 20
-60.60306792501811
 30
0.0
 11
1116.010484787165
 21
-71.04422353063492
 31
0.0
  0
LINE
  5
849B
330
203
100
AcDbEntity
  8
0
100
AcDbLine
 10
1103.789906984358
 20
-72.82364572782595
 30
0.0
 11
1114.231062589973
 21
-72.82364572782595
 31
0.0
  0
ARC
  5
849C
330
203
100
AcDbEntity
  8
0
100
AcDbCircle
 10
1115.156931396573
 20
-71.97009233723307
 30
0.0
 40
0.9999999999999812
100
AcDbArc
 50
252.023738220798
 51
17.97626177917297
  0
ARC
  5
849D
330
203
100
AcDbEntity
  8
0
100
AcDbCircle
 10
1118.010484787165
 20
-71.04422353063492
 30
0.0
 40
2.0
100
AcDbArc
 50
180.0
 51
197.976261779172
  0
ARC
  5
849E
330
203
100
AcDbEntity
  8
0
100
AcDbCircle
 10
1114.231062589973
 20
-74.82364572782595
 30
0.0
 40
2.0
100
AcDbArc
 50
72.02373822079795
 51
90.0
  0
ARC
  5
849F
330
203
100
AcDbEntity
  8
0
100
AcDbCircle
 10
1102.86403817776
 20
-71.97009233723193
 30
0.0
 40
0.9999999999999812
100
AcDbArc
 50
162.0237382208014
 51
287.9762617791745
  0
ARC
  5
84A0
330
203
100
AcDbEntity
  8
0
100
AcDbCircle
 10
1103.789906984358
 20
-74.82364572782504
 30
0.0
 40
2.0
100
AcDbArc
 50
90.0
 51
107.9762617791745
  0
ARC
  5
84A1
330
203
100
AcDbEntity
  8
0
100
AcDbCircle
 10
1100.010484787168
 20
-71.04422353063197
 30
0.0
 40
2.0
100
AcDbArc
 50
342.0237382208014
 51
0.0
  0
ARC
  5
84A2
330
203
100
AcDbEntity
  8
0
100
AcDbCircle
 10
1102.86403817776
 20
-59.67719911841883
 30
0.0
 40
0.9999999999999812
100
AcDbArc
 50
72.02373822079795
 51
197.976261779172
  0
ARC
  5
84A3
330
203
100
AcDbEntity
  8
0
100
AcDbCircle
 10
1100.010484787168
 20
-60.60306792501697
 30
0.0
 40
2.0
100
AcDbArc
 50
0.0
 51
17.97626177917297
  0
ARC
  5
84A4
330
203
100
AcDbEntity
  8
0
100
AcDbCircle
 10
1103.78990698436
 20
-56.82364572782595
 30
0.0
 40
2.0
100
AcDbArc
 50
252.023738220798
 51
270.0
  0
ARC
  5
84A5
330
203
100
AcDbEntity
  8
0
100
AcDbCircle
 10
1115.156931396573
 20
-59.67719911841996
 30
0.0
 40
0.9999999999999812
100
AcDbArc
 50
342.0237382208143
 51
107.9762617792021
  0
ARC
  5
84A6
330
203
100
AcDbEntity
  8
0
100
AcDbCircle
 10
1114.231062589975
 20
-56.82364572782708
 30
0.0
 40
2.0
100
AcDbArc
 50
270.0
 51
287.976261779202
  0
ARC
  5
84A7
330
203
100
AcDbEntity
  8
0
100
AcDbCircle
 10
1118.010484787167
 20
-60.60306792501811
 30
0.0
 40
2.0
100
AcDbArc
 50
162.0237382208151
 51
180.0000000000261
  0
LINE
  5
84A8
330
203
100
AcDbEntity
  8
0
100
AcDbLine
 10
1141.87990698436
 20
-58.82364572782595
 30
0.0
 11
1152.321062589975
 21
-58.82364572782708
 31
0.0
  0
LINE
  5
84A9
330
203
100
AcDbEntity
  8
0
100
AcDbLine
 10
1140.100484787167
 20
-60.60306792501697
 30
0.0
 11
1140.100484787167
 21
-71.04422353063197
 31
0.0
  0
LINE
  5
84AA
330
203
100
AcDbEntity
  8
0
100
AcDbLine
 10
1154.100484787168
 20
-60.60306792501811
 30
0.0
 11
1154.100484787165
 21
-71.04422353063492
 31
0.0
  0
LINE
  5
84AB
330
203
100
AcDbEntity
  8
0
100
AcDbLine
 10
1141.879906984359
 20
-72.82364572782595
 30
0.0
 11
1152.321062589973
 21
-72.82364572782595
 31
0.0
  0
ARC
  5
84AC
330
203
100
AcDbEntity
  8
0
100
AcDbCircle
 10
1153.246931396573
 20
-71.97009233723307
 30
0.0
 40
0.9999999999999812
100
AcDbArc
 50
252.023738220798
 51
17.97626177917297
  0
ARC
  5
84AD
330
203
100
AcDbEntity
  8
0
100
AcDbCircle
 10
1156.100484787165
 20
-71.04422353063492
 30
0.0
 40
2.0
100
AcDbArc
 50
180.0
 51
197.976261779172
  0
ARC
  5
84AE
330
203
100
AcDbEntity
  8
0
100
AcDbCircle
 10
1152.321062589973
 20
-74.82364572782595
 30
0.0
 40
2.0
100
AcDbArc
 50
72.02373822079795
 51
90.0
  0
ARC
  5
84AF
330
203
100
AcDbEntity
  8
0
100
AcDbCircle
 10
1140.95403817776
 20
-71.97009233723193
 30
0.0
 40
0.9999999999999812
100
AcDbArc
 50
162.0237382208014
 51
287.9762617791745
  0
ARC
  5
84B0
330
203
100
AcDbEntity
  8
0
100
AcDbCircle
 10
1141.879906984359
 20
-74.82364572782504
 30
0.0
 40
2.0
100
AcDbArc
 50
90.0
 51
107.9762617791745
  0
ARC
  5
84B1
330
203
100
AcDbEntity
  8
0
100
AcDbCircle
 10
1138.100484787168
 20
-71.04422353063197
 30
0.0
 40
2.0
100
AcDbArc
 50
342.0237382208014
 51
0.0
  0
ARC
  5
84B2
330
203
100
AcDbEntity
  8
0
100
AcDbCircle
 10
1140.954038177761
 20
-59.67719911841883
 30
0.0
 40
0.9999999999999812
100
AcDbArc
 50
72.02373822079795
 51
197.976261779172
  0
ARC
  5
84B3
330
203
100
AcDbEntity
  8
0
100
AcDbCircle
 10
1138.100484787168
 20
-60.60306792501697
 30
0.0
 40
2.0
100
AcDbArc
 50
0.0
 51
17.97626177917297
  0
ARC
  5
84B4
330
203
100
AcDbEntity
  8
0
100
AcDbCircle
 10
1141.87990698436
 20
-56.82364572782595
 30
0.0
 40
2.0
100
AcDbArc
 50
252.023738220798
 51
270.0
  0
ARC
  5
84B5
330
203
100
AcDbEntity
  8
0
100
AcDbCircle
 10
1153.246931396573
 20
-59.67719911841996
 30
0.0
 40
0.9999999999999812
100
AcDbArc
 50
342.0237382208143
 51
107.9762617792021
  0
ARC
  5
84B6
330
203
100
AcDbEntity
  8
0
100
AcDbCircle
 10
1152.321062589975
 20
-56.82364572782708
 30
0.0
 40
2.0
100
AcDbArc
 50
270.0
 51
287.976261779202
  0
ARC
  5
84B7
330
203
100
AcDbEntity
  8
0
100
AcDbCircle
 10
1156.100484787167
 20
-60.60306792501811
 30
0.0
 40
2.0
100
AcDbArc
 50
162.0237382208151
 51
180.0000000000261
  0
LINE
  5
84B8
330
203
100
AcDbEntity
  8
0
100
AcDbLine
 10
1160.92990698436
 20
-58.82364572782595
 30
0.0
 11
1171.371062589975
 21
-58.82364572782708
 31
0.0
  0
LINE
  5
84B9
330
203
100
AcDbEntity
  8
0
100
AcDbLine
 10
1159.150484787167
 20
-60.60306792501697
 30
0.0
 11
1159.150484787167
 21
-71.04422353063197
 31
0.0
  0
LINE
  5
84BA
330
203
100
AcDbEntity
  8
0
100
AcDbLine
 10
1173.150484787168
 20
-60.60306792501811
 30
0.0
 11
1173.150484787165
 21
-71.04422353063492
 31
0.0
  0
LINE
  5
84BB
330
203
100
AcDbEntity
  8
0
100
AcDbLine
 10
1160.929906984358
 20
-72.82364572782595
 30
0.0
 11
1171.371062589973
 21
-72.82364572782595
 31
0.0
  0
ARC
  5
84BC
330
203
100
AcDbEntity
  8
0
100
AcDbCircle
 10
1172.296931396573
 20
-71.97009233723307
 30
0.0
 40
0.9999999999999812
100
AcDbArc
 50
252.023738220798
 51
17.97626177917297
  0
ARC
  5
84BD
330
203
100
AcDbEntity
  8
0
100
AcDbCircle
 10
1175.150484787165
 20
-71.04422353063492
 30
0.0
 40
2.0
100
AcDbArc
 50
180.0
 51
197.976261779172
  0
ARC
  5
84BE
330
203
100
AcDbEntity
  8
0
100
AcDbCircle
 10
1171.371062589973
 20
-74.82364572782595
 30
0.0
 40
2.0
100
AcDbArc
 50
72.02373822079795
 51
90.0
  0
ARC
  5
84BF
330
203
100
AcDbEntity
  8
0
100
AcDbCircle
 10
1160.00403817776
 20
-71.97009233723193
 30
0.0
 40
0.9999999999999812
100
AcDbArc
 50
162.0237382208014
 51
287.9762617791745
  0
ARC
  5
84C0
330
203
100
AcDbEntity
  8
0
100
AcDbCircle
 10
1160.929906984358
 20
-74.82364572782504
 30
0.0
 40
2.0
100
AcDbArc
 50
90.0
 51
107.9762617791745
  0
ARC
  5
84C1
330
203
100
AcDbEntity
  8
0
100
AcDbCircle
 10
1157.150484787168
 20
-71.04422353063197
 30
0.0
 40
2.0
100
AcDbArc
 50
342.0237382208014
 51
0.0
  0
ARC
  5
84C2
330
203
100
AcDbEntity
  8
0
100
AcDbCircle
 10
1160.00403817776
 20
-59.67719911841883
 30
0.0
 40
0.9999999999999812
100
AcDbArc
 50
72.02373822079795
 51
197.976261779172
  0
ARC
  5
84C3
330
203
100
AcDbEntity
  8
0
100
AcDbCircle
 10
1157.150484787168
 20
-60.60306792501697
 30
0.0
 40
2.0
100
AcDbArc
 50
0.0
 51
17.97626177917297
  0
ARC
  5
84C4
330
203
100
AcDbEntity
  8
0
100
AcDbCircle
 10
1160.92990698436
 20
-56.82364572782595
 30
0.0
 40
2.0
100
AcDbArc
 50
252.023738220798
 51
270.0
  0
ARC
  5
84C5
330
203
100
AcDbEntity
  8
0
100
AcDbCircle
 10
1172.296931396573
 20
-59.67719911841996
 30
0.0
 40
0.9999999999999812
100
AcDbArc
 50
342.0237382208151
 51
107.9762617792021
  0
ARC
  5
84C6
330
203
100
AcDbEntity
  8
0
100
AcDbCircle
 10
1171.371062589975
 20
-56.82364572782708
 30
0.0
 40
2.0
100
AcDbArc
 50
270.0
 51
287.976261779202
  0
ARC
  5
84C7
330
203
100
AcDbEntity
  8
0
100
AcDbCircle
 10
1175.150484787167
 20
-60.60306792501811
 30
0.0
 40
2.0
100
AcDbArc
 50
162.0237382208151
 51
180.0000000000261
  0
LINE
  5
84C8
330
203
100
AcDbEntity
  8
0
100
AcDbLine
 10
1179.97990698436
 20
-58.82364572782595
 30
0.0
 11
1190.421062589975
 21
-58.82364572782708
 31
0.0
  0
LINE
  5
84C9
330
203
100
AcDbEntity
  8
0
100
AcDbLine
 10
1178.200484787167
 20
-60.60306792501697
 30
0.0
 11
1178.200484787167
 21
-71.04422353063197
 31
0.0
  0
LINE
  5
84CA
330
203
100
AcDbEntity
  8
0
100
AcDbLine
 10
1192.200484787168
 20
-60.60306792501811
 30
0.0
 11
1192.200484787165
 21
-71.04422353063492
 31
0.0
  0
LINE
  5
84CB
330
203
100
AcDbEntity
  8
0
100
AcDbLine
 10
1179.979906984358
 20
-72.82364572782595
 30
0.0
 11
1190.421062589973
 21
-72.82364572782595
 31
0.0
  0
ARC
  5
84CC
330
203
100
AcDbEntity
  8
0
100
AcDbCircle
 10
1191.346931396573
 20
-71.97009233723307
 30
0.0
 40
0.9999999999999812
100
AcDbArc
 50
252.023738220798
 51
17.97626177917297
  0
ARC
  5
84CD
330
203
100
AcDbEntity
  8
0
100
AcDbCircle
 10
1194.200484787165
 20
-71.04422353063492
 30
0.0
 40
2.0
100
AcDbArc
 50
180.0
 51
197.976261779172
  0
ARC
  5
84CE
330
203
100
AcDbEntity
  8
0
100
AcDbCircle
 10
1190.421062589973
 20
-74.82364572782595
 30
0.0
 40
2.0
100
AcDbArc
 50
72.02373822079795
 51
90.0
  0
ARC
  5
84CF
330
203
100
AcDbEntity
  8
0
100
AcDbCircle
 10
1179.05403817776
 20
-71.97009233723193
 30
0.0
 40
0.9999999999999812
100
AcDbArc
 50
162.0237382208014
 51
287.9762617791745
  0
ARC
  5
84D0
330
203
100
AcDbEntity
  8
0
100
AcDbCircle
 10
1179.979906984358
 20
-74.82364572782504
 30
0.0
 40
2.0
100
AcDbArc
 50
90.0
 51
107.9762617791745
  0
ARC
  5
84D1
330
203
100
AcDbEntity
  8
0
100
AcDbCircle
 10
1176.200484787168
 20
-71.04422353063197
 30
0.0
 40
2.0
100
AcDbArc
 50
342.0237382208014
 51
0.0
  0
ARC
  5
84D2
330
203
100
AcDbEntity
  8
0
100
AcDbCircle
 10
1179.054038177761
 20
-59.67719911841883
 30
0.0
 40
0.9999999999999812
100
AcDbArc
 50
72.02373822079795
 51
197.976261779172
  0
ARC
  5
84D3
330
203
100
AcDbEntity
  8
0
100
AcDbCircle
 10
1176.200484787168
 20
-60.60306792501697
 30
0.0
 40
2.0
100
AcDbArc
 50
0.0
 51
17.97626177917297
  0
ARC
  5
84D4
330
203
100
AcDbEntity
  8
0
100
AcDbCircle
 10
1179.97990698436
 20
-56.82364572782595
 30
0.0
 40
2.0
100
AcDbArc
 50
252.023738220798
 51
270.0
  0
ARC
  5
84D5
330
203
100
AcDbEntity
  8
0
100
AcDbCircle
 10
1191.346931396573
 20
-59.67719911841996
 30
0.0
 40
0.9999999999999812
100
AcDbArc
 50
342.0237382208151
 51
107.9762617792021
  0
ARC
  5
84D6
330
203
100
AcDbEntity
  8
0
100
AcDbCircle
 10
1190.421062589975
 20
-56.82364572782708
 30
0.0
 40
2.0
100
AcDbArc
 50
270.0
 51
287.976261779202
  0
ARC
  5
84D7
330
203
100
AcDbEntity
  8
0
100
AcDbCircle
 10
1194.200484787167
 20
-60.60306792501811
 30
0.0
 40
2.0
100
AcDbArc
 50
162.0237382208151
 51
180.0000000000261
  0
LINE
  5
84D8
330
203
100
AcDbEntity
  8
0
100
AcDbLine
 10
1122.81990698436
 20
-58.82364572782595
 30
0.0
 11
1133.261062589975
 21
-58.82364572782708
 31
0.0
  0
LINE
  5
84D9
330
203
100
AcDbEntity
  8
0
100
AcDbLine
 10
1121.040484787167
 20
-60.60306792501697
 30
0.0
 11
1121.040484787167
 21
-71.04422353063197
 31
0.0
  0
LINE
  5
84DA
330
203
100
AcDbEntity
  8
0
100
AcDbLine
 10
1135.040484787168
 20
-60.60306792501811
 30
0.0
 11
1135.040484787165
 21
-71.04422353063492
 31
0.0
  0
LINE
  5
84DB
330
203
100
AcDbEntity
  8
0
100
AcDbLine
 10
1122.819906984359
 20
-72.82364572782595
 30
0.0
 11
1133.261062589973
 21
-72.82364572782595
 31
0.0
  0
ARC
  5
84DC
330
203
100
AcDbEntity
  8
0
100
AcDbCircle
 10
1134.186931396573
 20
-71.97009233723307
 30
0.0
 40
0.9999999999999812
100
AcDbArc
 50
252.023738220798
 51
17.97626177917297
  0
ARC
  5
84DD
330
203
100
AcDbEntity
  8
0
100
AcDbCircle
 10
1137.040484787165
 20
-71.04422353063492
 30
0.0
 40
2.0
100
AcDbArc
 50
180.0
 51
197.976261779172
  0
ARC
  5
84DE
330
203
100
AcDbEntity
  8
0
100
AcDbCircle
 10
1133.261062589973
 20
-74.82364572782595
 30
0.0
 40
2.0
100
AcDbArc
 50
72.02373822079795
 51
90.0
  0
ARC
  5
84DF
330
203
100
AcDbEntity
  8
0
100
AcDbCircle
 10
1121.89403817776
 20
-71.97009233723193
 30
0.0
 40
0.9999999999999812
100
AcDbArc
 50
162.0237382207988
 51
287.9762617791745
  0
ARC
  5
84E0
330
203
100
AcDbEntity
  8
0
100
AcDbCircle
 10
1122.819906984359
 20
-74.82364572782504
 30
0.0
 40
2.0
100
AcDbArc
 50
90.0
 51
107.9762617791745
  0
ARC
  5
84E1
330
203
100
AcDbEntity
  8
0
100
AcDbCircle
 10
1119.040484787168
 20
-71.04422353063197
 30
0.0
 40
2.0
100
AcDbArc
 50
342.0237382207989
 51
0.0
  0
ARC
  5
84E2
330
203
100
AcDbEntity
  8
0
100
AcDbCircle
 10
1121.894038177761
 20
-59.67719911841883
 30
0.0
 40
0.9999999999999812
100
AcDbArc
 50
72.02373822079795
 51
197.976261779172
  0
ARC
  5
84E3
330
203
100
AcDbEntity
  8
0
100
AcDbCircle
 10
1119.040484787168
 20
-60.60306792501697
 30
0.0
 40
2.0
100
AcDbArc
 50
0.0
 51
17.97626177917297
  0
ARC
  5
84E4
330
203
100
AcDbEntity
  8
0
100
AcDbCircle
 10
1122.81990698436
 20
-56.82364572782595
 30
0.0
 40
2.0
100
AcDbArc
 50
252.023738220798
 51
270.0
  0
ARC
  5
84E5
330
203
100
AcDbEntity
  8
0
100
AcDbCircle
 10
1134.186931396573
 20
-59.67719911841996
 30
0.0
 40
0.9999999999999812
100
AcDbArc
 50
342.0237382208169
 51
107.9762617792021
  0
ARC
  5
84E6
330
203
100
AcDbEntity
  8
0
100
AcDbCircle
 10
1133.261062589975
 20
-56.82364572782708
 30
0.0
 40
2.0
100
AcDbArc
 50
270.0
 51
287.976261779202
  0
ARC
  5
84E7
330
203
100
AcDbEntity
  8
0
100
AcDbCircle
 10
1137.040484787167
 20
-60.60306792501811
 30
0.0
 40
2.0
100
AcDbArc
 50
162.0237382208176
 51
180.0000000000261
  0
INSERT
  5
84F1
330
203
100
AcDbEntity
  8
0
100
AcDbBlockReference
  2
block 72
 10
880.7697010940235
 20
-218.7987845173004
 30
0.0
  0
LINE
  5
852F
330
203
100
AcDbEntity
  8
0
100
AcDbLine
 10
970.4199069843598
 20
-77.85614572782595
 30
0.0
 11
980.8610625899751
 21
-77.85614572782708
 31
0.0
  0
LINE
  5
8530
330
203
100
AcDbEntity
  8
0
100
AcDbLine
 10
968.6404847871668
 20
-79.63556792501697
 30
0.0
 11
968.6404847871668
 21
-90.07672353063197
 31
0.0
  0
LINE
  5
8531
330
203
100
AcDbEntity
  8
0
100
AcDbLine
 10
982.6404847871681
 20
-79.63556792501811
 30
0.0
 11
982.6404847871654
 21
-90.07672353063492
 31
0.0
  0
LINE
  5
8532
330
203
100
AcDbEntity
  8
0
100
AcDbLine
 10
970.4199069843585
 20
-91.85614572782595
 30
0.0
 11
980.8610625899728
 21
-91.85614572782595
 31
0.0
  0
ARC
  5
8533
330
203
100
AcDbEntity
  8
0
100
AcDbCircle
 10
981.786931396573
 20
-91.00259233723307
 30
0.0
 40
0.9999999999999812
100
AcDbArc
 50
252.023738220798
 51
17.97626177917271
  0
ARC
  5
8534
330
203
100
AcDbEntity
  8
0
100
AcDbCircle
 10
984.6404847871654
 20
-90.07672353063492
 30
0.0
 40
2.0
100
AcDbArc
 50
180.0
 51
197.9762617791727
  0
ARC
  5
8535
330
203
100
AcDbEntity
  8
0
100
AcDbCircle
 10
980.8610625899728
 20
-93.85614572782595
 30
0.0
 40
2.0
100
AcDbArc
 50
72.02373822079795
 51
90.0
  0
ARC
  5
8536
330
203
100
AcDbEntity
  8
0
100
AcDbCircle
 10
969.4940381777601
 20
-91.00259233723193
 30
0.0
 40
0.9999999999999812
100
AcDbArc
 50
162.0237382208051
 51
287.9762617791745
  0
ARC
  5
8537
330
203
100
AcDbEntity
  8
0
100
AcDbCircle
 10
970.4199069843585
 20
-93.85614572782504
 30
0.0
 40
2.0
100
AcDbArc
 50
90.0
 51
107.9762617791745
  0
ARC
  5
8538
330
203
100
AcDbEntity
  8
0
100
AcDbCircle
 10
966.6404847871681
 20
-90.07672353063197
 30
0.0
 40
2.0
100
AcDbArc
 50
342.0237382208051
 51
0.0
  0
ARC
  5
8539
330
203
100
AcDbEntity
  8
0
100
AcDbCircle
 10
969.4940381777606
 20
-78.70969911841883
 30
0.0
 40
0.9999999999999812
100
AcDbArc
 50
72.02373822079795
 51
197.9762617791727
  0
ARC
  5
853A
330
203
100
AcDbEntity
  8
0
100
AcDbCircle
 10
966.6404847871681
 20
-79.63556792501697
 30
0.0
 40
2.0
100
AcDbArc
 50
0.0
 51
17.97626177917271
  0
ARC
  5
853B
330
203
100
AcDbEntity
  8
0
100
AcDbCircle
 10
970.4199069843598
 20
-75.85614572782595
 30
0.0
 40
2.0
100
AcDbArc
 50
252.023738220798
 51
270.0
  0
ARC
  5
853C
330
203
100
AcDbEntity
  8
0
100
AcDbCircle
 10
981.786931396573
 20
-78.70969911841996
 30
0.0
 40
0.9999999999999812
100
AcDbArc
 50
342.0237382208112
 51
107.9762617792021
  0
ARC
  5
853D
330
203
100
AcDbEntity
  8
0
100
AcDbCircle
 10
980.8610625899751
 20
-75.85614572782708
 30
0.0
 40
2.0
100
AcDbArc
 50
270.0
 51
287.976261779202
  0
ARC
  5
853E
330
203
100
AcDbEntity
  8
0
100
AcDbCircle
 10
984.6404847871668
 20
-79.63556792501811
 30
0.0
 40
2.0
100
AcDbArc
 50
162.0237382208113
 51
180.0000000000261
  0
LINE
  5
853F
330
203
100
AcDbEntity
  8
0
100
AcDbLine
 10
994.2324069843598
 20
-77.85614572782595
 30
0.0
 11
1004.673562589975
 21
-77.85614572782708
 31
0.0
  0
LINE
  5
8540
330
203
100
AcDbEntity
  8
0
100
AcDbLine
 10
992.4529847871668
 20
-79.63556792501697
 30
0.0
 11
992.4529847871668
 21
-90.07672353063197
 31
0.0
  0
LINE
  5
8541
330
203
100
AcDbEntity
  8
0
100
AcDbLine
 10
1006.452984787168
 20
-79.63556792501811
 30
0.0
 11
1006.452984787165
 21
-90.07672353063492
 31
0.0
  0
LINE
  5
8542
330
203
100
AcDbEntity
  8
0
100
AcDbLine
 10
994.2324069843585
 20
-91.85614572782595
 30
0.0
 11
1004.673562589973
 21
-91.85614572782595
 31
0.0
  0
ARC
  5
8543
330
203
100
AcDbEntity
  8
0
100
AcDbCircle
 10
1005.599431396573
 20
-91.00259233723307
 30
0.0
 40
0.9999999999999812
100
AcDbArc
 50
252.023738220798
 51
17.97626177917271
  0
ARC
  5
8544
330
203
100
AcDbEntity
  8
0
100
AcDbCircle
 10
1008.452984787165
 20
-90.07672353063492
 30
0.0
 40
2.0
100
AcDbArc
 50
180.0
 51
197.9762617791727
  0
ARC
  5
8545
330
203
100
AcDbEntity
  8
0
100
AcDbCircle
 10
1004.673562589973
 20
-93.85614572782595
 30
0.0
 40
2.0
100
AcDbArc
 50
72.02373822079795
 51
90.0
  0
ARC
  5
8546
330
203
100
AcDbEntity
  8
0
100
AcDbCircle
 10
993.3065381777601
 20
-91.00259233723193
 30
0.0
 40
0.9999999999999812
100
AcDbArc
 50
162.0237382208044
 51
287.9762617791745
  0
ARC
  5
8547
330
203
100
AcDbEntity
  8
0
100
AcDbCircle
 10
994.2324069843585
 20
-93.85614572782504
 30
0.0
 40
2.0
100
AcDbArc
 50
90.0
 51
107.9762617791745
  0
ARC
  5
8548
330
203
100
AcDbEntity
  8
0
100
AcDbCircle
 10
990.4529847871681
 20
-90.07672353063197
 30
0.0
 40
2.0
100
AcDbArc
 50
342.0237382208044
 51
0.0
  0
ARC
  5
8549
330
203
100
AcDbEntity
  8
0
100
AcDbCircle
 10
993.3065381777606
 20
-78.70969911841883
 30
0.0
 40
0.9999999999999812
100
AcDbArc
 50
72.02373822079795
 51
197.9762617791727
  0
ARC
  5
854A
330
203
100
AcDbEntity
  8
0
100
AcDbCircle
 10
990.4529847871681
 20
-79.63556792501697
 30
0.0
 40
2.0
100
AcDbArc
 50
0.0
 51
17.97626177917271
  0
ARC
  5
854B
330
203
100
AcDbEntity
  8
0
100
AcDbCircle
 10
994.2324069843598
 20
-75.85614572782595
 30
0.0
 40
2.0
100
AcDbArc
 50
252.023738220798
 51
270.0
  0
ARC
  5
854C
330
203
100
AcDbEntity
  8
0
100
AcDbCircle
 10
1005.599431396573
 20
-78.70969911841996
 30
0.0
 40
0.9999999999999812
100
AcDbArc
 50
342.0237382208112
 51
107.9762617792021
  0
ARC
  5
854D
330
203
100
AcDbEntity
  8
0
100
AcDbCircle
 10
1004.673562589975
 20
-75.85614572782708
 30
0.0
 40
2.0
100
AcDbArc
 50
270.0
 51
287.976261779202
  0
ARC
  5
854E
330
203
100
AcDbEntity
  8
0
100
AcDbCircle
 10
1008.452984787167
 20
-79.63556792501811
 30
0.0
 40
2.0
100
AcDbArc
 50
162.0237382208121
 51
180.0000000000261
  0
LINE
  5
8565
330
203
100
AcDbEntity
  8
0
100
AcDbLine
 10
1018.044906984358
 20
-77.85614572782538
 30
0.0
 11
1028.486062589973
 21
-77.85614572782652
 31
0.0
  0
LINE
  5
8566
330
203
100
AcDbEntity
  8
0
100
AcDbLine
 10
1016.265484787165
 20
-79.6355679250164
 30
0.0
 11
1016.265484787165
 21
-90.0767235306314
 31
0.0
  0
LINE
  5
8567
330
203
100
AcDbEntity
  8
0
100
AcDbLine
 10
1030.265484787166
 20
-79.63556792501754
 30
0.0
 11
1030.265484787164
 21
-90.07672353063435
 31
0.0
  0
LINE
  5
8568
330
203
100
AcDbEntity
  8
0
100
AcDbLine
 10
1018.044906984357
 20
-91.85614572782538
 30
0.0
 11
1028.486062589971
 21
-91.85614572782538
 31
0.0
  0
ARC
  5
8569
330
203
100
AcDbEntity
  8
0
100
AcDbCircle
 10
1029.411931396571
 20
-91.0025923372325
 30
0.0
 40
0.9999999999999812
100
AcDbArc
 50
252.0237382207979
 51
17.97626177917271
  0
ARC
  5
856A
330
203
100
AcDbEntity
  8
0
100
AcDbCircle
 10
1032.265484787164
 20
-90.07672353063435
 30
0.0
 40
2.0
100
AcDbArc
 50
180.0
 51
197.9762617791727
  0
ARC
  5
856B
330
203
100
AcDbEntity
  8
0
100
AcDbCircle
 10
1028.486062589971
 20
-93.85614572782538
 30
0.0
 40
2.0
100
AcDbArc
 50
72.02373822079798
 51
90.0
  0
ARC
  5
856C
330
203
100
AcDbEntity
  8
0
100
AcDbCircle
 10
1017.119038177758
 20
-91.00259233723136
 30
0.0
 40
0.9999999999999812
100
AcDbArc
 50
162.023738220805
 51
287.9762617791745
  0
ARC
  5
856D
330
203
100
AcDbEntity
  8
0
100
AcDbCircle
 10
1018.044906984357
 20
-93.85614572782447
 30
0.0
 40
2.0
100
AcDbArc
 50
90.0
 51
107.9762617791745
  0
ARC
  5
856E
330
203
100
AcDbEntity
  8
0
100
AcDbCircle
 10
1014.265484787166
 20
-90.0767235306314
 30
0.0
 40
2.0
100
AcDbArc
 50
342.0237382208051
 51
0.0
  0
ARC
  5
856F
330
203
100
AcDbEntity
  8
0
100
AcDbCircle
 10
1017.119038177759
 20
-78.70969911841826
 30
0.0
 40
0.9999999999999812
100
AcDbArc
 50
72.02373822079798
 51
197.9762617791727
  0
ARC
  5
8570
330
203
100
AcDbEntity
  8
0
100
AcDbCircle
 10
1014.265484787166
 20
-79.6355679250164
 30
0.0
 40
2.0
100
AcDbArc
 50
0.0
 51
17.97626177917271
  0
ARC
  5
8571
330
203
100
AcDbEntity
  8
0
100
AcDbCircle
 10
1018.044906984358
 20
-75.85614572782538
 30
0.0
 40
2.0
100
AcDbArc
 50
252.0237382207979
 51
270.0
  0
ARC
  5
8572
330
203
100
AcDbEntity
  8
0
100
AcDbCircle
 10
1029.411931396571
 20
-78.7096991184194
 30
0.0
 40
0.9999999999999812
100
AcDbArc
 50
342.0237382208106
 51
107.9762617792021
  0
ARC
  5
8573
330
203
100
AcDbEntity
  8
0
100
AcDbCircle
 10
1028.486062589973
 20
-75.85614572782652
 30
0.0
 40
2.0
100
AcDbArc
 50
270.0
 51
287.976261779202
  0
ARC
  5
8574
330
203
100
AcDbEntity
  8
0
100
AcDbCircle
 10
1032.265484787165
 20
-79.63556792501754
 30
0.0
 40
2.0
100
AcDbArc
 50
162.0237382208121
 51
180.0000000000261
  0
LINE
  5
85AB
330
203
100
AcDbEntity
  8
0
100
AcDbLine
 10
1179.96990698436
 20
-77.85614572782595
 30
0.0
 11
1190.411062589975
 21
-77.85614572782708
 31
0.0
  0
LINE
  5
85AC
330
203
100
AcDbEntity
  8
0
100
AcDbLine
 10
1178.190484787167
 20
-79.63556792501697
 30
0.0
 11
1178.190484787167
 21
-90.07672353063197
 31
0.0
  0
LINE
  5
85AD
330
203
100
AcDbEntity
  8
0
100
AcDbLine
 10
1192.190484787168
 20
-79.63556792501811
 30
0.0
 11
1192.190484787165
 21
-90.07672353063492
 31
0.0
  0
LINE
  5
85AE
330
203
100
AcDbEntity
  8
0
100
AcDbLine
 10
1179.969906984358
 20
-91.85614572782595
 30
0.0
 11
1190.411062589973
 21
-91.85614572782595
 31
0.0
  0
ARC
  5
85AF
330
203
100
AcDbEntity
  8
0
100
AcDbCircle
 10
1191.336931396573
 20
-91.00259233723307
 30
0.0
 40
0.9999999999999812
100
AcDbArc
 50
252.0237382207979
 51
17.97626177917271
  0
ARC
  5
85B0
330
203
100
AcDbEntity
  8
0
100
AcDbCircle
 10
1194.190484787165
 20
-90.07672353063492
 30
0.0
 40
2.0
100
AcDbArc
 50
180.0
 51
197.9762617791727
  0
ARC
  5
85B1
330
203
100
AcDbEntity
  8
0
100
AcDbCircle
 10
1190.411062589973
 20
-93.85614572782595
 30
0.0
 40
2.0
100
AcDbArc
 50
72.02373822079798
 51
90.0
  0
ARC
  5
85B2
330
203
100
AcDbEntity
  8
0
100
AcDbCircle
 10
1179.04403817776
 20
-91.00259233723193
 30
0.0
 40
0.9999999999999812
100
AcDbArc
 50
162.0237382208031
 51
287.9762617791745
  0
ARC
  5
85B3
330
203
100
AcDbEntity
  8
0
100
AcDbCircle
 10
1179.969906984358
 20
-93.85614572782504
 30
0.0
 40
2.0
100
AcDbArc
 50
90.0
 51
107.9762617791745
  0
ARC
  5
85B4
330
203
100
AcDbEntity
  8
0
100
AcDbCircle
 10
1176.190484787168
 20
-90.07672353063197
 30
0.0
 40
2.0
100
AcDbArc
 50
342.0237382208031
 51
0.0
  0
ARC
  5
85B5
330
203
100
AcDbEntity
  8
0
100
AcDbCircle
 10
1179.044038177761
 20
-78.70969911841883
 30
0.0
 40
0.9999999999999812
100
AcDbArc
 50
72.02373822079798
 51
197.9762617791727
  0
ARC
  5
85B6
330
203
100
AcDbEntity
  8
0
100
AcDbCircle
 10
1176.190484787168
 20
-79.63556792501697
 30
0.0
 40
2.0
100
AcDbArc
 50
0.0
 51
17.97626177917271
  0
ARC
  5
85B7
330
203
100
AcDbEntity
  8
0
100
AcDbCircle
 10
1179.96990698436
 20
-75.85614572782595
 30
0.0
 40
2.0
100
AcDbArc
 50
252.0237382207979
 51
270.0
  0
ARC
  5
85B8
330
203
100
AcDbEntity
  8
0
100
AcDbCircle
 10
1191.336931396573
 20
-78.70969911841996
 30
0.0
 40
0.9999999999999812
100
AcDbArc
 50
342.0237382208125
 51
107.9762617792021
  0
ARC
  5
85B9
330
203
100
AcDbEntity
  8
0
100
AcDbCircle
 10
1190.411062589975
 20
-75.85614572782708
 30
0.0
 40
2.0
100
AcDbArc
 50
270.0
 51
287.976261779202
  0
ARC
  5
85BA
330
203
100
AcDbEntity
  8
0
100
AcDbCircle
 10
1194.190484787167
 20
-79.63556792501811
 30
0.0
 40
2.0
100
AcDbArc
 50
162.0237382208134
 51
180.0000000000261
  0
LINE
  5
85BB
330
203
100
AcDbEntity
  8
0
100
AcDbLine
 10
1203.78240698436
 20
-77.85614572782595
 30
0.0
 11
1214.223562589975
 21
-77.85614572782708
 31
0.0
  0
LINE
  5
85BC
330
203
100
AcDbEntity
  8
0
100
AcDbLine
 10
1202.002984787167
 20
-79.63556792501697
 30
0.0
 11
1202.002984787167
 21
-90.07672353063197
 31
0.0
  0
LINE
  5
85BD
330
203
100
AcDbEntity
  8
0
100
AcDbLine
 10
1216.002984787168
 20
-79.63556792501811
 30
0.0
 11
1216.002984787165
 21
-90.07672353063492
 31
0.0
  0
LINE
  5
85BE
330
203
100
AcDbEntity
  8
0
100
AcDbLine
 10
1203.782406984358
 20
-91.85614572782595
 30
0.0
 11
1214.223562589973
 21
-91.85614572782595
 31
0.0
  0
ARC
  5
85BF
330
203
100
AcDbEntity
  8
0
100
AcDbCircle
 10
1215.149431396573
 20
-91.00259233723307
 30
0.0
 40
0.9999999999999812
100
AcDbArc
 50
252.0237382207979
 51
17.97626177917271
  0
ARC
  5
85C0
330
203
100
AcDbEntity
  8
0
100
AcDbCircle
 10
1218.002984787165
 20
-90.07672353063492
 30
0.0
 40
2.0
100
AcDbArc
 50
180.0
 51
197.9762617791727
  0
ARC
  5
85C1
330
203
100
AcDbEntity
  8
0
100
AcDbCircle
 10
1214.223562589973
 20
-93.85614572782595
 30
0.0
 40
2.0
100
AcDbArc
 50
72.02373822079798
 51
90.0
  0
ARC
  5
85C2
330
203
100
AcDbEntity
  8
0
100
AcDbCircle
 10
1202.85653817776
 20
-91.00259233723193
 30
0.0
 40
0.9999999999999812
100
AcDbArc
 50
162.0237382208031
 51
287.9762617791745
  0
ARC
  5
85C3
330
203
100
AcDbEntity
  8
0
100
AcDbCircle
 10
1203.782406984358
 20
-93.85614572782504
 30
0.0
 40
2.0
100
AcDbArc
 50
90.0
 51
107.9762617791745
  0
ARC
  5
85C4
330
203
100
AcDbEntity
  8
0
100
AcDbCircle
 10
1200.002984787168
 20
-90.07672353063197
 30
0.0
 40
2.0
100
AcDbArc
 50
342.0237382208031
 51
0.0
  0
ARC
  5
85C5
330
203
100
AcDbEntity
  8
0
100
AcDbCircle
 10
1202.856538177761
 20
-78.70969911841883
 30
0.0
 40
0.9999999999999812
100
AcDbArc
 50
72.02373822079798
 51
197.9762617791727
  0
ARC
  5
85C6
330
203
100
AcDbEntity
  8
0
100
AcDbCircle
 10
1200.002984787168
 20
-79.63556792501697
 30
0.0
 40
2.0
100
AcDbArc
 50
0.0
 51
17.97626177917271
  0
ARC
  5
85C7
330
203
100
AcDbEntity
  8
0
100
AcDbCircle
 10
1203.78240698436
 20
-75.85614572782595
 30
0.0
 40
2.0
100
AcDbArc
 50
252.0237382207979
 51
270.0
  0
ARC
  5
85C8
330
203
100
AcDbEntity
  8
0
100
AcDbCircle
 10
1215.149431396573
 20
-78.70969911841996
 30
0.0
 40
0.9999999999999812
100
AcDbArc
 50
342.0237382208125
 51
107.9762617792021
  0
ARC
  5
85C9
330
203
100
AcDbEntity
  8
0
100
AcDbCircle
 10
1214.223562589975
 20
-75.85614572782708
 30
0.0
 40
2.0
100
AcDbArc
 50
270.0
 51
287.976261779202
  0
ARC
  5
85CA
330
203
100
AcDbEntity
  8
0
100
AcDbCircle
 10
1218.002984787167
 20
-79.63556792501811
 30
0.0
 40
2.0
100
AcDbArc
 50
162.023738220814
 51
180.0000000000261
  0
LINE
  5
85CB
330
203
100
AcDbEntity
  8
0
100
AcDbLine
 10
1227.594906984358
 20
-77.85614572782538
 30
0.0
 11
1238.036062589973
 21
-77.85614572782652
 31
0.0
  0
LINE
  5
85CC
330
203
100
AcDbEntity
  8
0
100
AcDbLine
 10
1225.815484787165
 20
-79.6355679250164
 30
0.0
 11
1225.815484787165
 21
-90.0767235306314
 31
0.0
  0
LINE
  5
85CD
330
203
100
AcDbEntity
  8
0
100
AcDbLine
 10
1239.815484787166
 20
-79.63556792501754
 30
0.0
 11
1239.815484787164
 21
-90.07672353063435
 31
0.0
  0
LINE
  5
85CE
330
203
100
AcDbEntity
  8
0
100
AcDbLine
 10
1227.594906984357
 20
-91.85614572782538
 30
0.0
 11
1238.036062589971
 21
-91.85614572782538
 31
0.0
  0
ARC
  5
85CF
330
203
100
AcDbEntity
  8
0
100
AcDbCircle
 10
1238.961931396571
 20
-91.0025923372325
 30
0.0
 40
0.9999999999999812
100
AcDbArc
 50
252.0237382207979
 51
17.97626177917271
  0
ARC
  5
85D0
330
203
100
AcDbEntity
  8
0
100
AcDbCircle
 10
1241.815484787164
 20
-90.07672353063435
 30
0.0
 40
2.0
100
AcDbArc
 50
180.0
 51
197.9762617791727
  0
ARC
  5
85D1
330
203
100
AcDbEntity
  8
0
100
AcDbCircle
 10
1238.036062589971
 20
-93.85614572782538
 30
0.0
 40
2.0
100
AcDbArc
 50
72.02373822079798
 51
90.0
  0
ARC
  5
85D2
330
203
100
AcDbEntity
  8
0
100
AcDbCircle
 10
1226.669038177758
 20
-91.00259233723136
 30
0.0
 40
0.9999999999999812
100
AcDbArc
 50
162.0237382208031
 51
287.9762617791745
  0
ARC
  5
85D3
330
203
100
AcDbEntity
  8
0
100
AcDbCircle
 10
1227.594906984357
 20
-93.85614572782447
 30
0.0
 40
2.0
100
AcDbArc
 50
90.0
 51
107.9762617791745
  0
ARC
  5
85D4
330
203
100
AcDbEntity
  8
0
100
AcDbCircle
 10
1223.815484787166
 20
-90.0767235306314
 30
0.0
 40
2.0
100
AcDbArc
 50
342.0237382208031
 51
0.0
  0
ARC
  5
85D5
330
203
100
AcDbEntity
  8
0
100
AcDbCircle
 10
1226.669038177759
 20
-78.70969911841826
 30
0.0
 40
0.9999999999999812
100
AcDbArc
 50
72.02373822079798
 51
197.9762617791727
  0
ARC
  5
85D6
330
203
100
AcDbEntity
  8
0
100
AcDbCircle
 10
1223.815484787166
 20
-79.6355679250164
 30
0.0
 40
2.0
100
AcDbArc
 50
0.0
 51
17.97626177917271
  0
ARC
  5
85D7
330
203
100
AcDbEntity
  8
0
100
AcDbCircle
 10
1227.594906984358
 20
-75.85614572782538
 30
0.0
 40
2.0
100
AcDbArc
 50
252.0237382207979
 51
270.0
  0
ARC
  5
85D8
330
203
100
AcDbEntity
  8
0
100
AcDbCircle
 10
1238.961931396571
 20
-78.7096991184194
 30
0.0
 40
0.9999999999999812
100
AcDbArc
 50
342.0237382208125
 51
107.9762617792021
  0
ARC
  5
85D9
330
203
100
AcDbEntity
  8
0
100
AcDbCircle
 10
1238.036062589973
 20
-75.85614572782652
 30
0.0
 40
2.0
100
AcDbArc
 50
270.0
 51
287.976261779202
  0
ARC
  5
85DA
330
203
100
AcDbEntity
  8
0
100
AcDbCircle
 10
1241.815484787165
 20
-79.63556792501754
 30
0.0
 40
2.0
100
AcDbArc
 50
162.023738220814
 51
180.0000000000261
  0
LINE
  5
8715
330
203
100
AcDbEntity
  8
SUIT-00-06_PBL1
  6
Continuous
 62
     7
100
AcDbLine
 10
967.2342097871657
 20
-60.30664572782595
 30
0.0
 11
967.2342097871657
 21
-72.80664572782595
 31
0.0
  0
LINE
  5
8716
330
203
100
AcDbEntity
  8
SUIT-00-06_PBL1
  6
Continuous
 62
     7
100
AcDbLine
 10
974.5342097871657
 20
-72.80664572782595
 30
0.0
 11
974.5342097871657
 21
-60.30664572782595
 31
0.0
  0
LINE
  5
8719
330
203
100
AcDbEntity
  8
SUIT-00-06_PBL1
  6
Continuous
 62
     7
100
AcDbLine
 10
991.0342097871657
 20
-60.30664572782595
 30
0.0
 11
991.0342097871657
 21
-72.80664572782595
 31
0.0
  0
LINE
  5
871A
330
203
100
AcDbEntity
  8
SUIT-00-06_PBL1
  6
Continuous
 62
     7
100
AcDbLine
 10
998.3342097871657
 20
-72.80664572782595
 30
0.0
 11
998.3342097871657
 21
-60.30664572782595
 31
0.0
  0
LINE
  5
871B
330
203
100
AcDbEntity
  8
SUIT-00-06_PBL1
  6
Continuous
 62
     7
100
AcDbLine
 10
1043.427984787165
 20
-77.85614572782595
 30
0.0
 11
1043.427984787165
 21
-90.35614572782595
 31
0.0
  0
LINE
  5
871C
330
203
100
AcDbEntity
  8
SUIT-00-06_PBL1
  6
Continuous
 62
     7
100
AcDbLine
 10
1050.727984787166
 20
-90.35614572782595
 30
0.0
 11
1050.727984787166
 21
-77.85614572782595
 31
0.0
  0
LINE
  5
871E
330
203
100
AcDbEntity
  8
SUIT-00-06_PBL1
  6
Continuous
 62
     7
100
AcDbLine
 10
1044.427984787166
 20
-91.35614572782595
 30
0.0
 11
1049.727984787166
 21
-91.35614572782595
 31
0.0
  0
LINE
  5
871F
330
203
100
AcDbEntity
  8
SUIT-00-06_PBL1
  6
Continuous
 62
     7
100
AcDbLine
 10
1158.727984787166
 20
-91.35614572782595
 30
0.0
 11
1164.027984787165
 21
-91.35614572782595
 31
0.0
  0
LINE
  5
8726
330
203
100
AcDbEntity
  8
SUIT-00-06_PBL1
  6
Continuous
 62
     7
100
AcDbLine
 10
1164.027984787165
 20
-76.85614572782595
 30
0.0
 11
1158.727984787166
 21
-76.85614572782595
 31
0.0
  0
LINE
  5
8727
330
203
100
AcDbEntity
  8
SUIT-00-06_PBL1
  6
Continuous
 62
     7
100
AcDbLine
 10
1049.727984787166
 20
-76.85614572782595
 30
0.0
 11
1044.427984787166
 21
-76.85614572782595
 31
0.0
  0
LINE
  5
8728
330
203
100
AcDbEntity
  8
SUIT-00-06_PBL1
  6
Continuous
 62
     7
100
AcDbLine
 10
1235.469234787166
 20
-73.82364572782598
 30
0.0
 11
1230.169234787165
 21
-73.82364572782598
 31
0.0
  0
LINE
  5
8729
330
203
100
AcDbEntity
  8
SUIT-00-06_PBL1
  6
Continuous
 62
     7
100
AcDbLine
 10
1211.669234787166
 20
-73.82364572782598
 30
0.0
 11
1206.369234787165
 21
-73.82364572782598
 31
0.0
  0
LINE
  5
872A
330
203
100
AcDbEntity
  8
SUIT-00-06_PBL1
  6
Continuous
 62
     7
100
AcDbLine
 10
968.2342097871657
 20
-73.80664572782595
 30
0.0
 11
973.5342097871657
 21
-73.80664572782595
 31
0.0
  0
LINE
  5
872B
330
203
100
AcDbEntity
  8
SUIT-00-06_PBL1
  6
Continuous
 62
     7
100
AcDbLine
 10
992.0342097871657
 20
-73.80664572782595
 30
0.0
 11
997.3342097871657
 21
-73.80664572782595
 31
0.0
  0
LINE
  5
872F
330
203
100
AcDbEntity
  8
SUIT-00-06_PBL1
  6
Continuous
 62
     7
100
AcDbLine
 10
1206.369234787165
 20
-59.32364572782595
 30
0.0
 11
1211.669234787166
 21
-59.32364572782595
 31
0.0
  0
LINE
  5
8730
330
203
100
AcDbEntity
  8
SUIT-00-06_PBL1
  6
Continuous
 62
     7
100
AcDbLine
 10
1230.169234787165
 20
-59.32364572782595
 30
0.0
 11
1235.469234787166
 21
-59.32364572782595
 31
0.0
  0
LINE
  5
8731
330
203
100
AcDbEntity
  8
SUIT-00-06_PBL1
  6
Continuous
 62
     7
100
AcDbLine
 10
997.3342097871657
 20
-59.30664572782595
 30
0.0
 11
992.0342097871657
 21
-59.30664572782595
 31
0.0
  0
LINE
  5
8732
330
203
100
AcDbEntity
  8
SUIT-00-06_PBL1
  6
Continuous
 62
     7
100
AcDbLine
 10
973.5342097871657
 20
-59.30664572782595
 30
0.0
 11
968.2342097871657
 21
-59.30664572782595
 31
0.0
  0
LINE
  5
8736
330
203
100
AcDbEntity
  8
SUIT-00-06_PBL1
  6
Continuous
 62
     7
100
AcDbLine
 10
1211.121734787165
 20
-53.25614572782595
 30
0.0
 11
1216.421734787165
 21
-53.25614572782595
 31
0.0
  0
LINE
  5
8737
330
203
100
AcDbEntity
  8
SUIT-00-06_PBL1
  6
Continuous
 62
     7
100
AcDbLine
 10
1234.921734787166
 20
-53.25614572782595
 30
0.0
 11
1240.221734787165
 21
-53.25614572782595
 31
0.0
  0
LINE
  5
8739
330
203
100
AcDbEntity
  8
SUIT-00-06_PBL1
  6
Continuous
 62
     7
100
AcDbLine
 10
1240.221734787165
 20
-38.75614572782595
 30
0.0
 11
1234.921734787166
 21
-38.75614572782595
 31
0.0
  0
LINE
  5
873A
330
203
100
AcDbEntity
  8
SUIT-00-06_PBL1
  6
Continuous
 62
     7
100
AcDbLine
 10
1216.421734787165
 20
-38.75614572782595
 30
0.0
 11
1211.121734787165
 21
-38.75614572782595
 31
0.0
  0
LINE
  5
873B
330
203
100
AcDbEntity
  8
SUIT-00-06_PBL1
  6
Continuous
 62
     7
100
AcDbLine
 10
1157.727984787165
 20
-77.85614572782595
 30
0.0
 11
1157.727984787165
 21
-90.35614572782595
 31
0.0
  0
LINE
  5
873C
330
203
100
AcDbEntity
  8
SUIT-00-06_PBL1
  6
Continuous
 62
     7
100
AcDbLine
 10
1213.502984787165
 20
-16.65614572782593
 30
0.0
 11
1218.802984787165
 21
-16.65614572782593
 31
0.0
  0
LINE
  5
873D
330
203
100
AcDbEntity
  8
SUIT-00-06_PBL1
  6
Continuous
 62
     7
100
AcDbLine
 10
1237.302984787166
 20
-16.65614572782593
 30
0.0
 11
1242.602984787166
 21
-16.65614572782593
 31
0.0
  0
LINE
  5
873F
330
203
100
AcDbEntity
  8
SUIT-00-06_PBL1
  6
Continuous
 62
     7
100
AcDbLine
 10
1165.027984787165
 20
-90.35614572782595
 30
0.0
 11
1165.027984787165
 21
-77.85614572782595
 31
0.0
  0
LINE
  5
8740
330
203
100
AcDbEntity
  8
SUIT-00-06_PBL1
  6
Continuous
 62
     7
100
AcDbLine
 10
1242.602984787166
 20
-2.15614572782593
 30
0.0
 11
1237.302984787166
 21
-2.15614572782593
 31
0.0
  0
LINE
  5
8741
330
203
100
AcDbEntity
  8
SUIT-00-06_PBL1
  6
Continuous
 62
     7
100
AcDbLine
 10
1218.802984787165
 20
-2.15614572782593
 30
0.0
 11
1213.502984787165
 21
-2.15614572782593
 31
0.0
  0
LINE
  5
8743
330
203
100
AcDbEntity
  8
SUIT-00-06_PBL1
  6
Continuous
 62
     7
100
AcDbLine
 10
1205.369234787166
 20
-72.82364572782592
 30
0.0
 11
1205.369234787166
 21
-60.32364572782595
 31
0.0
  0
LINE
  5
8744
330
203
100
AcDbEntity
  8
SUIT-00-06_PBL1
  6
Continuous
 62
     7
100
AcDbLine
 10
1210.121734787166
 20
-39.75614572782595
 30
0.0
 11
1210.121734787166
 21
-52.25614572782595
 31
0.0
  0
LINE
  5
8745
330
203
100
AcDbEntity
  8
SUIT-00-06_PBL1
  6
Continuous
 62
     7
100
AcDbLine
 10
1212.502984787166
 20
-3.15614572782593
 30
0.0
 11
1212.502984787166
 21
-15.65614572782593
 31
0.0
  0
LINE
  5
8746
330
203
100
AcDbEntity
  8
SUIT-00-06_PBL1
  6
Continuous
 62
     7
100
AcDbLine
 10
1212.669234787166
 20
-60.32364572782595
 30
0.0
 11
1212.669234787166
 21
-72.82364572782592
 31
0.0
  0
LINE
  5
8748
330
203
100
AcDbEntity
  8
SUIT-00-06_PBL1
  6
Continuous
 62
     7
100
AcDbLine
 10
1217.421734787166
 20
-52.25614572782595
 30
0.0
 11
1217.421734787166
 21
-39.75614572782595
 31
0.0
  0
LINE
  5
874A
330
203
100
AcDbEntity
  8
SUIT-00-06_PBL1
  6
Continuous
 62
     7
100
AcDbLine
 10
1219.802984787166
 20
-15.65614572782593
 30
0.0
 11
1219.802984787166
 21
-3.15614572782593
 31
0.0
  0
LINE
  5
874D
330
203
100
AcDbEntity
  8
SUIT-00-06_PBL1
  6
Continuous
 62
     7
100
AcDbLine
 10
1229.169234787166
 20
-72.82364572782592
 30
0.0
 11
1229.169234787166
 21
-60.32364572782595
 31
0.0
  0
LINE
  5
874F
330
203
100
AcDbEntity
  8
SUIT-00-06_PBL1
  6
Continuous
 62
     7
100
AcDbLine
 10
1233.921734787166
 20
-39.75614572782595
 30
0.0
 11
1233.921734787166
 21
-52.25614572782595
 31
0.0
  0
LINE
  5
8751
330
203
100
AcDbEntity
  8
SUIT-00-06_PBL1
  6
Continuous
 62
     7
100
AcDbLine
 10
1236.302984787166
 20
-3.15614572782593
 30
0.0
 11
1236.302984787166
 21
-15.65614572782593
 31
0.0
  0
LINE
  5
8752
330
203
100
AcDbEntity
  8
SUIT-00-06_PBL1
  6
Continuous
 62
     7
100
AcDbLine
 10
1236.469234787166
 20
-60.32364572782595
 30
0.0
 11
1236.469234787166
 21
-72.82364572782592
 31
0.0
  0
LINE
  5
8753
330
203
100
AcDbEntity
  8
SUIT-00-06_PBL1
  6
Continuous
 62
     7
100
AcDbLine
 10
1241.221734787165
 20
-52.25614572782595
 30
0.0
 11
1241.221734787165
 21
-39.75614572782595
 31
0.0
  0
LINE
  5
8754
330
203
100
AcDbEntity
  8
SUIT-00-06_PBL1
  6
Continuous
 62
     7
100
AcDbLine
 10
1243.602984787165
 20
-15.65614572782593
 30
0.0
 11
1243.602984787165
 21
-3.15614572782593
 31
0.0
  0
ARC
  5
8755
330
203
100
AcDbEntity
  8
SUIT-00-06_PBL1
  6
Continuous
 62
     7
100
AcDbCircle
 10
1049.727984787166
 20
-77.85614572782595
 30
0.0
 40
1.0
100
AcDbArc
 50
0.0
 51
90.0
  0
ARC
  5
8756
330
203
100
AcDbEntity
  8
SUIT-00-06_PBL1
  6
Continuous
 62
     7
100
AcDbCircle
 10
1049.727984787166
 20
-90.35614572782595
 30
0.0
 40
1.0
100
AcDbArc
 50
270.0
 51
0.0
  0
ARC
  5
8757
330
203
100
AcDbEntity
  8
SUIT-00-06_PBL1
  6
Continuous
 62
     7
100
AcDbCircle
 10
1044.427984787166
 20
-90.35614572782595
 30
0.0
 40
1.0
100
AcDbArc
 50
180.0
 51
270.0
  0
ARC
  5
8758
330
203
100
AcDbEntity
  8
SUIT-00-06_PBL1
  6
Continuous
 62
     7
100
AcDbCircle
 10
1044.427984787166
 20
-77.85614572782595
 30
0.0
 40
1.0
100
AcDbArc
 50
90.0
 51
180.0
  0
ARC
  5
8759
330
203
100
AcDbEntity
  8
SUIT-00-06_PBL1
  6
Continuous
 62
     7
100
AcDbCircle
 10
992.0342097871657
 20
-72.80664572782595
 30
0.0
 40
1.0
100
AcDbArc
 50
180.0
 51
270.0
  0
ARC
  5
875A
330
203
100
AcDbEntity
  8
SUIT-00-06_PBL1
  6
Continuous
 62
     7
100
AcDbCircle
 10
992.0342097871657
 20
-60.30664572782595
 30
0.0
 40
1.0
100
AcDbArc
 50
90.0
 51
180.0
  0
ARC
  5
875B
330
203
100
AcDbEntity
  8
SUIT-00-06_PBL1
  6
Continuous
 62
     7
100
AcDbCircle
 10
997.3342097871657
 20
-60.30664572782595
 30
0.0
 40
1.0
100
AcDbArc
 50
0.0
 51
90.0
  0
ARC
  5
875C
330
203
100
AcDbEntity
  8
SUIT-00-06_PBL1
  6
Continuous
 62
     7
100
AcDbCircle
 10
997.3342097871657
 20
-72.80664572782595
 30
0.0
 40
1.0
100
AcDbArc
 50
270.0
 51
0.0
  0
ARC
  5
875D
330
203
100
AcDbEntity
  8
SUIT-00-06_PBL1
  6
Continuous
 62
     7
100
AcDbCircle
 10
968.2342097871657
 20
-72.80664572782595
 30
0.0
 40
1.0
100
AcDbArc
 50
180.0
 51
270.0
  0
ARC
  5
875E
330
203
100
AcDbEntity
  8
SUIT-00-06_PBL1
  6
Continuous
 62
     7
100
AcDbCircle
 10
968.2342097871657
 20
-60.30664572782595
 30
0.0
 40
1.0
100
AcDbArc
 50
90.0
 51
180.0
  0
ARC
  5
875F
330
203
100
AcDbEntity
  8
SUIT-00-06_PBL1
  6
Continuous
 62
     7
100
AcDbCircle
 10
973.5342097871657
 20
-60.30664572782595
 30
0.0
 40
1.0
100
AcDbArc
 50
0.0
 51
90.0
  0
ARC
  5
8760
330
203
100
AcDbEntity
  8
SUIT-00-06_PBL1
  6
Continuous
 62
     7
100
AcDbCircle
 10
973.5342097871657
 20
-72.80664572782595
 30
0.0
 40
1.0
100
AcDbArc
 50
270.0
 51
0.0
  0
ARC
  5
8764
330
203
100
AcDbEntity
  8
SUIT-00-06_PBL1
  6
Continuous
 62
     7
100
AcDbCircle
 10
1164.027984787165
 20
-77.85614572782595
 30
0.0
 40
1.0
100
AcDbArc
 50
0.0
 51
90.0
  0
ARC
  5
8765
330
203
100
AcDbEntity
  8
SUIT-00-06_PBL1
  6
Continuous
 62
     7
100
AcDbCircle
 10
1164.027984787165
 20
-90.35614572782595
 30
0.0
 40
1.0
100
AcDbArc
 50
270.0
 51
0.0
  0
ARC
  5
8766
330
203
100
AcDbEntity
  8
SUIT-00-06_PBL1
  6
Continuous
 62
     7
100
AcDbCircle
 10
1158.727984787166
 20
-90.35614572782595
 30
0.0
 40
1.0
100
AcDbArc
 50
180.0
 51
270.0
  0
ARC
  5
8767
330
203
100
AcDbEntity
  8
SUIT-00-06_PBL1
  6
Continuous
 62
     7
100
AcDbCircle
 10
1158.727984787166
 20
-77.85614572782595
 30
0.0
 40
1.0
100
AcDbArc
 50
90.0
 51
180.0
  0
ARC
  5
8768
330
203
100
AcDbEntity
  8
SUIT-00-06_PBL1
  6
Continuous
 62
     7
100
AcDbCircle
 10
1240.221734787165
 20
-39.75614572782595
 30
0.0
 40
1.0
100
AcDbArc
 50
0.0
 51
90.0
  0
ARC
  5
8769
330
203
100
AcDbEntity
  8
SUIT-00-06_PBL1
  6
Continuous
 62
     7
100
AcDbCircle
 10
1240.221734787165
 20
-52.25614572782595
 30
0.0
 40
1.0
100
AcDbArc
 50
270.0
 51
0.0
  0
ARC
  5
876A
330
203
100
AcDbEntity
  8
SUIT-00-06_PBL1
  6
Continuous
 62
     7
100
AcDbCircle
 10
1234.921734787166
 20
-52.25614572782595
 30
0.0
 40
1.0
100
AcDbArc
 50
180.0
 51
270.0
  0
ARC
  5
876B
330
203
100
AcDbEntity
  8
SUIT-00-06_PBL1
  6
Continuous
 62
     7
100
AcDbCircle
 10
1234.921734787166
 20
-39.75614572782595
 30
0.0
 40
1.0
100
AcDbArc
 50
90.0
 51
180.0
  0
ARC
  5
876C
330
203
100
AcDbEntity
  8
SUIT-00-06_PBL1
  6
Continuous
 62
     7
100
AcDbCircle
 10
1216.421734787165
 20
-39.75614572782595
 30
0.0
 40
1.0
100
AcDbArc
 50
0.0
 51
90.0
  0
ARC
  5
876D
330
203
100
AcDbEntity
  8
SUIT-00-06_PBL1
  6
Continuous
 62
     7
100
AcDbCircle
 10
1216.421734787165
 20
-52.25614572782595
 30
0.0
 40
1.0
100
AcDbArc
 50
270.0
 51
0.0
  0
ARC
  5
876E
330
203
100
AcDbEntity
  8
SUIT-00-06_PBL1
  6
Continuous
 62
     7
100
AcDbCircle
 10
1211.121734787165
 20
-52.25614572782595
 30
0.0
 40
1.0
100
AcDbArc
 50
180.0
 51
270.0
  0
ARC
  5
876F
330
203
100
AcDbEntity
  8
SUIT-00-06_PBL1
  6
Continuous
 62
     7
100
AcDbCircle
 10
1211.121734787165
 20
-39.75614572782595
 30
0.0
 40
1.0
100
AcDbArc
 50
90.0
 51
180.0
  0
ARC
  5
8770
330
203
100
AcDbEntity
  8
SUIT-00-06_PBL1
  6
Continuous
 62
     7
100
AcDbCircle
 10
1230.169234787165
 20
-60.32364572782595
 30
0.0
 40
1.0
100
AcDbArc
 50
90.0
 51
180.0
  0
ARC
  5
8771
330
203
100
AcDbEntity
  8
SUIT-00-06_PBL1
  6
Continuous
 62
     7
100
AcDbCircle
 10
1235.469234787166
 20
-60.32364572782595
 30
0.0
 40
1.0
100
AcDbArc
 50
0.0
 51
90.0
  0
ARC
  5
8772
330
203
100
AcDbEntity
  8
SUIT-00-06_PBL1
  6
Continuous
 62
     7
100
AcDbCircle
 10
1235.469234787166
 20
-72.82364572782592
 30
0.0
 40
1.0
100
AcDbArc
 50
270.0
 51
0.0
  0
ARC
  5
8773
330
203
100
AcDbEntity
  8
SUIT-00-06_PBL1
  6
Continuous
 62
     7
100
AcDbCircle
 10
1230.169234787165
 20
-72.82364572782592
 30
0.0
 40
1.0
100
AcDbArc
 50
180.0
 51
270.0
  0
ARC
  5
8774
330
203
100
AcDbEntity
  8
SUIT-00-06_PBL1
  6
Continuous
 62
     7
100
AcDbCircle
 10
1206.369234787165
 20
-60.32364572782595
 30
0.0
 40
1.0
100
AcDbArc
 50
90.0
 51
180.0
  0
ARC
  5
8775
330
203
100
AcDbEntity
  8
SUIT-00-06_PBL1
  6
Continuous
 62
     7
100
AcDbCircle
 10
1211.669234787166
 20
-60.32364572782595
 30
0.0
 40
1.0
100
AcDbArc
 50
0.0
 51
90.0
  0
ARC
  5
8776
330
203
100
AcDbEntity
  8
SUIT-00-06_PBL1
  6
Continuous
 62
     7
100
AcDbCircle
 10
1211.669234787166
 20
-72.82364572782592
 30
0.0
 40
1.0
100
AcDbArc
 50
270.0
 51
0.0
  0
ARC
  5
8777
330
203
100
AcDbEntity
  8
SUIT-00-06_PBL1
  6
Continuous
 62
     7
100
AcDbCircle
 10
1206.369234787165
 20
-72.82364572782592
 30
0.0
 40
1.0
100
AcDbArc
 50
180.0
 51
270.0
  0
ARC
  5
8779
330
203
100
AcDbEntity
  8
SUIT-00-06_PBL1
  6
Continuous
 62
     7
100
AcDbCircle
 10
1237.302984787166
 20
-15.65614572782593
 30
0.0
 40
1.0
100
AcDbArc
 50
180.0
 51
270.0
  0
ARC
  5
877A
330
203
100
AcDbEntity
  8
SUIT-00-06_PBL1
  6
Continuous
 62
     7
100
AcDbCircle
 10
1237.302984787166
 20
-3.15614572782593
 30
0.0
 40
1.0
100
AcDbArc
 50
90.0
 51
180.0
  0
ARC
  5
877B
330
203
100
AcDbEntity
  8
SUIT-00-06_PBL1
  6
Continuous
 62
     7
100
AcDbCircle
 10
1242.602984787166
 20
-3.15614572782593
 30
0.0
 40
1.0
100
AcDbArc
 50
0.0
 51
90.0
  0
ARC
  5
877C
330
203
100
AcDbEntity
  8
SUIT-00-06_PBL1
  6
Continuous
 62
     7
100
AcDbCircle
 10
1242.602984787166
 20
-15.65614572782593
 30
0.0
 40
1.0
100
AcDbArc
 50
270.0
 51
0.0
  0
ARC
  5
877D
330
203
100
AcDbEntity
  8
SUIT-00-06_PBL1
  6
Continuous
 62
     7
100
AcDbCircle
 10
1213.502984787165
 20
-15.65614572782593
 30
0.0
 40
1.0
100
AcDbArc
 50
180.0
 51
270.0
  0
ARC
  5
877E
330
203
100
AcDbEntity
  8
SUIT-00-06_PBL1
  6
Continuous
 62
     7
100
AcDbCircle
 10
1213.502984787165
 20
-3.15614572782593
 30
0.0
 40
1.0
100
AcDbArc
 50
90.0
 51
180.0
  0
ARC
  5
877F
330
203
100
AcDbEntity
  8
SUIT-00-06_PBL1
  6
Continuous
 62
     7
100
AcDbCircle
 10
1218.802984787165
 20
-3.15614572782593
 30
0.0
 40
1.0
100
AcDbArc
 50
0.0
 51
90.0
  0
ARC
  5
8780
330
203
100
AcDbEntity
  8
SUIT-00-06_PBL1
  6
Continuous
 62
     7
100
AcDbCircle
 10
1218.802984787165
 20
-15.65614572782593
 30
0.0
 40
1.0
100
AcDbArc
 50
270.0
 51
0.0
  0
LINE
  5
87B1
330
203
100
AcDbEntity
  8
0
100
AcDbLine
 10
1222.83240698436
 20
-1.65614572782593
 30
0.0
 11
1233.273562589975
 21
-1.656145727827067
 31
0.0
  0
LINE
  5
87B2
330
203
100
AcDbEntity
  8
0
100
AcDbLine
 10
1221.052984787167
 20
-3.435567925016954
 30
0.0
 11
1221.052984787167
 21
-13.87672353063195
 31
0.0
  0
LINE
  5
87B3
330
203
100
AcDbEntity
  8
0
100
AcDbLine
 10
1235.052984787168
 20
-3.435567925018091
 30
0.0
 11
1235.052984787166
 21
-13.87672353063491
 31
0.0
  0
LINE
  5
87B4
330
203
100
AcDbEntity
  8
0
100
AcDbLine
 10
1222.832406984359
 20
-15.65614572782593
 30
0.0
 11
1233.273562589973
 21
-15.65614572782593
 31
0.0
  0
ARC
  5
87B5
330
203
100
AcDbEntity
  8
0
100
AcDbCircle
 10
1234.199431396573
 20
-14.80259233723305
 30
0.0
 40
0.9999999999999812
100
AcDbArc
 50
252.0237382207979
 51
17.97626177917248
  0
ARC
  5
87B6
330
203
100
AcDbEntity
  8
0
100
AcDbCircle
 10
1237.052984787166
 20
-13.87672353063491
 30
0.0
 40
2.0
100
AcDbArc
 50
180.0
 51
197.9762617791725
  0
ARC
  5
87B7
330
203
100
AcDbEntity
  8
0
100
AcDbCircle
 10
1233.273562589973
 20
-17.65614572782593
 30
0.0
 40
2.0
100
AcDbArc
 50
72.02373822079791
 51
90.0
  0
ARC
  5
87B8
330
203
100
AcDbEntity
  8
0
100
AcDbCircle
 10
1221.90653817776
 20
-14.80259233723191
 30
0.0
 40
0.9999999999999812
100
AcDbArc
 50
162.0237382207941
 51
287.9762617791746
  0
ARC
  5
87B9
330
203
100
AcDbEntity
  8
0
100
AcDbCircle
 10
1222.832406984359
 20
-17.65614572782502
 30
0.0
 40
2.0
100
AcDbArc
 50
90.0
 51
107.9762617791746
  0
ARC
  5
87BA
330
203
100
AcDbEntity
  8
0
100
AcDbCircle
 10
1219.052984787168
 20
-13.87672353063195
 30
0.0
 40
2.0
100
AcDbArc
 50
342.0237382207937
 51
0.0
  0
ARC
  5
87BB
330
203
100
AcDbEntity
  8
0
100
AcDbCircle
 10
1221.906538177761
 20
-2.509699118418808
 30
0.0
 40
0.9999999999999812
100
AcDbArc
 50
72.02373822079791
 51
197.9762617791725
  0
ARC
  5
87BC
330
203
100
AcDbEntity
  8
0
100
AcDbCircle
 10
1219.052984787168
 20
-3.435567925016954
 30
0.0
 40
2.0
100
AcDbArc
 50
0.0
 51
17.97626177917248
  0
ARC
  5
87BD
330
203
100
AcDbEntity
  8
0
100
AcDbCircle
 10
1222.83240698436
 20
0.3438542721740703
 30
0.0
 40
2.0
100
AcDbArc
 50
252.0237382207979
 51
270.0
  0
ARC
  5
87BE
330
203
100
AcDbEntity
  8
0
100
AcDbCircle
 10
1234.199431396573
 20
-2.509699118419945
 30
0.0
 40
0.9999999999999812
100
AcDbArc
 50
342.0237382208219
 51
107.9762617792021
  0
ARC
  5
87BF
330
203
100
AcDbEntity
  8
0
100
AcDbCircle
 10
1233.273562589975
 20
0.3438542721729334
 30
0.0
 40
2.0
100
AcDbArc
 50
270.0
 51
287.976261779202
  0
ARC
  5
87C0
330
203
100
AcDbEntity
  8
0
100
AcDbCircle
 10
1237.052984787167
 20
-3.435567925018091
 30
0.0
 40
2.0
100
AcDbArc
 50
162.0237382208224
 51
180.0000000000261
  0
LINE
  5
87DC
330
203
100
AcDbEntity
  8
0
100
AcDbLine
 10
1220.45115698436
 20
-39.75614572782595
 30
0.0
 11
1230.892312589976
 21
-39.75614572782709
 31
0.0
  0
LINE
  5
87DD
330
203
100
AcDbEntity
  8
0
100
AcDbLine
 10
1218.671734787167
 20
-41.53556792501698
 30
0.0
 11
1218.671734787167
 21
-51.97672353063197
 31
0.0
  0
LINE
  5
87DE
330
203
100
AcDbEntity
  8
0
100
AcDbLine
 10
1232.671734787169
 20
-41.53556792501811
 30
0.0
 11
1232.671734787166
 21
-51.97672353063493
 31
0.0
  0
LINE
  5
87DF
330
203
100
AcDbEntity
  8
0
100
AcDbLine
 10
1220.451156984359
 20
-53.75614572782595
 30
0.0
 11
1230.892312589973
 21
-53.75614572782595
 31
0.0
  0
ARC
  5
87E0
330
203
100
AcDbEntity
  8
0
100
AcDbCircle
 10
1231.818181396573
 20
-52.90259233723307
 30
0.0
 40
0.9999999999999812
100
AcDbArc
 50
252.023738220798
 51
17.97626177917243
  0
ARC
  5
87E1
330
203
100
AcDbEntity
  8
0
100
AcDbCircle
 10
1234.671734787166
 20
-51.97672353063493
 30
0.0
 40
2.0
100
AcDbArc
 50
180.0
 51
197.9762617791724
  0
ARC
  5
87E2
330
203
100
AcDbEntity
  8
0
100
AcDbCircle
 10
1230.892312589973
 20
-55.75614572782595
 30
0.0
 40
2.0
100
AcDbArc
 50
72.02373822079797
 51
90.0
  0
ARC
  5
87E3
330
203
100
AcDbEntity
  8
0
100
AcDbCircle
 10
1219.525288177761
 20
-52.90259233723194
 30
0.0
 40
0.9999999999999812
100
AcDbArc
 50
162.0237382207943
 51
287.9762617791746
  0
ARC
  5
87E4
330
203
100
AcDbEntity
  8
0
100
AcDbCircle
 10
1220.451156984359
 20
-55.75614572782504
 30
0.0
 40
2.0
100
AcDbArc
 50
90.0
 51
107.9762617791746
  0
ARC
  5
87E5
330
203
100
AcDbEntity
  8
0
100
AcDbCircle
 10
1216.671734787169
 20
-51.97672353063197
 30
0.0
 40
2.0
100
AcDbArc
 50
342.0237382207939
 51
0.0
  0
ARC
  5
87E6
330
203
100
AcDbEntity
  8
0
100
AcDbCircle
 10
1219.525288177761
 20
-40.60969911841883
 30
0.0
 40
0.9999999999999812
100
AcDbArc
 50
72.02373822079797
 51
197.9762617791724
  0
ARC
  5
87E7
330
203
100
AcDbEntity
  8
0
100
AcDbCircle
 10
1216.671734787169
 20
-41.53556792501698
 30
0.0
 40
2.0
100
AcDbArc
 50
0.0
 51
17.97626177917243
  0
ARC
  5
87E8
330
203
100
AcDbEntity
  8
0
100
AcDbCircle
 10
1220.45115698436
 20
-37.75614572782595
 30
0.0
 40
2.0
100
AcDbArc
 50
252.023738220798
 51
270.0
  0
ARC
  5
87E9
330
203
100
AcDbEntity
  8
0
100
AcDbCircle
 10
1231.818181396573
 20
-40.60969911841997
 30
0.0
 40
0.9999999999999812
100
AcDbArc
 50
342.0237382208218
 51
107.976261779202
  0
ARC
  5
87EA
330
203
100
AcDbEntity
  8
0
100
AcDbCircle
 10
1230.892312589976
 20
-37.75614572782709
 30
0.0
 40
2.0
100
AcDbArc
 50
270.0
 51
287.976261779202
  0
ARC
  5
87EB
330
203
100
AcDbEntity
  8
0
100
AcDbCircle
 10
1234.671734787167
 20
-41.53556792501811
 30
0.0
 40
2.0
100
AcDbArc
 50
162.0237382208222
 51
180.000000000026
  0
LINE
  5
8802
330
203
100
AcDbEntity
  8
0
100
AcDbLine
 10
1215.69865698436
 20
-58.82364572782592
 30
0.0
 11
1226.139812589975
 21
-58.82364572782706
 31
0.0
  0
LINE
  5
8803
330
203
100
AcDbEntity
  8
0
100
AcDbLine
 10
1213.919234787167
 20
-60.60306792501694
 30
0.0
 11
1213.919234787167
 21
-71.04422353063194
 31
0.0
  0
LINE
  5
8804
330
203
100
AcDbEntity
  8
0
100
AcDbLine
 10
1227.919234787169
 20
-60.60306792501808
 30
0.0
 11
1227.919234787166
 21
-71.0442235306349
 31
0.0
  0
LINE
  5
8805
330
203
100
AcDbEntity
  8
0
100
AcDbLine
 10
1215.698656984359
 20
-72.82364572782592
 30
0.0
 11
1226.139812589973
 21
-72.82364572782592
 31
0.0
  0
ARC
  5
8806
330
203
100
AcDbEntity
  8
0
100
AcDbCircle
 10
1227.065681396573
 20
-71.97009233723304
 30
0.0
 40
0.9999999999999812
100
AcDbArc
 50
252.023738220798
 51
17.97626177917182
  0
ARC
  5
8807
330
203
100
AcDbEntity
  8
0
100
AcDbCircle
 10
1229.919234787166
 20
-71.0442235306349
 30
0.0
 40
2.0
100
AcDbArc
 50
180.0
 51
197.9762617791718
  0
ARC
  5
8808
330
203
100
AcDbEntity
  8
0
100
AcDbCircle
 10
1226.139812589973
 20
-74.82364572782592
 30
0.0
 40
2.0
100
AcDbArc
 50
72.02373822079797
 51
90.0
  0
ARC
  5
8809
330
203
100
AcDbEntity
  8
0
100
AcDbCircle
 10
1214.772788177761
 20
-71.9700923372319
 30
0.0
 40
0.9999999999999812
100
AcDbArc
 50
162.0237382207946
 51
287.9762617791746
  0
ARC
  5
880A
330
203
100
AcDbEntity
  8
0
100
AcDbCircle
 10
1215.698656984359
 20
-74.82364572782501
 30
0.0
 40
2.0
100
AcDbArc
 50
90.0
 51
107.9762617791746
  0
ARC
  5
880B
330
203
100
AcDbEntity
  8
0
100
AcDbCircle
 10
1211.919234787169
 20
-71.04422353063194
 30
0.0
 40
2.0
100
AcDbArc
 50
342.0237382207939
 51
0.0
  0
ARC
  5
880C
330
203
100
AcDbEntity
  8
0
100
AcDbCircle
 10
1214.772788177761
 20
-59.6771991184188
 30
0.0
 40
0.9999999999999812
100
AcDbArc
 50
72.02373822079797
 51
197.9762617791718
  0
ARC
  5
880D
330
203
100
AcDbEntity
  8
0
100
AcDbCircle
 10
1211.919234787169
 20
-60.60306792501694
 30
0.0
 40
2.0
100
AcDbArc
 50
0.0
 51
17.97626177917182
  0
ARC
  5
880E
330
203
100
AcDbEntity
  8
0
100
AcDbCircle
 10
1215.69865698436
 20
-56.82364572782592
 30
0.0
 40
2.0
100
AcDbArc
 50
252.023738220798
 51
270.0
  0
ARC
  5
880F
330
203
100
AcDbEntity
  8
0
100
AcDbCircle
 10
1227.065681396573
 20
-59.67719911841994
 30
0.0
 40
0.9999999999999812
100
AcDbArc
 50
342.0237382208218
 51
107.976261779202
  0
ARC
  5
8810
330
203
100
AcDbEntity
  8
0
100
AcDbCircle
 10
1226.139812589975
 20
-56.82364572782706
 30
0.0
 40
2.0
100
AcDbArc
 50
270.0
 51
287.976261779202
  0
ARC
  5
8811
330
203
100
AcDbEntity
  8
0
100
AcDbCircle
 10
1229.919234787167
 20
-60.60306792501808
 30
0.0
 40
2.0
100
AcDbArc
 50
162.0237382208218
 51
180.000000000026
  0
LINE
  5
8829
330
203
100
AcDbEntity
  8
0
100
AcDbLine
 10
1099.00740698436
 20
-77.85614572782595
 30
0.0
 11
1109.448562589975
 21
-77.85614572782708
 31
0.0
  0
LINE
  5
882A
330
203
100
AcDbEntity
  8
0
100
AcDbLine
 10
1097.227984787167
 20
-79.63556792501697
 30
0.0
 11
1097.227984787167
 21
-90.07672353063197
 31
0.0
  0
LINE
  5
882B
330
203
100
AcDbEntity
  8
0
100
AcDbLine
 10
1111.227984787168
 20
-79.63556792501811
 30
0.0
 11
1111.227984787165
 21
-90.07672353063492
 31
0.0
  0
LINE
  5
882C
330
203
100
AcDbEntity
  8
0
100
AcDbLine
 10
1099.007406984358
 20
-91.85614572782595
 30
0.0
 11
1109.448562589973
 21
-91.85614572782595
 31
0.0
  0
ARC
  5
882D
330
203
100
AcDbEntity
  8
0
100
AcDbCircle
 10
1110.374431396573
 20
-91.00259233723307
 30
0.0
 40
0.9999999999999812
100
AcDbArc
 50
252.0237382207979
 51
17.97626177917186
  0
ARC
  5
882E
330
203
100
AcDbEntity
  8
0
100
AcDbCircle
 10
1113.227984787165
 20
-90.07672353063492
 30
0.0
 40
2.0
100
AcDbArc
 50
180.0
 51
197.9762617791718
  0
ARC
  5
882F
330
203
100
AcDbEntity
  8
0
100
AcDbCircle
 10
1109.448562589973
 20
-93.85614572782595
 30
0.0
 40
2.0
100
AcDbArc
 50
72.02373822079795
 51
90.0
  0
ARC
  5
8830
330
203
100
AcDbEntity
  8
0
100
AcDbCircle
 10
1098.08153817776
 20
-91.00259233723193
 30
0.0
 40
0.9999999999999812
100
AcDbArc
 50
162.0237382207946
 51
287.9762617791745
  0
ARC
  5
8831
330
203
100
AcDbEntity
  8
0
100
AcDbCircle
 10
1099.007406984358
 20
-93.85614572782504
 30
0.0
 40
2.0
100
AcDbArc
 50
90.0
 51
107.9762617791745
  0
ARC
  5
8832
330
203
100
AcDbEntity
  8
0
100
AcDbCircle
 10
1095.227984787168
 20
-90.07672353063197
 30
0.0
 40
2.0
100
AcDbArc
 50
342.0237382207939
 51
0.0
  0
ARC
  5
8833
330
203
100
AcDbEntity
  8
0
100
AcDbCircle
 10
1098.08153817776
 20
-78.70969911841883
 30
0.0
 40
0.9999999999999812
100
AcDbArc
 50
72.02373822079795
 51
197.9762617791718
  0
ARC
  5
8834
330
203
100
AcDbEntity
  8
0
100
AcDbCircle
 10
1095.227984787168
 20
-79.63556792501697
 30
0.0
 40
2.0
100
AcDbArc
 50
0.0
 51
17.97626177917186
  0
ARC
  5
8835
330
203
100
AcDbEntity
  8
0
100
AcDbCircle
 10
1099.00740698436
 20
-75.85614572782595
 30
0.0
 40
2.0
100
AcDbArc
 50
252.0237382207979
 51
270.0
  0
ARC
  5
8836
330
203
100
AcDbEntity
  8
0
100
AcDbCircle
 10
1110.374431396573
 20
-78.70969911841996
 30
0.0
 40
0.9999999999999812
100
AcDbArc
 50
342.0237382208219
 51
107.9762617792021
  0
ARC
  5
8837
330
203
100
AcDbEntity
  8
0
100
AcDbCircle
 10
1109.448562589975
 20
-75.85614572782708
 30
0.0
 40
2.0
100
AcDbArc
 50
270.0
 51
287.976261779202
  0
ARC
  5
8838
330
203
100
AcDbEntity
  8
0
100
AcDbCircle
 10
1113.227984787167
 20
-79.63556792501811
 30
0.0
 40
2.0
100
AcDbArc
 50
162.0237382208219
 51
180.0000000000261
  0
LINE
  5
884F
330
203
100
AcDbEntity
  8
0
100
AcDbLine
 10
977.5636319843599
 20
-58.80664572782595
 30
0.0
 11
988.0047875899751
 21
-58.80664572782709
 31
0.0
  0
LINE
  5
8850
330
203
100
AcDbEntity
  8
0
100
AcDbLine
 10
975.7842097871668
 20
-60.58606792501698
 30
0.0
 11
975.7842097871668
 21
-71.02722353063197
 31
0.0
  0
LINE
  5
8851
330
203
100
AcDbEntity
  8
0
100
AcDbLine
 10
989.7842097871682
 20
-60.58606792501811
 30
0.0
 11
989.7842097871654
 21
-71.02722353063493
 31
0.0
  0
LINE
  5
8852
330
203
100
AcDbEntity
  8
0
100
AcDbLine
 10
977.5636319843585
 20
-72.80664572782595
 30
0.0
 11
988.0047875899728
 21
-72.80664572782595
 31
0.0
  0
ARC
  5
8853
330
203
100
AcDbEntity
  8
0
100
AcDbCircle
 10
988.930656396573
 20
-71.95309233723307
 30
0.0
 40
0.9999999999999812
100
AcDbArc
 50
252.023738220798
 51
17.97626177917197
  0
ARC
  5
8854
330
203
100
AcDbEntity
  8
0
100
AcDbCircle
 10
991.7842097871654
 20
-71.02722353063493
 30
0.0
 40
2.0
100
AcDbArc
 50
180.0
 51
197.9762617791719
  0
ARC
  5
8855
330
203
100
AcDbEntity
  8
0
100
AcDbCircle
 10
988.0047875899728
 20
-74.80664572782595
 30
0.0
 40
2.0
100
AcDbArc
 50
72.02373822079797
 51
90.0
  0
ARC
  5
8856
330
203
100
AcDbEntity
  8
0
100
AcDbCircle
 10
976.6377631777601
 20
-71.95309233723194
 30
0.0
 40
0.9999999999999812
100
AcDbArc
 50
162.0237382207946
 51
287.9762617791746
  0
ARC
  5
8857
330
203
100
AcDbEntity
  8
0
100
AcDbCircle
 10
977.5636319843585
 20
-74.80664572782504
 30
0.0
 40
2.0
100
AcDbArc
 50
90.0
 51
107.9762617791746
  0
ARC
  5
8858
330
203
100
AcDbEntity
  8
0
100
AcDbCircle
 10
973.7842097871682
 20
-71.02722353063197
 30
0.0
 40
2.0
100
AcDbArc
 50
342.0237382207938
 51
0.0
  0
ARC
  5
8859
330
203
100
AcDbEntity
  8
0
100
AcDbCircle
 10
976.6377631777606
 20
-59.66019911841883
 30
0.0
 40
0.9999999999999812
100
AcDbArc
 50
72.02373822079797
 51
197.9762617791719
  0
ARC
  5
885A
330
203
100
AcDbEntity
  8
0
100
AcDbCircle
 10
973.7842097871682
 20
-60.58606792501698
 30
0.0
 40
2.0
100
AcDbArc
 50
0.0
 51
17.97626177917197
  0
ARC
  5
885B
330
203
100
AcDbEntity
  8
0
100
AcDbCircle
 10
977.5636319843599
 20
-56.80664572782595
 30
0.0
 40
2.0
100
AcDbArc
 50
252.023738220798
 51
270.0
  0
ARC
  5
885C
330
203
100
AcDbEntity
  8
0
100
AcDbCircle
 10
988.930656396573
 20
-59.66019911841997
 30
0.0
 40
0.9999999999999812
100
AcDbArc
 50
342.0237382208218
 51
107.976261779202
  0
ARC
  5
885D
330
203
100
AcDbEntity
  8
0
100
AcDbCircle
 10
988.0047875899751
 20
-56.80664572782709
 30
0.0
 40
2.0
100
AcDbArc
 50
270.0
 51
287.976261779202
  0
ARC
  5
885E
330
203
100
AcDbEntity
  8
0
100
AcDbCircle
 10
991.7842097871668
 20
-60.58606792501811
 30
0.0
 40
2.0
100
AcDbArc
 50
162.0237382208218
 51
180.0000000000261
  0
ARC
  5
8925
330
203
100
AcDbEntity
  8
0
100
AcDbCircle
 10
971.8419664696737
 20
3.246354272174017
 30
0.0
 40
1.0
100
AcDbArc
 50
90.0
 51
270.0
  0
ARC
  5
8926
330
203
100
AcDbEntity
  8
0
100
AcDbCircle
 10
1058.654774596571
 20
3.246354272174017
 30
0.0
 40
1.0
100
AcDbArc
 50
270.0
 51
90.0
  0
LINE
  5
8932
330
203
100
AcDbEntity
  8
SUIT-00-06_PBL1
  6
Continuous
 62
     7
100
AcDbLine
 10
1069.412984787166
 20
2.246354272173988
 30
0.0
 11
1139.062984787166
 21
2.24635427217399
 31
0.0
  0
LINE
  5
8933
330
203
100
AcDbEntity
  8
SUIT-00-06_PBL1
  6
Continuous
 62
     7
100
AcDbLine
 10
1139.062984787166
 20
4.24635427217399
 30
0.0
 11
1069.412984787166
 21
4.246354272173988
 31
0.0
  0
ARC
  5
8934
330
203
100
AcDbEntity
  8
0
100
AcDbCircle
 10
1069.412984787166
 20
3.246354272173988
 30
0.0
 40
1.0
100
AcDbArc
 50
90.0
 51
270.0
  0
ARC
  5
8935
330
203
100
AcDbEntity
  8
0
100
AcDbCircle
 10
1139.062984787166
 20
3.24635427217399
 30
0.0
 40
1.0
100
AcDbArc
 50
270.0
 51
90.0
  0
LINE
  5
8941
330
203
100
AcDbEntity
  8
SUIT-00-06_PBL1
  6
Continuous
 62
     7
100
AcDbLine
 10
1150.247303892799
 20
2.246354272173988
 30
0.0
 11
1236.837984787166
 21
2.246354272173988
 31
0.0
  0
LINE
  5
8942
330
203
100
AcDbEntity
  8
SUIT-00-06_PBL1
  6
Continuous
 62
     7
100
AcDbLine
 10
1236.837984787166
 20
4.246354272173988
 30
0.0
 11
1150.247303892799
 21
4.246354272173988
 31
0.0
  0
ARC
  5
8943
330
203
100
AcDbEntity
  8
0
100
AcDbCircle
 10
1150.247303892799
 20
3.246354272173988
 30
0.0
 40
1.0
100
AcDbArc
 50
90.0
 51
270.0
  0
ARC
  5
8944
330
203
100
AcDbEntity
  8
0
100
AcDbCircle
 10
1236.837984787166
 20
3.246354272173989
 30
0.0
 40
1.0
100
AcDbArc
 50
270.0
 51
90.0
  0
LINE
  5
8950
330
203
100
AcDbEntity
  8
SUIT-00-06_PBL1
  6
Continuous
 62
     7
100
AcDbLine
 10
1262.147984787166
 20
2.246354272173988
 30
0.0
 11
1298.747984787166
 21
2.246354272173988
 31
0.0
  0
LINE
  5
8951
330
203
100
AcDbEntity
  8
SUIT-00-06_PBL1
  6
Continuous
 62
     7
100
AcDbLine
 10
1298.747984787166
 20
4.246354272173988
 30
0.0
 11
1262.147984787166
 21
4.246354272173988
 31
0.0
  0
ARC
  5
8952
330
203
100
AcDbEntity
  8
0
100
AcDbCircle
 10
1262.147984787166
 20
3.246354272173988
 30
0.0
 40
1.0
100
AcDbArc
 50
90.0
 51
270.0
  0
ARC
  5
8953
330
203
100
AcDbEntity
  8
0
100
AcDbCircle
 10
1298.747984787166
 20
3.246354272173989
 30
0.0
 40
1.0
100
AcDbArc
 50
270.0
 51
90.0
  0
LINE
  5
895F
330
203
100
AcDbEntity
  8
SUIT-00-06_PBL1
  6
Continuous
 62
     7
100
AcDbLine
 10
1262.147984787166
 20
-48.4048865458351
 30
0.0
 11
1298.747984787166
 21
-48.4048865458351
 31
0.0
  0
LINE
  5
8960
330
203
100
AcDbEntity
  8
SUIT-00-06_PBL1
  6
Continuous
 62
     7
100
AcDbLine
 10
1298.747984787166
 20
-46.4048865458351
 30
0.0
 11
1262.147984787166
 21
-46.4048865458351
 31
0.0
  0
ARC
  5
8961
330
203
100
AcDbEntity
  8
0
100
AcDbCircle
 10
1262.147984787166
 20
-47.4048865458351
 30
0.0
 40
1.0
100
AcDbArc
 50
90.0
 51
270.0
  0
ARC
  5
8962
330
203
100
AcDbEntity
  8
0
100
AcDbCircle
 10
1298.747984787166
 20
-47.4048865458351
 30
0.0
 40
1.0
100
AcDbArc
 50
270.0
 51
90.0
  0
LINE
  5
896D
330
203
100
AcDbEntity
  8
SUIT-00-06_PBL1
  6
Continuous
 62
     7
100
AcDbLine
 10
1116.227984787165
 20
-85.85614572782595
 30
0.0
 11
1152.727984787166
 21
-85.85614572782595
 31
0.0
  0
LINE
  5
896E
330
203
100
AcDbEntity
  8
SUIT-00-06_PBL1
  6
Continuous
 62
     7
100
AcDbLine
 10
1152.727984787166
 20
-83.85614572782595
 30
0.0
 11
1116.227984787165
 21
-83.85614572782595
 31
0.0
  0
ARC
  5
896F
330
203
100
AcDbEntity
  8
0
100
AcDbCircle
 10
1116.227984787165
 20
-84.85614572782595
 30
0.0
 40
1.0
100
AcDbArc
 50
90.0
 51
270.0
  0
ARC
  5
8970
330
203
100
AcDbEntity
  8
0
100
AcDbCircle
 10
1152.727984787166
 20
-84.85614572782595
 30
0.0
 40
1.0
100
AcDbArc
 50
270.0
 51
90.0
  0
LINE
  5
897C
330
203
100
AcDbEntity
  8
SUIT-00-06_PBL1
  6
Continuous
 62
     7
100
AcDbLine
 10
1055.727984787165
 20
-85.85614572782595
 30
0.0
 11
1092.227984787166
 21
-85.85614572782595
 31
0.0
  0
LINE
  5
897D
330
203
100
AcDbEntity
  8
SUIT-00-06_PBL1
  6
Continuous
 62
     7
100
AcDbLine
 10
1092.227984787166
 20
-83.85614572782595
 30
0.0
 11
1055.727984787165
 21
-83.85614572782595
 31
0.0
  0
ARC
  5
897E
330
203
100
AcDbEntity
  8
0
100
AcDbCircle
 10
1055.727984787165
 20
-84.85614572782595
 30
0.0
 40
1.0
100
AcDbArc
 50
90.0
 51
270.0
  0
ARC
  5
897F
330
203
100
AcDbEntity
  8
0
100
AcDbCircle
 10
1092.227984787166
 20
-84.85614572782595
 30
0.0
 40
1.0
100
AcDbArc
 50
270.0
 51
90.0
  0
LINE
  5
8A4C
330
203
100
AcDbEntity
  8
SUIT-00-06_PBL1
  6
Continuous
 62
     7
100
AcDbLine
 10
1248.492984787166
 20
-40.50614572782585
 30
0.0
 11
1248.492984787166
 21
-89.16485245662595
 31
0.0
  0
LINE
  5
8A4D
330
203
100
AcDbEntity
  8
SUIT-00-06_PBL1
  6
Continuous
 62
     7
100
AcDbLine
 10
1250.492984787166
 20
-89.16485245662595
 30
0.0
 11
1250.492984787166
 21
-40.50614572782585
 31
0.0
  0
ARC
  5
8A4E
330
203
100
AcDbEntity
  8
0
100
AcDbCircle
 10
1249.492984787166
 20
-89.16485245662595
 30
0.0
 40
1.0
100
AcDbArc
 50
180.0
 51
0.0
  0
ARC
  5
8A4F
330
203
100
AcDbEntity
  8
0
100
AcDbCircle
 10
1249.492984787166
 20
-40.50614572782585
 30
0.0
 40
1.0
100
AcDbArc
 50
0.0
 51
180.0
  0
LINE
  5
8A50
330
203
100
AcDbEntity
  8
SUIT-00-06_PBL1
  6
Continuous
 62
     7
100
AcDbLine
 10
1248.492984787166
 20
19.37823618907403
 30
0.0
 11
1248.492984787166
 21
-33.96364572782583
 31
0.0
  0
LINE
  5
8A51
330
203
100
AcDbEntity
  8
SUIT-00-06_PBL1
  6
Continuous
 62
     7
100
AcDbLine
 10
1250.492984787166
 20
-33.96364572782583
 30
0.0
 11
1250.492984787166
 21
19.37823618907403
 31
0.0
  0
ARC
  5
8A52
330
203
100
AcDbEntity
  8
0
100
AcDbCircle
 10
1249.492984787166
 20
-33.96364572782583
 30
0.0
 40
1.0
100
AcDbArc
 50
180.0
 51
0.0
  0
ARC
  5
8A53
330
203
100
AcDbEntity
  8
0
100
AcDbCircle
 10
1249.492984787166
 20
19.37823618907403
 30
0.0
 40
1.0
100
AcDbArc
 50
0.0
 51
180.0
  0
ARC
  5
8B22
330
203
100
AcDbEntity
  8
0
100
AcDbCircle
 10
975.3779847871656
 20
26.65635427217407
 30
0.0
 40
1.0
100
AcDbArc
 50
270.0
 51
90.0
  0
ARC
  5
8B2B
330
203
100
AcDbEntity
  8
0
100
AcDbCircle
 10
1007.377984787166
 20
26.65635427217407
 30
0.0
 40
1.0
100
AcDbArc
 50
90.0
 51
270.0
  0
LINE
  5
8B3E
330
203
100
AcDbEntity
  8
SUIT-00-06_PBL1
  6
Continuous
 62
     7
100
AcDbLine
 10
1250.497984787165
 20
29.65635427217407
 30
0.0
 11
1250.497984787165
 21
28.65635427217407
 31
0.0
  0
LINE
  5
8B3F
330
203
100
AcDbEntity
  8
SUIT-00-06_PBL1
  6
Continuous
 62
     7
100
AcDbLine
 10
1307.497984787165
 20
28.65635427217407
 30
0.0
 11
1307.497984787165
 21
29.65635427217407
 31
0.0
  0
LINE
  5
8B40
330
203
100
AcDbEntity
  8
SUIT-00-06_PBL1
  6
Continuous
 62
     7
100
AcDbLine
 10
1306.497984787165
 20
27.65635427217407
 30
0.0
 11
1294.997984787166
 21
27.65635427217407
 31
0.0
  0
LINE
  5
8B41
330
203
100
AcDbEntity
  8
SUIT-00-06_PBL1
  6
Continuous
 62
     7
100
AcDbLine
 10
1262.997984787165
 20
27.65635427217407
 30
0.0
 11
1251.497984787165
 21
27.65635427217407
 31
0.0
  0
LINE
  5
8B42
330
203
100
AcDbEntity
  8
SUIT-00-06_PBL1
  6
Continuous
 62
     7
100
AcDbLine
 10
1306.497984787165
 20
30.65635427217407
 30
0.0
 11
1251.497984787165
 21
30.65635427217407
 31
0.0
  0
ARC
  5
8B43
330
203
100
AcDbEntity
  8
SUIT-00-06_PBL1
  6
Continuous
 62
     7
100
AcDbCircle
 10
1306.497984787165
 20
28.65635427217407
 30
0.0
 40
1.0
100
AcDbArc
 50
270.0
 51
0.0
  0
ARC
  5
8B44
330
203
100
AcDbEntity
  8
SUIT-00-06_PBL1
  6
Continuous
 62
     7
100
AcDbCircle
 10
1306.497984787165
 20
29.65635427217407
 30
0.0
 40
1.0
100
AcDbArc
 50
0.0
 51
90.0
  0
ARC
  5
8B45
330
203
100
AcDbEntity
  8
SUIT-00-06_PBL1
  6
Continuous
 62
     7
100
AcDbCircle
 10
1251.497984787165
 20
29.65635427217407
 30
0.0
 40
1.0
100
AcDbArc
 50
90.0
 51
180.0
  0
ARC
  5
8B46
330
203
100
AcDbEntity
  8
SUIT-00-06_PBL1
  6
Continuous
 62
     7
100
AcDbCircle
 10
1251.497984787165
 20
28.65635427217407
 30
0.0
 40
1.0
100
AcDbArc
 50
180.0
 51
270.0
  0
ARC
  5
8B47
330
203
100
AcDbEntity
  8
0
100
AcDbCircle
 10
1262.997984787165
 20
26.65635427217407
 30
0.0
 40
1.0
100
AcDbArc
 50
270.0
 51
90.0
  0
ARC
  5
8B48
330
203
100
AcDbEntity
  8
0
100
AcDbCircle
 10
1294.997984787166
 20
26.65635427217407
 30
0.0
 40
1.0
100
AcDbArc
 50
90.0
 51
270.0
  0
ARC
  5
8B63
330
203
100
AcDbEntity
  8
0
100
AcDbCircle
 10
1046.187984787166
 20
26.65635427217407
 30
0.0
 40
1.0
100
AcDbArc
 50
270.0
 51
90.0
  0
ARC
  5
8B64
330
203
100
AcDbEntity
  8
0
100
AcDbCircle
 10
1114.187984787166
 20
26.65635427217407
 30
0.0
 40
1.0
100
AcDbArc
 50
90.0
 51
270.0
  0
LINE
  5
8B94
330
203
100
AcDbEntity
  8
SUIT-00-06_PBL1
  6
Continuous
 62
     7
100
AcDbLine
 10
1141.187984787166
 20
29.65635427217407
 30
0.0
 11
1141.187984787166
 21
28.65635427217407
 31
0.0
  0
LINE
  5
8B95
330
203
100
AcDbEntity
  8
SUIT-00-06_PBL1
  6
Continuous
 62
     7
100
AcDbLine
 10
1239.187984787166
 20
28.65635427217407
 30
0.0
 11
1239.187984787166
 21
29.65635427217407
 31
0.0
  0
LINE
  5
8B96
330
203
100
AcDbEntity
  8
SUIT-00-06_PBL1
  6
Continuous
 62
     7
100
AcDbLine
 10
1238.187984787166
 20
27.65635427217407
 30
0.0
 11
1224.187984787166
 21
27.65635427217407
 31
0.0
  0
LINE
  5
8B97
330
203
100
AcDbEntity
  8
SUIT-00-06_PBL1
  6
Continuous
 62
     7
100
AcDbLine
 10
1156.187984787166
 20
27.65635427217407
 30
0.0
 11
1142.187984787166
 21
27.65635427217407
 31
0.0
  0
LINE
  5
8B98
330
203
100
AcDbEntity
  8
SUIT-00-06_PBL1
  6
Continuous
 62
     7
100
AcDbLine
 10
1238.187984787166
 20
30.65635427217407
 30
0.0
 11
1142.187984787166
 21
30.65635427217407
 31
0.0
  0
ARC
  5
8B99
330
203
100
AcDbEntity
  8
SUIT-00-06_PBL1
  6
Continuous
 62
     7
100
AcDbCircle
 10
1238.187984787166
 20
28.65635427217407
 30
0.0
 40
1.0
100
AcDbArc
 50
270.0
 51
0.0
  0
ARC
  5
8B9A
330
203
100
AcDbEntity
  8
SUIT-00-06_PBL1
  6
Continuous
 62
     7
100
AcDbCircle
 10
1238.187984787166
 20
29.65635427217407
 30
0.0
 40
1.0
100
AcDbArc
 50
0.0
 51
90.0
  0
ARC
  5
8B9B
330
203
100
AcDbEntity
  8
SUIT-00-06_PBL1
  6
Continuous
 62
     7
100
AcDbCircle
 10
1142.187984787166
 20
29.65635427217407
 30
0.0
 40
1.0
100
AcDbArc
 50
90.0
 51
180.0
  0
ARC
  5
8B9C
330
203
100
AcDbEntity
  8
SUIT-00-06_PBL1
  6
Continuous
 62
     7
100
AcDbCircle
 10
1142.187984787166
 20
28.65635427217407
 30
0.0
 40
1.0
100
AcDbArc
 50
180.0
 51
270.0
  0
ARC
  5
8BAF
330
203
100
AcDbEntity
  8
0
100
AcDbCircle
 10
1156.187984787166
 20
26.65635427217407
 30
0.0
 40
1.0
100
AcDbArc
 50
270.0
 51
90.0
  0
ARC
  5
8BB9
330
203
100
AcDbEntity
  8
0
100
AcDbCircle
 10
1224.187984787166
 20
26.65635427217407
 30
0.0
 40
1.0
100
AcDbArc
 50
90.0
 51
270.0
  0
LINE
  5
8BCB
330
203
100
AcDbEntity
  8
SUIT-00-06_PBL1
  6
Continuous
 62
     7
100
AcDbLine
 10
1031.187984787166
 20
-98.84364572782611
 30
0.0
 11
1031.187984787166
 21
-97.84364572782611
 31
0.0
  0
LINE
  5
8BCC
330
203
100
AcDbEntity
  8
SUIT-00-06_PBL1
  6
Continuous
 62
     7
100
AcDbLine
 10
1129.187984787166
 20
-97.84364572782611
 30
0.0
 11
1129.187984787166
 21
-98.84364572782611
 31
0.0
  0
LINE
  5
8BCD
330
203
100
AcDbEntity
  8
SUIT-00-06_PBL1
  6
Continuous
 62
     7
100
AcDbLine
 10
1128.187984787166
 20
-96.84364572782611
 30
0.0
 11
1114.187984787166
 21
-96.84364572782611
 31
0.0
  0
LINE
  5
8BCE
330
203
100
AcDbEntity
  8
SUIT-00-06_PBL1
  6
Continuous
 62
     7
100
AcDbLine
 10
1046.187984787166
 20
-96.84364572782611
 30
0.0
 11
1032.187984787166
 21
-96.84364572782611
 31
0.0
  0
LINE
  5
8BCF
330
203
100
AcDbEntity
  8
SUIT-00-06_PBL1
  6
Continuous
 62
     7
100
AcDbLine
 10
1128.187984787166
 20
-99.84364572782611
 30
0.0
 11
1032.187984787166
 21
-99.84364572782611
 31
0.0
  0
ARC
  5
8BD0
330
203
100
AcDbEntity
  8
SUIT-00-06_PBL1
  6
Continuous
 62
     7
100
AcDbCircle
 10
1128.187984787166
 20
-97.84364572782611
 30
0.0
 40
1.0
100
AcDbArc
 50
0.0
 51
90.00000000000001
  0
ARC
  5
8BD1
330
203
100
AcDbEntity
  8
SUIT-00-06_PBL1
  6
Continuous
 62
     7
100
AcDbCircle
 10
1128.187984787166
 20
-98.84364572782611
 30
0.0
 40
1.0
100
AcDbArc
 50
270.0
 51
0.0
  0
ARC
  5
8BD2
330
203
100
AcDbEntity
  8
SUIT-00-06_PBL1
  6
Continuous
 62
     7
100
AcDbCircle
 10
1032.187984787166
 20
-98.84364572782611
 30
0.0
 40
1.0
100
AcDbArc
 50
180.0
 51
270.0
  0
ARC
  5
8BD3
330
203
100
AcDbEntity
  8
SUIT-00-06_PBL1
  6
Continuous
 62
     7
100
AcDbCircle
 10
1032.187984787166
 20
-97.84364572782611
 30
0.0
 40
1.0
100
AcDbArc
 50
90.00000000000001
 51
180.0
  0
ARC
  5
8BD4
330
203
100
AcDbEntity
  8
0
100
AcDbCircle
 10
1046.187984787166
 20
-95.84364572782611
 30
0.0
 40
1.0
100
AcDbArc
 50
270.0
 51
90.00000000000001
  0
ARC
  5
8BD5
330
203
100
AcDbEntity
  8
0
100
AcDbCircle
 10
1114.187984787166
 20
-95.84364572782611
 30
0.0
 40
1.0
100
AcDbArc
 50
90.00000000000001
 51
270.0
  0
LINE
  5
8BF9
330
203
100
AcDbEntity
  8
SUIT-00-06_PBL1
  6
Continuous
 62
     7
100
AcDbLine
 10
1141.187984787166
 20
-98.84364572782594
 30
0.0
 11
1141.187984787166
 21
-97.84364572782594
 31
0.0
  0
LINE
  5
8BFA
330
203
100
AcDbEntity
  8
SUIT-00-06_PBL1
  6
Continuous
 62
     7
100
AcDbLine
 10
1239.187984787166
 20
-97.84364572782594
 30
0.0
 11
1239.187984787166
 21
-98.84364572782594
 31
0.0
  0
LINE
  5
8BFB
330
203
100
AcDbEntity
  8
SUIT-00-06_PBL1
  6
Continuous
 62
     7
100
AcDbLine
 10
1238.187984787166
 20
-96.84364572782594
 30
0.0
 11
1224.187984787166
 21
-96.84364572782594
 31
0.0
  0
LINE
  5
8BFC
330
203
100
AcDbEntity
  8
SUIT-00-06_PBL1
  6
Continuous
 62
     7
100
AcDbLine
 10
1156.187984787166
 20
-96.84364572782594
 30
0.0
 11
1142.187984787166
 21
-96.84364572782594
 31
0.0
  0
LINE
  5
8BFD
330
203
100
AcDbEntity
  8
SUIT-00-06_PBL1
  6
Continuous
 62
     7
100
AcDbLine
 10
1238.187984787166
 20
-99.84364572782594
 30
0.0
 11
1142.187984787166
 21
-99.84364572782594
 31
0.0
  0
ARC
  5
8BFE
330
203
100
AcDbEntity
  8
SUIT-00-06_PBL1
  6
Continuous
 62
     7
100
AcDbCircle
 10
1238.187984787166
 20
-97.84364572782594
 30
0.0
 40
1.0
100
AcDbArc
 50
0.0
 51
90.0
  0
ARC
  5
8BFF
330
203
100
AcDbEntity
  8
SUIT-00-06_PBL1
  6
Continuous
 62
     7
100
AcDbCircle
 10
1238.187984787166
 20
-98.84364572782594
 30
0.0
 40
1.0
100
AcDbArc
 50
270.0
 51
0.0
  0
ARC
  5
8C00
330
203
100
AcDbEntity
  8
SUIT-00-06_PBL1
  6
Continuous
 62
     7
100
AcDbCircle
 10
1142.187984787166
 20
-98.84364572782594
 30
0.0
 40
1.0
100
AcDbArc
 50
180.0
 51
270.0
  0
ARC
  5
8C01
330
203
100
AcDbEntity
  8
SUIT-00-06_PBL1
  6
Continuous
 62
     7
100
AcDbCircle
 10
1142.187984787166
 20
-97.84364572782594
 30
0.0
 40
1.0
100
AcDbArc
 50
90.0
 51
180.0
  0
ARC
  5
8C02
330
203
100
AcDbEntity
  8
0
100
AcDbCircle
 10
1156.187984787166
 20
-95.84364572782593
 30
0.0
 40
1.0
100
AcDbArc
 50
270.0
 51
90.0
  0
ARC
  5
8C03
330
203
100
AcDbEntity
  8
0
100
AcDbCircle
 10
1224.187984787166
 20
-95.84364572782593
 30
0.0
 40
1.0
100
AcDbArc
 50
90.0
 51
270.0
  0
LINE
  5
8C17
330
203
100
AcDbEntity
  8
SUIT-00-06_PBL1
  6
Continuous
 62
     7
100
AcDbLine
 10
1250.497984787166
 20
-98.84364572782611
 30
0.0
 11
1250.497984787166
 21
-97.84364572782611
 31
0.0
  0
LINE
  5
8C18
330
203
100
AcDbEntity
  8
SUIT-00-06_PBL1
  6
Continuous
 62
     7
100
AcDbLine
 10
1307.497984787166
 20
-97.84364572782611
 30
0.0
 11
1307.497984787166
 21
-98.84364572782611
 31
0.0
  0
LINE
  5
8C19
330
203
100
AcDbEntity
  8
SUIT-00-06_PBL1
  6
Continuous
 62
     7
100
AcDbLine
 10
1306.497984787166
 20
-96.84364572782611
 30
0.0
 11
1294.997984787166
 21
-96.84364572782611
 31
0.0
  0
LINE
  5
8C1A
330
203
100
AcDbEntity
  8
SUIT-00-06_PBL1
  6
Continuous
 62
     7
100
AcDbLine
 10
1262.997984787166
 20
-96.84364572782611
 30
0.0
 11
1251.497984787166
 21
-96.84364572782611
 31
0.0
  0
LINE
  5
8C1B
330
203
100
AcDbEntity
  8
SUIT-00-06_PBL1
  6
Continuous
 62
     7
100
AcDbLine
 10
1306.497984787166
 20
-99.84364572782611
 30
0.0
 11
1251.497984787166
 21
-99.84364572782611
 31
0.0
  0
ARC
  5
8C1C
330
203
100
AcDbEntity
  8
SUIT-00-06_PBL1
  6
Continuous
 62
     7
100
AcDbCircle
 10
1306.497984787166
 20
-97.84364572782611
 30
0.0
 40
1.0
100
AcDbArc
 50
0.0
 51
90.0
  0
ARC
  5
8C1D
330
203
100
AcDbEntity
  8
SUIT-00-06_PBL1
  6
Continuous
 62
     7
100
AcDbCircle
 10
1306.497984787166
 20
-98.84364572782611
 30
0.0
 40
1.0
100
AcDbArc
 50
270.0
 51
0.0
  0
ARC
  5
8C1E
330
203
100
AcDbEntity
  8
SUIT-00-06_PBL1
  6
Continuous
 62
     7
100
AcDbCircle
 10
1251.497984787166
 20
-98.84364572782611
 30
0.0
 40
1.0
100
AcDbArc
 50
180.0
 51
270.0
  0
ARC
  5
8C1F
330
203
100
AcDbEntity
  8
SUIT-00-06_PBL1
  6
Continuous
 62
     7
100
AcDbCircle
 10
1251.497984787166
 20
-97.84364572782611
 30
0.0
 40
1.0
100
AcDbArc
 50
90.0
 51
180.0
  0
ARC
  5
8C20
330
203
100
AcDbEntity
  8
0
100
AcDbCircle
 10
1262.997984787166
 20
-95.84364572782611
 30
0.0
 40
1.0
100
AcDbArc
 50
270.0
 51
90.0
  0
ARC
  5
8C21
330
203
100
AcDbEntity
  8
0
100
AcDbCircle
 10
1294.997984787166
 20
-95.84364572782611
 30
0.0
 40
1.0
100
AcDbArc
 50
90.0
 51
270.0
  0
LINE
  5
8C35
330
203
100
AcDbEntity
  8
SUIT-00-06_PBL1
  6
Continuous
 62
     7
100
AcDbLine
 10
962.8779847871655
 20
-98.84364572782593
 30
0.0
 11
962.8779847871655
 21
-97.84364572782593
 31
0.0
  0
LINE
  5
8C36
330
203
100
AcDbEntity
  8
SUIT-00-06_PBL1
  6
Continuous
 62
     7
100
AcDbLine
 10
1019.877984787165
 20
-97.84364572782593
 30
0.0
 11
1019.877984787165
 21
-98.84364572782593
 31
0.0
  0
LINE
  5
8C37
330
203
100
AcDbEntity
  8
SUIT-00-06_PBL1
  6
Continuous
 62
     7
100
AcDbLine
 10
1018.877984787165
 20
-96.84364572782593
 30
0.0
 11
1007.377984787166
 21
-96.84364572782593
 31
0.0
  0
LINE
  5
8C38
330
203
100
AcDbEntity
  8
SUIT-00-06_PBL1
  6
Continuous
 62
     7
100
AcDbLine
 10
975.3779847871655
 20
-96.84364572782593
 30
0.0
 11
963.8779847871655
 21
-96.84364572782593
 31
0.0
  0
LINE
  5
8C39
330
203
100
AcDbEntity
  8
SUIT-00-06_PBL1
  6
Continuous
 62
     7
100
AcDbLine
 10
1018.877984787165
 20
-99.84364572782593
 30
0.0
 11
963.8779847871655
 21
-99.84364572782593
 31
0.0
  0
ARC
  5
8C3A
330
203
100
AcDbEntity
  8
SUIT-00-06_PBL1
  6
Continuous
 62
     7
100
AcDbCircle
 10
1018.877984787165
 20
-97.84364572782593
 30
0.0
 40
1.0
100
AcDbArc
 50
0.0
 51
90.0
  0
ARC
  5
8C3B
330
203
100
AcDbEntity
  8
SUIT-00-06_PBL1
  6
Continuous
 62
     7
100
AcDbCircle
 10
1018.877984787165
 20
-98.84364572782593
 30
0.0
 40
1.0
100
AcDbArc
 50
270.0
 51
0.0
  0
ARC
  5
8C3C
330
203
100
AcDbEntity
  8
SUIT-00-06_PBL1
  6
Continuous
 62
     7
100
AcDbCircle
 10
963.8779847871655
 20
-98.84364572782593
 30
0.0
 40
1.0
100
AcDbArc
 50
180.0
 51
270.0
  0
ARC
  5
8C3D
330
203
100
AcDbEntity
  8
SUIT-00-06_PBL1
  6
Continuous
 62
     7
100
AcDbCircle
 10
963.8779847871655
 20
-97.84364572782593
 30
0.0
 40
1.0
100
AcDbArc
 50
90.0
 51
180.0
  0
ARC
  5
8C3E
330
203
100
AcDbEntity
  8
0
100
AcDbCircle
 10
975.3779847871655
 20
-95.84364572782593
 30
0.0
 40
1.0
100
AcDbArc
 50
270.0
 51
90.0
  0
ARC
  5
8C3F
330
203
100
AcDbEntity
  8
0
100
AcDbCircle
 10
1007.377984787166
 20
-95.84364572782593
 30
0.0
 40
1.0
100
AcDbArc
 50
90.0
 51
270.0
  0
ENDSEC
  0
SECTION
  2
OBJECTS
  0
DICTIONARY
  5
C
330
0
100
AcDbDictionary
281
     1
  3
ACAD_CIP_PREVIOUS_PRODUCT_INFO
350
7583
  3
ACAD_COLOR
350
589
  3
ACAD_DETAILVIEWSTYLE
350
5A0
  3
ACAD_GROUP
350
D
  3
ACAD_IMAGE_DICT
350
54B
  3
ACAD_IMAGE_VARS
350
54C
  3
ACAD_LAYOUT
350
1A
  3
ACAD_MATERIAL
350
557
  3
ACAD_MLEADERSTYLE
350
59C
  3
ACAD_MLINESTYLE
350
17
  3
ACAD_PLOTSETTINGS
350
19
  3
ACAD_PLOTSTYLENAME
350
E
  3
ACAD_SCALELIST
350
58A
  3
ACAD_SECTIONVIEWSTYLE
350
59E
  3
ACAD_TABLESTYLE
350
54D
  3
ACAD_VISUALSTYLE
350
570
  3
ACDB_RECOMPOSE_DATA
350
8D58
  3
AcDbVariableDictionary
350
65E
  3
AcDsDecomposeData
350
8D59
  0
DICTIONARY
  5
8D0E
330
8
100
AcDbDictionary
280
     1
281
     1
  3
ACAD_XREC_ROUNDTRIP
360
8D0F
  0
DICTIONARY
  5
7594
330
2
100
AcDbDictionary
280
     1
281
     1
  3
ACAD_LAYERSTATES
360
7595
  0
DICTIONARY
  5
7DD6
330
10
100
AcDbDictionary
280
     1
281
     1
  3
ADSK_XREC_LAYER_RECONCILED
360
7DD7
  0
DICTIONARY
  5
7DD8
330
1FA
100
AcDbDictionary
280
     1
281
     1
  3
ADSK_XREC_LAYER_RECONCILED
360
7DD9
  0
DICTIONARY
  5
7DDA
330
1FB
100
AcDbDictionary
280
     1
281
     1
  3
ADSK_XREC_LAYER_RECONCILED
360
7DDB
  0
DICTIONARY
  5
7DDC
330
1FC
100
AcDbDictionary
280
     1
281
     1
  3
ADSK_XREC_LAYER_RECONCILED
360
7DDD
  0
DICTIONARY
  5
7DDE
330
1FD
100
AcDbDictionary
280
     1
281
     1
  3
ADSK_XREC_LAYER_RECONCILED
360
7DDF
  0
DICTIONARY
  5
7DE0
330
1FE
100
AcDbDictionary
280
     1
281
     1
  3
ADSK_XREC_LAYER_RECONCILED
360
7DE1
  0
DICTIONARY
  5
7DE2
330
1FF
100
AcDbDictionary
280
     1
281
     1
  3
ADSK_XREC_LAYER_RECONCILED
360
7DE3
  0
DICTIONARY
  5
66E
330
203
100
AcDbDictionary
280
     1
281
     1
  3
ACAD_SORTENTS
360
66F
  0
DICTIONARY
  5
55E3
330
B88
100
AcDbDictionary
280
     1
281
     1
  3
ACAD_SORTENTS
360
55E7
  0
DICTIONARY
  5
CD2
330
C2E
100
AcDbDictionary
280
     1
281
     1
  3
ACAD_SORTENTS
360
CD3
  0
DICTIONARY
  5
4230
330
4221
100
AcDbDictionary
280
     1
281
     1
  3
ACAD_SORTENTS
360
4231
  0
DICTIONARY
  5
7DC1
330
7DB0
100
AcDbDictionary
280
     1
281
     1
  3
ACAD_SORTENTS
360
7DC2
  0
DICTIONARY
  5
8505
330
84F4
100
AcDbDictionary
280
     1
281
     1
  3
ACAD_SORTENTS
360
8506
  0
DICTIONARY
  5
8968
330
8963
100
AcDbDictionary
280
     1
281
     1
  3
ACAD_SORTENTS
360
8969
  0
DICTIONARY
  5
8BAB
330
8BA1
100
AcDbDictionary
280
     1
281
     1
  3
ACAD_SORTENTS
360
8BAC
  0
DICTIONARY
  5
8BE4
330
8BD8
100
AcDbDictionary
280
     1
281
     1
  3
ACAD_SORTENTS
360
8BE5
  0
XRECORD
  5
7583
102
{ACAD_REACTORS
330
C
102
}
330
C
100
AcDbXrecord
280
     1
300
ACD
300
2020
300

  0
DICTIONARY
  5
589
102
{ACAD_REACTORS
330
C
102
}
330
C
100
AcDbDictionary
281
     1
  0
DICTIONARY
  5
5A0
102
{ACAD_REACTORS
330
C
102
}
330
C
100
AcDbDictionary
281
     1
  3
Imperial24
350
7C96
  3
Metric50
350
5A1
  0
DICTIONARY
  5
D
102
{ACAD_REACTORS
330
C
102
}
330
C
100
AcDbDictionary
281
     1
  0
DICTIONARY
  5
54B
330
C
100
AcDbDictionary
281
     1
  3
suit-00-06_img_1
350
550
  3
suit-00-06_img_2
350
551
  3
suit-00-06_img_3
350
552
  0
RASTERVARIABLES
  5
54C
330
C
100
AcDbRasterVariables
 90
        0
 70
     0
 71
     1
 72
     1
  0
DICTIONARY
  5
1A
102
{ACAD_REACTORS
330
C
102
}
330
C
100
AcDbDictionary
281
     1
  3
Layout1
350
54F
  3
Model
350
54E
  0
DICTIONARY
  5
557
102
{ACAD_REACTORS
330
C
102
}
330
C
100
AcDbDictionary
281
     1
  3
ByBlock
350
560
  3
ByLayer
350
558
  3
Global
350
568
  0
DICTIONARY
  5
59C
102
{ACAD_REACTORS
330
C
102
}
330
C
100
AcDbDictionary
281
     1
  3
Standard
350
59D
  0
DICTIONARY
  5
17
102
{ACAD_REACTORS
330
C
102
}
330
C
100
AcDbDictionary
281
     1
  3
Standard
350
18
  0
DICTIONARY
  5
19
102
{ACAD_REACTORS
330
C
102
}
330
C
100
AcDbDictionary
281
     1
  0
ACDBDICTIONARYWDFLT
  5
E
102
{ACAD_REACTORS
330
C
102
}
330
C
100
AcDbDictionary
281
     1
  3
Normal
350
F
100
AcDbDictionaryWithDefault
340
F
  0
DICTIONARY
  5
58A
102
{ACAD_REACTORS
330
C
102
}
330
C
100
AcDbDictionary
281
     1
  3
A0
350
58B
  3
A1
350
58C
  3
A2
350
58D
  3
A3
350
58E
  3
A4
350
58F
  3
A5
350
590
  3
A6
350
591
  3
A7
350
592
  3
A8
350
593
  3
A9
350
594
  3
B0
350
595
  3
B1
350
596
  3
B2
350
597
  3
B3
350
598
  3
B4
350
599
  3
B5
350
59A
  3
B6
350
59B
  0
DICTIONARY
  5
59E
102
{ACAD_REACTORS
330
C
102
}
330
C
100
AcDbDictionary
281
     1
  3
Imperial24
350
7C95
  3
Metric50
350
59F
  0
DICTIONARY
  5
54D
330
C
100
AcDbDictionary
281
     1
  3
Standard
350
553
  3
Standard1
350
554
  0
DICTIONARY
  5
570
102
{ACAD_REACTORS
330
C
102
}
330
C
100
AcDbDictionary
281
     1
  3
2dWireframe
350
576
  3
3D Hidden
350
667
  3
3dWireframe
350
666
  3
Basic
350
575
  3
Brighten
350
57C
  3
ColorChange
350
580
  3
Conceptual
350
579
  3
Dim
350
57B
  3
EdgeColorOff
350
588
  3
Facepattern
350
57F
  3
Flat
350
571
  3
FlatWithEdges
350
572
  3
Gouraud
350
573
  3
GouraudWithEdges
350
574
  3
Hidden
350
578
  3
JitterOff
350
586
  3
Linepattern
350
57E
  3
OverhangOff
350
587
  3
Realistic
350
57A
  3
Shaded
350
585
  3
Shaded with edges
350
584
  3
Shades of Gray
350
581
  3
Sketchy
350
582
  3
Thicken
350
57D
  3
Wireframe
350
577
  3
X-Ray
350
583
  0
XRECORD
  5
8D58
102
{ACAD_REACTORS
330
C
102
}
330
C
100
AcDbXrecord
280
     1
 90
        1
330
553
330
554
  0
DICTIONARY
  5
65E
102
{ACAD_REACTORS
330
C
102
}
330
C
100
AcDbDictionary
281
     1
  3
CANNOSCALE
350
663
  3
CMLEADERSTYLE
350
660
  3
CTABLESTYLE
350
65F
  3
CVIEWDETAILSTYLE
350
661
  3
CVIEWSECTIONSTYLE
350
662
  3
LAYEREVAL
350
761D
  3
LAYERNOTIFY
350
761E
  3
LIGHTINGUNITS
350
761C
  3
MSLTSCALE
350
761B
  3
SOLIDHIST
350
8638
  3
XCLIPFRAME
350
8D0D
  0
DICTIONARY
  5
8D59
102
{ACAD_REACTORS
330
C
102
}
330
C
100
AcDbDictionary
281
     1
  3
AcDsRecords
350
8D5A
  3
AcDsSchemas
350
8D5B
1001
ACAD
1070
     2
  0
XRECORD
  5
8D0F
102
{ACAD_REACTORS
330
8D0E
102
}
330
8D0E
100
AcDbXrecord
280
     1
102
VTR_0.000_0.000_1.000_1.000_VISUALSTYLE
340
576
102
VTR_0.000_0.000_1.000_1.000_GRIDDISPLAY
 70
     3
102
VTR_0.000_0.000_1.000_1.000_GRIDMAJOR
 70
     5
102
VTR_0.000_0.000_1.000_1.000_DEFAULTLIGHTING
280
     1
102
VTR_0.000_0.000_1.000_1.000_DEFAULTLIGHTINGTYPE
 70
     1
102
VTR_0.000_0.000_1.000_1.000_BRIGHTNESS
141
0.0
102
VTR_0.000_0.000_1.000_1.000_CONTRAST
142
0.0
  0
DICTIONARY
  5
7595
102
{ACAD_REACTORS
330
7594
102
}
330
7594
100
AcDbDictionary
281
     1
  0
XRECORD
  5
7DD7
102
{ACAD_REACTORS
330
7DD6
102
}
330
7DD6
100
AcDbXrecord
280
     1
290
     1
  0
XRECORD
  5
7DD9
102
{ACAD_REACTORS
330
7DD8
102
}
330
7DD8
100
AcDbXrecord
280
     1
290
     1
  0
XRECORD
  5
7DDB
102
{ACAD_REACTORS
330
7DDA
102
}
330
7DDA
100
AcDbXrecord
280
     1
290
     1
  0
XRECORD
  5
7DDD
102
{ACAD_REACTORS
330
7DDC
102
}
330
7DDC
100
AcDbXrecord
280
     1
290
     1
  0
XRECORD
  5
7DDF
102
{ACAD_REACTORS
330
7DDE
102
}
330
7DDE
100
AcDbXrecord
280
     1
290
     1
  0
XRECORD
  5
7DE1
102
{ACAD_REACTORS
330
7DE0
102
}
330
7DE0
100
AcDbXrecord
280
     1
290
     1
  0
XRECORD
  5
7DE3
102
{ACAD_REACTORS
330
7DE2
102
}
330
7DE2
100
AcDbXrecord
280
     1
290
     1
  0
SORTENTSTABLE
  5
66F
102
{ACAD_REACTORS
330
66E
102
}
330
66E
100
AcDbSortentsTable
330
203
  0
SORTENTSTABLE
  5
55E7
102
{ACAD_REACTORS
330
55E3
102
}
330
55E3
100
AcDbSortentsTable
330
B88
331
55D3
  5
55D3
331
55D4
  5
55D4
331
55D5
  5
55D5
331
55D6
  5
55D7
331
55D7
  5
55D9
331
55D8
  5
55DB
331
55D9
  5
55DD
331
55DA
  5
55DE
331
55DB
  5
55DF
331
55DC
  5
55E1
331
55DD
  5
55E6
331
55DE
  5
55EA
331
55DF
  5
55EB
331
55E0
  5
55EC
331
55E1
  5
55EE
331
55E2
  5
55EF
331
55E6
  5
55D8
331
55E8
  5
55DC
331
55E9
  5
55ED
331
55EA
  5
55E2
331
55EC
  5
55E0
331
55ED
  5
55E9
331
55EE
  5
55DA
331
55EF
  5
55D6
  0
SORTENTSTABLE
  5
CD3
102
{ACAD_REACTORS
330
CD2
102
}
330
CD2
100
AcDbSortentsTable
330
C2E
331
CBB
  5
CBC
331
CBC
  5
CBE
331
CBD
  5
CC0
331
CBE
  5
CC2
331
CBF
  5
CC4
331
CC0
  5
CC6
331
CC1
  5
CC8
331
CC2
  5
CCA
331
CC3
  5
CCC
331
CC4
  5
CBD
331
CC5
  5
CBB
331
CC6
  5
CC1
331
CC7
  5
CBF
331
CC8
  5
CCD
331
CC9
  5
CCB
331
CCA
  5
CCE
331
CCB
  5
CCF
331
CCC
  5
CC5
331
CCD
  5
CC3
331
CCE
  5
CD0
331
CCF
  5
CD1
331
CD0
  5
CC9
331
CD1
  5
CC7
  0
SORTENTSTABLE
  5
4231
102
{ACAD_REACTORS
330
4230
102
}
330
4230
100
AcDbSortentsTable
330
4221
  0
SORTENTSTABLE
  5
7DC2
102
{ACAD_REACTORS
330
7DC1
102
}
330
7DC1
100
AcDbSortentsTable
330
7DB0
  0
SORTENTSTABLE
  5
8506
102
{ACAD_REACTORS
330
8505
102
}
330
8505
100
AcDbSortentsTable
330
84F4
  0
SORTENTSTABLE
  5
8969
102
{ACAD_REACTORS
330
8968
102
}
330
8968
100
AcDbSortentsTable
330
8963
  0
SORTENTSTABLE
  5
8BAC
102
{ACAD_REACTORS
330
8BAB
102
}
330
8BAB
100
AcDbSortentsTable
330
8BA1
  0
SORTENTSTABLE
  5
8BE5
102
{ACAD_REACTORS
330
8BE4
102
}
330
8BE4
100
AcDbSortentsTable
330
8BD8
  0
ACDBDETAILVIEWSTYLE
  5
7C96
102
{ACAD_REACTORS
330
5A0
102
}
102
{ACAD_XDICTIONARY
360
8D0B
102
}
330
5A0
100
AcDbModelDocViewStyle
 70
     0
  3
Imperial24
290
     0
100
AcDbDetailViewStyle
 70
     0
 71
     0
 90
        3
 71
     1
340
11
 62
   256
 40
0.24
340
0
 62
   256
 40
0.24
300

 40
0.36
280
     3
 71
     2
340
16
 90
       25
 62
   256
 71
     3
340
11
 62
   256
 40
0.24
 90
        1
 40
0.75
 90
        1
300
%<\AcVar ViewType \f "%tc1">% %<\AcVar ViewDetailId>%\PSCALE %<\AcVar ViewScale \f "%sn">%
 71
     4
340
16
 90
       25
 62
   256
340
16
 90
       25
 62
   256
280
     0
  0
ACDBDETAILVIEWSTYLE
  5
5A1
102
{ACAD_REACTORS
330
5A0
102
}
102
{ACAD_XDICTIONARY
360
8D03
102
}
330
5A0
100
AcDbModelDocViewStyle
 70
     0
  3
Metric50
290
     0
100
AcDbDetailViewStyle
 70
     0
 71
     0
 90
        3
 71
     1
340
11
 62
   256
 40
5.0
340
0
 62
   256
 40
5.0
300

 40
0.0
280
     1
 71
     2
340
16
 90
       25
 62
   256
 71
     3
340
11
 62
   256
 40
5.0
 90
        0
 40
15.0
 90
        1
300
%<\AcVar ViewDetailId>% (%<\AcVar ViewScale \f "%sn">%)
 71
     4
340
16
 90
       25
 62
   256
340
16
 90
       25
 62
   256
280
     0
  0
IMAGEDEF
  5
550
102
{ACAD_REACTORS
330
54B
102
}
330
54B
100
AcDbRasterImageDef
 90
        0
  1
suit-00-06_img_1.png
 10
11.0
 20
767.0
 11
0.1693333333
 21
0.1693333333
280
     1
281
     0
  0
IMAGEDEF
  5
551
102
{ACAD_REACTORS
330
54B
102
}
330
54B
100
AcDbRasterImageDef
 90
        0
  1
suit-00-06_img_2.png
 10
2061.0
 20
767.0
 11
0.1693333333
 21
0.1693333333
280
     1
281
     0
  0
IMAGEDEF
  5
552
102
{ACAD_REACTORS
330
54B
102
}
330
54B
100
AcDbRasterImageDef
 90
        0
  1
suit-00-06_img_3.png
 10
2061.0
 20
11.0
 11
0.1693333333
 21
0.1693333333
280
     1
281
     0
  0
LAYOUT
  5
54F
102
{ACAD_REACTORS
330
1A
102
}
330
1A
100
AcDbPlotSettings
  1

  2
none_device
  4
ISO_A3_(420.00_x_297.00_MM)
  6

 40
0.0
 41
0.0
 42
0.0
 43
0.0
 44
420.0
 45
297.0
 46
0.0
 47
0.0
 48
0.0
 49
0.0
140
0.0
141
0.0
142
1.0
143
1.0
 70
     0
 72
     1
 73
     0
 74
     0
  7

 75
     0
 76
     0
 77
     2
 78
   300
147
1.0
148
0.0
149
0.0
100
AcDbLayout
  1
Layout1
 70
     1
 71
     1
 10
0.0
 20
0.0
 11
12.0
 21
9.0
 12
0.0
 22
0.0
 32
0.0
 14
1.000000000000000E+20
 24
1.000000000000000E+20
 34
1.000000000000000E+20
 15
-1.000000000000000E+20
 25
-1.000000000000000E+20
 35
-1.000000000000000E+20
146
0.0
 13
0.0
 23
0.0
 33
0.0
 16
1.0
 26
0.0
 36
0.0
 17
0.0
 27
1.0
 37
0.0
 76
     0
330
204
  0
LAYOUT
  5
54E
102
{ACAD_REACTORS
330
1A
102
}
102
{ACAD_XDICTIONARY
360
8D12
102
}
330
1A
100
AcDbPlotSettings
  1

  2
none_device
  4
ISO_A3_(420.00_x_297.00_MM)
  6

 40
0.0
 41
0.0
 42
0.0
 43
0.0
 44
420.0
 45
297.0
 46
0.0
 47
0.0
 48
0.0
 49
0.0
140
0.0
141
0.0
142
1.0
143
1.0
 70
  1024
 72
     1
 73
     0
 74
     0
  7

 75
     0
 76
     0
 77
     2
 78
   300
147
1.0
148
0.0
149
0.0
100
AcDbLayout
  1
Model
 70
     0
 71
     0
 10
0.0
 20
0.0
 11
420.0
 21
297.0
 12
0.0
 22
0.0
 32
0.0
 14
0.0
 24
0.0
 34
0.0
 15
0.0
 25
0.0
 35
0.0
146
0.0
 13
0.0
 23
0.0
 33
0.0
 16
1.0
 26
0.0
 36
0.0
 17
0.0
 27
1.0
 37
0.0
 76
     0
330
203
331
1F4
  0
MATERIAL
  5
560
102
{ACAD_REACTORS
330
557
102
}
102
{ACAD_XDICTIONARY
360
8D14
102
}
330
557
100
AcDbMaterial
  1
ByBlock
 72
     0
 73
     2
 43
0.0008202099737533
 43
0.0
 43
0.0
 43
0.0
 43
0.0
 43
0.0008202099737533
 43
0.0
 43
0.0
 43
0.0
 43
0.0
 43
1.0
 43
0.0
 43
0.0
 43
0.0
 43
0.0
 43
1.0
 77
     0
 78
     2
 47
0.0008202099737533
 47
0.0
 47
0.0
 47
0.0
 47
0.0
 47
0.0008202099737533
 47
0.0
 47
0.0
 47
0.0
 47
0.0
 47
1.0
 47
0.0
 47
0.0
 47
0.0
 47
0.0
 47
1.0
171
     0
172
     2
 49
0.0008202099737533
 49
0.0
 49
0.0
 49
0.0
 49
0.0
 49
0.0008202099737533
 49
0.0
 49
0.0
 49
0.0
 49
0.0
 49
1.0
 49
0.0
 49
0.0
 49
0.0
 49
0.0
 49
1.0
175
     0
176
     2
142
0.0008202099737533
142
0.0
142
0.0
142
0.0
142
0.0
142
0.0008202099737533
142
0.0
142
0.0
142
0.0
142
0.0
142
1.0
142
0.0
142
0.0
142
0.0
142
0.0
142
1.0
179
     0
270
     2
144
0.0008202099737533
144
0.0
144
0.0
144
0.0
144
0.0
144
0.0008202099737533
144
0.0
144
0.0
144
0.0
144
0.0
144
1.0
144
0.0
144
0.0
144
0.0
144
0.0
144
1.0
274
     2
147
0.0008202099737533
147
0.0
147
0.0
147
0.0
147
0.0
147
0.0008202099737533
147
0.0
147
0.0
147
0.0
147
0.0
147
1.0
147
0.0
147
0.0
147
0.0
147
0.0
147
1.0
  0
MATERIAL
  5
558
102
{ACAD_REACTORS
330
557
102
}
102
{ACAD_XDICTIONARY
360
8D16
102
}
330
557
100
AcDbMaterial
  1
ByLayer
 72
     0
 73
     2
 43
0.0008202099737533
 43
0.0
 43
0.0
 43
0.0
 43
0.0
 43
0.0008202099737533
 43
0.0
 43
0.0
 43
0.0
 43
0.0
 43
1.0
 43
0.0
 43
0.0
 43
0.0
 43
0.0
 43
1.0
 77
     0
 78
     2
 47
0.0008202099737533
 47
0.0
 47
0.0
 47
0.0
 47
0.0
 47
0.0008202099737533
 47
0.0
 47
0.0
 47
0.0
 47
0.0
 47
1.0
 47
0.0
 47
0.0
 47
0.0
 47
0.0
 47
1.0
171
     0
172
     2
 49
0.0008202099737533
 49
0.0
 49
0.0
 49
0.0
 49
0.0
 49
0.0008202099737533
 49
0.0
 49
0.0
 49
0.0
 49
0.0
 49
1.0
 49
0.0
 49
0.0
 49
0.0
 49
0.0
 49
1.0
175
     0
176
     2
142
0.0008202099737533
142
0.0
142
0.0
142
0.0
142
0.0
142
0.0008202099737533
142
0.0
142
0.0
142
0.0
142
0.0
142
1.0
142
0.0
142
0.0
142
0.0
142
0.0
142
1.0
179
     0
270
     2
144
0.0008202099737533
144
0.0
144
0.0
144
0.0
144
0.0
144
0.0008202099737533
144
0.0
144
0.0
144
0.0
144
0.0
144
1.0
144
0.0
144
0.0
144
0.0
144
0.0
144
1.0
274
     2
147
0.0008202099737533
147
0.0
147
0.0
147
0.0
147
0.0
147
0.0008202099737533
147
0.0
147
0.0
147
0.0
147
0.0
147
1.0
147
0.0
147
0.0
147
0.0
147
0.0
147
1.0
  0
MATERIAL
  5
568
102
{ACAD_REACTORS
330
557
102
}
102
{ACAD_XDICTIONARY
360
8D18
102
}
330
557
100
AcDbMaterial
  1
Global
 72
     0
 73
     2
 43
0.0008202099737533
 43
0.0
 43
0.0
 43
0.0
 43
0.0
 43
0.0008202099737533
 43
0.0
 43
0.0
 43
0.0
 43
0.0
 43
1.0
 43
0.0
 43
0.0
 43
0.0
 43
0.0
 43
1.0
 77
     0
 78
     2
 47
0.0008202099737533
 47
0.0
 47
0.0
 47
0.0
 47
0.0
 47
0.0008202099737533
 47
0.0
 47
0.0
 47
0.0
 47
0.0
 47
1.0
 47
0.0
 47
0.0
 47
0.0
 47
0.0
 47
1.0
171
     0
172
     2
 49
0.0008202099737533
 49
0.0
 49
0.0
 49
0.0
 49
0.0
 49
0.0008202099737533
 49
0.0
 49
0.0
 49
0.0
 49
0.0
 49
1.0
 49
0.0
 49
0.0
 49
0.0
 49
0.0
 49
1.0
175
     0
176
     2
142
0.0008202099737533
142
0.0
142
0.0
142
0.0
142
0.0
142
0.0008202099737533
142
0.0
142
0.0
142
0.0
142
0.0
142
1.0
142
0.0
142
0.0
142
0.0
142
0.0
142
1.0
179
     0
270
     2
144
0.0008202099737533
144
0.0
144
0.0
144
0.0
144
0.0
144
0.0008202099737533
144
0.0
144
0.0
144
0.0
144
0.0
144
1.0
144
0.0
144
0.0
144
0.0
144
0.0
144
1.0
274
     2
147
0.0008202099737533
147
0.0
147
0.0
147
0.0
147
0.0
147
0.0008202099737533
147
0.0
147
0.0
147
0.0
147
0.0
147
1.0
147
0.0
147
0.0
147
0.0
147
0.0
147
1.0
  0
MLEADERSTYLE
  5
59D
102
{ACAD_REACTORS
330
59C
102
}
102
{ACAD_XDICTIONARY
360
8D1A
102
}
330
59C
100
AcDbMLeaderStyle
170
     2
171
     1
172
     0
 90
        2
 40
0.0
 41
0.0
173
     1
 91
-1056964608
340
14
 92
       -2
290
     1
 42
2.0
291
     1
 43
0.36
  3
Standard
341
0
 44
4.0
300

342
11
174
     1
178
     6
175
     1
176
     0
 93
-1056964608
 45
4.0
292
     0
297
     0
 46
4.0
343
0
 94
-1056964608
 47
1.0
 49
1.0
140
1.0
293
     1
141
0.0
294
     1
177
     0
142
1.0
295
     0
296
     0
143
0.125
1001
ACAD_MLEADERVER
1070
     2
  0
MLINESTYLE
  5
18
102
{ACAD_REACTORS
330
17
102
}
330
17
100
AcDbMlineStyle
  2
STANDARD
 70
     0
  3

 62
   256
 51
90.0
 52
90.0
 71
     2
 49
0.5
 62
   256
  6
BYLAYER
 49
-0.5
 62
   256
  6
BYLAYER
  0
ACDBPLACEHOLDER
  5
F
102
{ACAD_REACTORS
330
E
102
}
330
E
  0
SCALE
  5
58B
102
{ACAD_REACTORS
330
58A
102
}
330
58A
100
AcDbScale
 70
     0
300
1:1
140
1.0
141
1.0
290
     1
  0
SCALE
  5
58C
102
{ACAD_REACTORS
330
58A
102
}
330
58A
100
AcDbScale
 70
     0
300
1:2
140
1.0
141
2.0
290
     0
  0
SCALE
  5
58D
102
{ACAD_REACTORS
330
58A
102
}
330
58A
100
AcDbScale
 70
     0
300
1:4
140
1.0
141
4.0
290
     0
  0
SCALE
  5
58E
102
{ACAD_REACTORS
330
58A
102
}
330
58A
100
AcDbScale
 70
     0
300
1:5
140
1.0
141
5.0
290
     0
  0
SCALE
  5
58F
102
{ACAD_REACTORS
330
58A
102
}
330
58A
100
AcDbScale
 70
     0
300
1:8
140
1.0
141
8.0
290
     0
  0
SCALE
  5
590
102
{ACAD_REACTORS
330
58A
102
}
330
58A
100
AcDbScale
 70
     0
300
1:10
140
1.0
141
10.0
290
     0
  0
SCALE
  5
591
102
{ACAD_REACTORS
330
58A
102
}
330
58A
100
AcDbScale
 70
     0
300
1:16
140
1.0
141
16.0
290
     0
  0
SCALE
  5
592
102
{ACAD_REACTORS
330
58A
102
}
330
58A
100
AcDbScale
 70
     0
300
1:20
140
1.0
141
20.0
290
     0
  0
SCALE
  5
593
102
{ACAD_REACTORS
330
58A
102
}
330
58A
100
AcDbScale
 70
     0
300
1:30
140
1.0
141
30.0
290
     0
  0
SCALE
  5
594
102
{ACAD_REACTORS
330
58A
102
}
330
58A
100
AcDbScale
 70
     0
300
1:40
140
1.0
141
40.0
290
     0
  0
SCALE
  5
595
102
{ACAD_REACTORS
330
58A
102
}
330
58A
100
AcDbScale
 70
     0
300
1:50
140
1.0
141
50.0
290
     0
  0
SCALE
  5
596
102
{ACAD_REACTORS
330
58A
102
}
330
58A
100
AcDbScale
 70
     0
300
1:100
140
1.0
141
100.0
290
     0
  0
SCALE
  5
597
102
{ACAD_REACTORS
330
58A
102
}
330
58A
100
AcDbScale
 70
     0
300
2:1
140
2.0
141
1.0
290
     0
  0
SCALE
  5
598
102
{ACAD_REACTORS
330
58A
102
}
330
58A
100
AcDbScale
 70
     0
300
4:1
140
4.0
141
1.0
290
     0
  0
SCALE
  5
599
102
{ACAD_REACTORS
330
58A
102
}
330
58A
100
AcDbScale
 70
     0
300
8:1
140
8.0
141
1.0
290
     0
  0
SCALE
  5
59A
102
{ACAD_REACTORS
330
58A
102
}
330
58A
100
AcDbScale
 70
     0
300
10:1
140
10.0
141
1.0
290
     0
  0
SCALE
  5
59B
102
{ACAD_REACTORS
330
58A
102
}
330
58A
100
AcDbScale
 70
     0
300
100:1
140
100.0
141
1.0
290
     0
  0
ACDBSECTIONVIEWSTYLE
  5
7C95
102
{ACAD_REACTORS
330
59E
102
}
102
{ACAD_XDICTIONARY
360
8D09
102
}
330
59E
100
AcDbModelDocViewStyle
 70
     0
  3
Imperial24
290
     0
100
AcDbSectionViewStyle
 70
     0
 71
     0
 90
       78
 71
     1
340
11
 62
   256
 40
0.24
340
0
340
0
 62
   256
 40
0.24
300
I, O, Q, S, X, Z
 40
0.48
 90
        3
 40
0.18
 90
        1
 71
     2
340
16
 90
       25
 62
   256
340
16
 90
       50
 62
   256
 40
0.24
 40
0.0
 40
0.24
 71
     3
340
11
 62
   256
 40
0.24
 90
        1
 40
0.75
 90
        1
300
%<\AcVar ViewType \f "%tc1">% %<\AcVar ViewSectionStartId>%-%<\AcVar ViewSectionEndId>%\PSCALE %<\AcVar ViewScale \f "%sn">%
 71
     4
 62
   256
 62
   257
300
ANSI31
 40
1.0
 90
        0
290
     0
290
     0
 90
        6
 40
0.0
 40
1.570796326794897
 40
0.2617993877991494
 40
1.308996938995747
 40
-0.2617993877991494
 40
1.832595714594046
  0
ACDBSECTIONVIEWSTYLE
  5
59F
102
{ACAD_REACTORS
330
59E
102
}
102
{ACAD_XDICTIONARY
360
8D01
102
}
330
59E
100
AcDbModelDocViewStyle
 70
     0
  3
Metric50
290
     0
100
AcDbSectionViewStyle
 70
     0
 71
     0
 90
      102
 71
     1
340
11
 62
   256
 40
5.0
340
0
340
0
 62
   256
 40
5.0
300
I, O, Q, S, X, Z
 40
10.0
 90
        0
 40
2.5
 90
        0
 71
     2
340
16
 90
       25
 62
   256
340
16
 90
       50
 62
   256
 40
5.0
 40
2.5
 40
5.0
 71
     3
340
11
 62
   256
 40
5.0
 90
        0
 40
15.0
 90
        1
300
%<\AcVar ViewSectionStartId>%-%<\AcVar ViewSectionEndId>% (%<\AcVar ViewScale \f "%sn">%)
 71
     4
 62
   256
 62
   257
300
ANSI31
 40
1.0
 90
        0
290
     0
290
     0
 90
        6
 40
0.0
 40
1.570796326794897
 40
0.2617993877991494
 40
1.308996938995747
 40
-0.2617993877991494
 40
1.832595714594046
  0
TABLESTYLE
  5
553
102
{ACAD_REACTORS
330
54D
102
}
102
{ACAD_XDICTIONARY
360
8D1E
102
}
330
54D
100
AcDbTableStyle
  3
Standard
 70
     0
 71
     0
 40
0.06
 41
0.06
280
     1
281
     1
  7
STANDARD
140
0.18
170
     1
 62
     0
 63
   257
283
     0
274
    -2
284
     1
 64
     0
275
    -2
285
     1
 65
     0
276
    -2
286
     1
 66
     0
277
    -2
287
     1
 67
     0
278
    -2
288
     1
 68
     0
279
    -2
289
     1
 69
     0
  7
STANDARD
140
0.18
170
     1
 62
     0
 63
   257
283
     0
274
    -2
284
     1
 64
     0
275
    -2
285
     1
 65
     0
276
    -2
286
     1
 66
     0
277
    -2
287
     1
 67
     0
278
    -2
288
     1
 68
     0
279
    -2
289
     1
 69
     0
  7
STANDARD
140
0.18
170
     1
 62
     0
 63
   257
283
     0
274
    -2
284
     1
 64
     0
275
    -2
285
     1
 65
     0
276
    -2
286
     1
 66
     0
277
    -2
287
     1
 67
     0
278
    -2
288
     1
 68
     0
279
    -2
289
     1
 69
     0
  0
TABLESTYLE
  5
554
102
{ACAD_REACTORS
330
54D
102
}
102
{ACAD_XDICTIONARY
360
8D21
102
}
330
54D
100
AcDbTableStyle
  3
Standard1
 70
     1
 71
     0
 40
0.06
 41
0.06
280
     1
281
     1
  7
STANDARD
140
0.18
170
     1
 62
     0
 63
   257
283
     0
274
    -2
284
     1
 64
     0
275
    -2
285
     1
 65
     0
276
    -2
286
     1
 66
     0
277
    -2
287
     1
 67
     0
278
    -2
288
     1
 68
     0
279
    -2
289
     1
 69
     0
  7
STANDARD
140
0.18
170
     1
 62
     0
 63
   257
283
     0
274
    -2
284
     1
 64
     0
275
    -2
285
     1
 65
     0
276
    -2
286
     1
 66
     0
277
    -2
287
     1
 67
     0
278
    -2
288
     1
 68
     0
279
    -2
289
     1
 69
     0
  7
STANDARD
140
0.18
170
     1
 62
     0
 63
   257
283
     0
274
    -2
284
     1
 64
     0
275
    -2
285
     1
 65
     0
276
    -2
286
     1
 66
     0
277
    -2
287
     1
 67
     0
278
    -2
288
     1
 68
     0
279
    -2
289
     1
 69
     0
  0
VISUALSTYLE
  5
576
102
{ACAD_REACTORS
330
570
102
}
102
{ACAD_XDICTIONARY
360
8D24
102
}
330
570
100
AcDbVisualStyle
  2
2dWireframe
 70
     4
 71
     0
 72
     2
 73
     0
 90
        0
 40
-0.6
 41
-30.0
 62
     5
 63
     7
421
 16777215
 74
     1
 91
        4
 64
     7
 65
   257
 75
     1
175
     1
 42
1.0
 92
        0
 66
   257
 43
1.0
 76
     1
 77
     6
 78
     2
 67
     7
 79
     5
170
     0
171
     0
290
     0
174
     0
 93
        1
 44
0.0
173
     0
291
     0
 45
0.0
1001
ACAD
1000
AcDbSavedByObjectVersion
1070
     0
  0
VISUALSTYLE
  5
667
102
{ACAD_REACTORS
330
570
102
}
102
{ACAD_XDICTIONARY
360
8D26
102
}
330
570
100
AcDbVisualStyle
  2
3D Hidden
 70
     6
 71
     1
 72
     2
 73
     2
 90
        0
 40
-0.6
 41
-30.0
 62
     5
 63
     7
421
 16777215
 74
     2
 91
        2
 64
     7
 65
   257
 75
     2
175
     1
 42
40.0
 92
        0
 66
   257
 43
1.0
 76
     1
 77
     6
 78
     2
 67
     7
 79
     3
170
     0
171
     0
290
     0
174
     0
 93
        1
 44
0.0
173
     0
291
     0
 45
0.0
1001
ACAD
1000
AcDbSavedByObjectVersion
1070
     0
  0
VISUALSTYLE
  5
666
102
{ACAD_REACTORS
330
570
102
}
102
{ACAD_XDICTIONARY
360
8D28
102
}
330
570
100
AcDbVisualStyle
  2
3dWireframe
 70
     5
 71
     0
 72
     2
 73
     0
 90
        0
 40
-0.6
 41
-30.0
 62
     5
 63
     7
421
 16777215
 74
     1
 91
        4
 64
     7
 65
   257
 75
     1
175
     1
 42
1.0
 92
        0
 66
   257
 43
1.0
 76
     1
 77
     6
 78
     2
 67
     7
 79
     5
170
     0
171
     0
290
     0
174
     0
 93
        1
 44
0.0
173
     0
291
     0
 45
0.0
1001
ACAD
1000
AcDbSavedByObjectVersion
1070
     0
  0
VISUALSTYLE
  5
575
102
{ACAD_REACTORS
330
570
102
}
102
{ACAD_XDICTIONARY
360
8D2A
102
}
330
570
100
AcDbVisualStyle
  2
Basic
 70
     7
 71
     1
 72
     0
 73
     1
 90
        0
 40
-0.6
 41
-30.0
 62
     5
 63
     7
421
 16777215
 74
     0
 91
        4
 64
     7
 65
   257
 75
     1
175
     1
 42
1.0
 92
        8
 66
     7
 43
1.0
 76
     1
 77
     6
 78
     2
 67
     7
 79
     5
170
     0
171
     0
290
     0
174
     0
 93
        1
 44
0.0
173
     0
291
     1
 45
0.0
1001
ACAD
1000
AcDbSavedByObjectVersion
1070
     0
  0
VISUALSTYLE
  5
57C
102
{ACAD_REACTORS
330
570
102
}
102
{ACAD_XDICTIONARY
360
8D2C
102
}
330
570
100
AcDbVisualStyle
  2
Brighten
 70
    12
 71
     2
 72
     2
 73
     0
 90
        0
 40
-0.6
 41
-30.0
 62
     5
 63
     7
421
 16777215
 74
     1
 91
        4
 64
     7
 65
   257
 75
     1
175
     1
 42
1.0
 92
        8
 66
     7
 43
1.0
 76
     1
 77
     6
 78
     2
 67
     7
 79
     5
170
     0
171
     0
290
     0
174
     0
 93
        1
 44
50.0
173
     0
291
     1
 45
0.0
1001
ACAD
1000
AcDbSavedByObjectVersion
1070
     0
  0
VISUALSTYLE
  5
580
102
{ACAD_REACTORS
330
570
102
}
102
{ACAD_XDICTIONARY
360
8D2E
102
}
330
570
100
AcDbVisualStyle
  2
ColorChange
 70
    16
 71
     2
 72
     2
 73
     3
 90
        0
 40
-0.6
 41
-30.0
 62
     5
 63
     8
421
  8421504
 74
     1
 91
        4
 64
     7
 65
   257
 75
     1
175
     1
 42
1.0
 92
        8
 66
     8
424
  8421504
 43
1.0
 76
     1
 77
     6
 78
     2
 67
     7
 79
     5
170
     0
171
     0
290
     0
174
     0
 93
        1
 44
0.0
173
     0
291
     1
 45
0.0
1001
ACAD
1000
AcDbSavedByObjectVersion
1070
     0
  0
VISUALSTYLE
  5
579
102
{ACAD_REACTORS
330
570
102
}
102
{ACAD_XDICTIONARY
360
8D30
102
}
330
570
100
AcDbVisualStyle
  2
Conceptual
 70
     9
 71
     3
 72
     2
 73
     0
 90
        0
 40
-0.6
 41
-30.0
 62
     5
 63
     7
421
 16777215
 74
     2
 91
        2
 64
     7
 65
   257
 75
     1
175
     1
 42
179.0
 92
        8
 66
     7
 43
1.0
 76
     1
 77
     6
 78
     2
 67
     7
 79
     3
170
     0
171
     0
290
     0
174
     0
 93
        1
 44
0.0
173
     0
291
     0
 45
0.0
1001
ACAD
1000
AcDbSavedByObjectVersion
1070
     0
  0
VISUALSTYLE
  5
57B
102
{ACAD_REACTORS
330
570
102
}
102
{ACAD_XDICTIONARY
360
8D32
102
}
330
570
100
AcDbVisualStyle
  2
Dim
 70
    11
 71
     2
 72
     2
 73
     0
 90
        0
 40
-0.6
 41
-30.0
 62
     5
 63
     7
421
 16777215
 74
     1
 91
        4
 64
     7
 65
   257
 75
     1
175
     1
 42
1.0
 92
        8
 66
     7
 43
1.0
 76
     1
 77
     6
 78
     2
 67
     7
 79
     5
170
     0
171
     0
290
     0
174
     0
 93
        1
 44
-50.0
173
     0
291
     1
 45
0.0
1001
ACAD
1000
AcDbSavedByObjectVersion
1070
     0
  0
VISUALSTYLE
  5
588
102
{ACAD_REACTORS
330
570
102
}
102
{ACAD_XDICTIONARY
360
8D34
102
}
330
570
100
AcDbVisualStyle
  2
EdgeColorOff
 70
    22
 71
     2
 72
     2
 73
     0
 90
        0
 40
-0.6
 41
-30.0
 62
     5
 63
     7
421
 16777215
 74
     1
 91
        4
 64
     7
 65
   257
 75
     1
175
     1
 42
1.0
 92
        8
 66
     7
 43
1.0
 76
     1
 77
     6
 78
     2
 67
     7
 79
     5
170
     0
171
     0
290
     0
174
     0
 93
        1
 44
0.0
173
     0
291
     1
 45
0.0
1001
ACAD
1000
AcDbSavedByObjectVersion
1070
     0
  0
VISUALSTYLE
  5
57F
102
{ACAD_REACTORS
330
570
102
}
102
{ACAD_XDICTIONARY
360
8D36
102
}
330
570
100
AcDbVisualStyle
  2
Facepattern
 70
    15
 71
     2
 72
     2
 73
     0
 90
        0
 40
-0.6
 41
-30.0
 62
     5
 63
     7
421
 16777215
 74
     1
 91
        4
 64
     7
 65
   257
 75
     1
175
     1
 42
1.0
 92
        8
 66
     7
 43
1.0
 76
     1
 77
     6
 78
     2
 67
     7
 79
     5
170
     0
171
     0
290
     0
174
     0
 93
        1
 44
0.0
173
     0
291
     1
 45
0.0
1001
ACAD
1000
AcDbSavedByObjectVersion
1070
     0
  0
VISUALSTYLE
  5
571
102
{ACAD_REACTORS
330
570
102
}
102
{ACAD_XDICTIONARY
360
8D38
102
}
330
570
100
AcDbVisualStyle
  2
Flat
 70
     0
 71
     2
 72
     1
 73
     1
 90
        2
 40
-0.6
 41
30.0
 62
     5
 63
     7
421
 16777215
 74
     0
 91
        0
 64
     7
 65
   257
 75
     1
175
     1
 42
1.0
 92
        8
 66
     7
 43
1.0
 76
     1
 77
     6
 78
     2
 67
     7
 79
     5
170
     0
171
     0
290
     0
174
     0
 93
       13
 44
0.0
173
     0
291
     1
 45
0.0
1001
ACAD
1000
AcDbSavedByObjectVersion
1070
     0
  0
VISUALSTYLE
  5
572
102
{ACAD_REACTORS
330
570
102
}
102
{ACAD_XDICTIONARY
360
8D3A
102
}
330
570
100
AcDbVisualStyle
  2
FlatWithEdges
 70
     1
 71
     2
 72
     1
 73
     1
 90
        2
 40
-0.6
 41
30.0
 62
     5
 63
     7
421
 16777215
 74
     1
 91
        0
 64
     7
 65
   257
 75
     1
175
     1
 42
1.0
 92
        0
 66
   257
 43
1.0
 76
     1
 77
     6
 78
     2
 67
     7
 79
     5
170
     0
171
     0
290
     0
174
     0
 93
       13
 44
0.0
173
     0
291
     1
 45
0.0
1001
ACAD
1000
AcDbSavedByObjectVersion
1070
     0
  0
VISUALSTYLE
  5
573
102
{ACAD_REACTORS
330
570
102
}
102
{ACAD_XDICTIONARY
360
8D3C
102
}
330
570
100
AcDbVisualStyle
  2
Gouraud
 70
     2
 71
     2
 72
     2
 73
     1
 90
        2
 40
-0.6
 41
30.0
 62
     5
 63
     7
421
 16777215
 74
     0
 91
        0
 64
     7
 65
   257
 75
     1
175
     1
 42
1.0
 92
        0
 66
     7
 43
1.0
 76
     1
 77
     6
 78
     2
 67
     7
 79
     5
170
     0
171
     0
290
     0
174
     0
 93
       13
 44
0.0
173
     0
291
     1
 45
0.0
1001
ACAD
1000
AcDbSavedByObjectVersion
1070
     0
  0
VISUALSTYLE
  5
574
102
{ACAD_REACTORS
330
570
102
}
102
{ACAD_XDICTIONARY
360
8D3E
102
}
330
570
100
AcDbVisualStyle
  2
GouraudWithEdges
 70
     3
 71
     2
 72
     2
 73
     1
 90
        2
 40
-0.6
 41
30.0
 62
     5
 63
     7
421
 16777215
 74
     1
 91
        0
 64
     7
 65
   257
 75
     1
175
     1
 42
1.0
 92
        0
 66
   257
 43
1.0
 76
     1
 77
     6
 78
     2
 67
     7
 79
     5
170
     0
171
     0
290
     0
174
     0
 93
       13
 44
0.0
173
     0
291
     1
 45
0.0
1001
ACAD
1000
AcDbSavedByObjectVersion
1070
     0
  0
VISUALSTYLE
  5
578
102
{ACAD_REACTORS
330
570
102
}
102
{ACAD_XDICTIONARY
360
8D40
102
}
330
570
100
AcDbVisualStyle
  2
Hidden
 70
     6
 71
     1
 72
     2
 73
     2
 90
        0
 40
-0.6
 41
-30.0
 62
     5
 63
     7
421
 16777215
 74
     2
 91
        2
 64
     7
 65
   257
 75
     2
175
     1
 42
40.0
 92
        0
 66
   257
 43
1.0
 76
     1
 77
     6
 78
     2
 67
     7
 79
     3
170
     0
171
     0
290
     0
174
     0
 93
        1
 44
0.0
173
     0
291
     0
 45
0.0
1001
ACAD
1000
AcDbSavedByObjectVersion
1070
     0
  0
VISUALSTYLE
  5
586
102
{ACAD_REACTORS
330
570
102
}
102
{ACAD_XDICTIONARY
360
8D42
102
}
330
570
100
AcDbVisualStyle
  2
JitterOff
 70
    20
 71
     2
 72
     2
 73
     0
 90
        0
 40
-0.6
 41
-30.0
 62
     5
 63
     7
421
 16777215
 74
     1
 91
        4
 64
     7
 65
   257
 75
     1
175
     1
 42
1.0
 92
       10
 66
     7
 43
1.0
 76
     1
 77
     6
 78
     2
 67
     7
 79
     5
170
     0
171
     0
290
     0
174
     0
 93
        1
 44
0.0
173
     0
291
     1
 45
0.0
1001
ACAD
1000
AcDbSavedByObjectVersion
1070
     0
  0
VISUALSTYLE
  5
57E
102
{ACAD_REACTORS
330
570
102
}
102
{ACAD_XDICTIONARY
360
8D44
102
}
330
570
100
AcDbVisualStyle
  2
Linepattern
 70
    14
 71
     2
 72
     2
 73
     0
 90
        0
 40
-0.6
 41
-30.0
 62
     5
 63
     7
421
 16777215
 74
     1
 91
        4
 64
     7
 65
   257
 75
     7
175
     7
 42
1.0
 92
        8
 66
     7
 43
1.0
 76
     1
 77
     6
 78
     2
 67
     7
 79
     5
170
     0
171
     0
290
     0
174
     0
 93
        1
 44
0.0
173
     0
291
     1
 45
0.0
1001
ACAD
1000
AcDbSavedByObjectVersion
1070
     0
  0
VISUALSTYLE
  5
587
102
{ACAD_REACTORS
330
570
102
}
102
{ACAD_XDICTIONARY
360
8D46
102
}
330
570
100
AcDbVisualStyle
  2
OverhangOff
 70
    21
 71
     2
 72
     2
 73
     0
 90
        0
 40
-0.6
 41
-30.0
 62
     5
 63
     7
421
 16777215
 74
     1
 91
        4
 64
     7
 65
   257
 75
     1
175
     1
 42
1.0
 92
        9
 66
     7
 43
1.0
 76
     1
 77
     6
 78
     2
 67
     7
 79
     5
170
     0
171
     0
290
     0
174
     0
 93
        1
 44
0.0
173
     0
291
     1
 45
0.0
1001
ACAD
1000
AcDbSavedByObjectVersion
1070
     0
  0
VISUALSTYLE
  5
57A
102
{ACAD_REACTORS
330
570
102
}
102
{ACAD_XDICTIONARY
360
8D48
102
}
330
570
100
AcDbVisualStyle
  2
Realistic
 70
     8
 71
     2
 72
     2
 73
     0
 90
        2
 40
-0.6
 41
30.0
 62
     5
 63
     7
421
 16777215
 74
     0
 91
        0
 64
     7
 65
   257
 75
     1
175
     1
 42
1.0
 92
        8
 66
   257
 43
1.0
 76
     1
 77
     6
 78
     2
 67
     7
 79
     3
170
     0
171
     0
290
     0
174
     0
 93
       13
 44
0.0
173
     0
291
     0
 45
0.0
1001
ACAD
1000
AcDbSavedByObjectVersion
1070
     0
  0
VISUALSTYLE
  5
585
102
{ACAD_REACTORS
330
570
102
}
102
{ACAD_XDICTIONARY
360
8D4A
102
}
330
570
100
AcDbVisualStyle
  2
Shaded
 70
    27
 71
     2
 72
     2
 73
     1
 90
        2
 40
-0.6
 41
30.0
 62
     5
 63
     7
421
 16777215
 74
     0
 91
        4
 64
     7
 65
   257
 75
     1
175
     1
 42
1.0
 92
        8
 66
   257
 43
1.0
 76
     1
 77
     6
 78
     2
 67
     8
425
  7895160
 79
     3
170
     0
171
     0
290
     0
174
     0
 93
        5
 44
0.0
173
     0
291
     0
 45
0.0
1001
ACAD
1000
AcDbSavedByObjectVersion
1070
     0
  0
VISUALSTYLE
  5
584
102
{ACAD_REACTORS
330
570
102
}
102
{ACAD_XDICTIONARY
360
8D4C
102
}
330
570
100
AcDbVisualStyle
  2
Shaded with edges
 70
    26
 71
     2
 72
     2
 73
     1
 90
        2
 40
-0.6
 41
30.0
 62
     5
 63
     7
421
 16777215
 74
     1
 91
        2
 64
     7
 65
   257
 75
     2
175
     1
 42
1.0
 92
        8
 66
   257
 43
1.0
 76
     1
 77
     6
 78
     2
 67
     7
 79
     3
170
     0
171
     0
290
     0
174
     0
 93
        5
 44
0.0
173
     0
291
     0
 45
0.0
1001
ACAD
1000
AcDbSavedByObjectVersion
1070
     0
  0
VISUALSTYLE
  5
581
102
{ACAD_REACTORS
330
570
102
}
102
{ACAD_XDICTIONARY
360
8D4E
102
}
330
570
100
AcDbVisualStyle
  2
Shades of Gray
 70
    23
 71
     2
 72
     2
 73
     3
 90
        0
 40
-0.6
 41
-30.0
 62
     5
 63
     7
421
 16777215
 74
     2
 91
        2
 64
     7
 65
     7
 75
     1
175
     1
 42
40.0
 92
        8
 66
     7
 43
1.0
 76
     1
 77
     6
 78
     2
 67
     7
 79
     3
170
     0
171
     0
290
     0
174
     0
 93
        1
 44
0.0
173
     0
291
     0
 45
0.0
1001
ACAD
1000
AcDbSavedByObjectVersion
1070
     0
  0
VISUALSTYLE
  5
582
102
{ACAD_REACTORS
330
570
102
}
102
{ACAD_XDICTIONARY
360
8D50
102
}
330
570
100
AcDbVisualStyle
  2
Sketchy
 70
    24
 71
     1
 72
     2
 73
     2
 90
        0
 40
-0.6
 41
-30.0
 62
     5
 63
     7
421
 16777215
 74
     2
 91
        2
 64
     7
 65
     7
 75
     1
175
     1
 42
40.0
 92
       11
 66
     7
 43
1.0
 76
     1
 77
     6
 78
     2
 67
     7
 79
     6
170
     0
171
     0
290
     0
174
     0
 93
        1
 44
0.0
173
     0
291
     0
 45
0.0
1001
ACAD
1000
AcDbSavedByObjectVersion
1070
     0
  0
VISUALSTYLE
  5
57D
102
{ACAD_REACTORS
330
570
102
}
102
{ACAD_XDICTIONARY
360
8D52
102
}
330
570
100
AcDbVisualStyle
  2
Thicken
 70
    13
 71
     2
 72
     2
 73
     0
 90
        0
 40
-0.6
 41
-30.0
 62
     5
 63
     7
421
 16777215
 74
     1
 91
        4
 64
     7
 65
   257
 75
     1
175
     1
 42
1.0
 92
       12
 66
     7
 43
1.0
 76
     1
 77
     6
 78
     2
 67
     7
 79
     5
170
     0
171
     0
290
     0
174
     0
 93
        1
 44
0.0
173
     0
291
     1
 45
0.0
1001
ACAD
1000
AcDbSavedByObjectVersion
1070
     0
  0
VISUALSTYLE
  5
577
102
{ACAD_REACTORS
330
570
102
}
102
{ACAD_XDICTIONARY
360
8D54
102
}
330
570
100
AcDbVisualStyle
  2
Wireframe
 70
     5
 71
     0
 72
     2
 73
     0
 90
        0
 40
-0.6
 41
-30.0
 62
     5
 63
     7
421
 16777215
 74
     1
 91
        4
 64
     7
 65
   257
 75
     1
175
     1
 42
1.0
 92
        0
 66
   257
 43
1.0
 76
     1
 77
     6
 78
     2
 67
     7
 79
     3
170
     0
171
     0
290
     0
174
     0
 93
        1
 44
0.0
173
     0
291
     0
 45
0.0
1001
ACAD
1000
AcDbSavedByObjectVersion
1070
     0
  0
VISUALSTYLE
  5
583
102
{ACAD_REACTORS
330
570
102
}
102
{ACAD_XDICTIONARY
360
8D56
102
}
330
570
100
AcDbVisualStyle
  2
X-Ray
 70
    25
 71
     2
 72
     2
 73
     1
 90
        1
 40
0.5
 41
-30.0
 62
     5
 63
     7
421
 16777215
 74
     1
 91
        0
 64
     7
 65
   257
 75
     1
175
     1
 42
1.0
 92
        8
 66
     7
 43
1.0
 76
     1
 77
     6
 78
     2
 67
     7
 79
     3
170
     0
171
     0
290
     0
174
     0
 93
       13
 44
0.0
173
     0
291
     0
 45
0.0
1001
ACAD
1000
AcDbSavedByObjectVersion
1070
     0
  0
DICTIONARYVAR
  5
663
102
{ACAD_REACTORS
330
65E
102
}
330
65E
100
DictionaryVariables
280
     0
  1
1:1
  0
DICTIONARYVAR
  5
660
102
{ACAD_REACTORS
330
65E
102
}
330
65E
100
DictionaryVariables
280
     0
  1
Standard
  0
DICTIONARYVAR
  5
65F
102
{ACAD_REACTORS
330
65E
102
}
330
65E
100
DictionaryVariables
280
     0
  1
Standard
  0
DICTIONARYVAR
  5
661
102
{ACAD_REACTORS
330
65E
102
}
330
65E
100
DictionaryVariables
280
     0
  1
Metric50
  0
DICTIONARYVAR
  5
662
102
{ACAD_REACTORS
330
65E
102
}
330
65E
100
DictionaryVariables
280
     0
  1
Metric50
  0
DICTIONARYVAR
  5
761D
102
{ACAD_REACTORS
330
65E
102
}
330
65E
100
DictionaryVariables
280
     0
  1
1
  0
DICTIONARYVAR
  5
761E
102
{ACAD_REACTORS
330
65E
102
}
330
65E
100
DictionaryVariables
280
     0
  1
15
  0
DICTIONARYVAR
  5
761C
102
{ACAD_REACTORS
330
65E
102
}
330
65E
100
DictionaryVariables
280
     0
  1
0
  0
DICTIONARYVAR
  5
761B
102
{ACAD_REACTORS
330
65E
102
}
330
65E
100
DictionaryVariables
280
     0
  1
0
  0
DICTIONARYVAR
  5
8638
102
{ACAD_REACTORS
330
65E
102
}
330
65E
100
DictionaryVariables
280
     0
  1
1
  0
DICTIONARYVAR
  5
8D0D
102
{ACAD_REACTORS
330
65E
102
}
330
65E
100
DictionaryVariables
280
     0
  1
2
  0
DICTIONARY
  5
8D5A
102
{ACAD_REACTORS
330
8D59
102
}
330
8D59
100
AcDbDictionary
281
     1
  0
DICTIONARY
  5
8D5B
102
{ACAD_REACTORS
330
8D59
102
}
330
8D59
100
AcDbDictionary
281
     1
  3
8796085671824
350
8D5C
  3
8796085671840
350
8D5D
  3
8796085671856
350
8D5E
  3
8796085671872
350
8D5F
  3
8796085671888
350
8D60
  3
8796085671904
350
8D61
  0
DICTIONARY
  5
8D0B
330
7C96
100
AcDbDictionary
280
     1
281
     1
  3
ACAD_XREC_ROUNDTRIP
360
8D10
  0
DICTIONARY
  5
8D03
330
5A1
100
AcDbDictionary
280
     1
281
     1
  3
ACAD_XREC_ROUNDTRIP
360
8D11
  0
DICTIONARY
  5
8D12
330
54E
100
AcDbDictionary
280
     1
281
     1
  3
ADSK_XREC_LAYOUTTHUMBNAIL
360
8D13
  0
DICTIONARY
  5
8D14
330
560
100
AcDbDictionary
280
     1
281
     1
  3
ACAD_XREC_ROUNDTRIP
360
8D15
  0
DICTIONARY
  5
8D16
330
558
100
AcDbDictionary
280
     1
281
     1
  3
ACAD_XREC_ROUNDTRIP
360
8D17
  0
DICTIONARY
  5
8D18
330
568
100
AcDbDictionary
280
     1
281
     1
  3
ACAD_XREC_ROUNDTRIP
360
8D19
  0
DICTIONARY
  5
8D1A
330
59D
100
AcDbDictionary
280
     1
281
     1
  3
ACAD_XREC_ROUNDTRIP
360
8D1B
  0
DICTIONARY
  5
8D09
330
7C95
100
AcDbDictionary
280
     1
281
     1
  3
ACAD_XREC_ROUNDTRIP
360
8D1C
  0
DICTIONARY
  5
8D01
330
59F
100
AcDbDictionary
280
     1
281
     1
  3
ACAD_XREC_ROUNDTRIP
360
8D1D
  0
DICTIONARY
  5
8D1E
330
553
100
AcDbDictionary
280
     1
281
     1
  3
ACAD_ROUNDTRIP_2008_TABLESTYLE_CELLSTYLEMAP
360
8D20
  3
ACAD_XREC_ROUNDTRIP
360
8D1F
  0
DICTIONARY
  5
8D21
330
554
100
AcDbDictionary
280
     1
281
     1
  3
ACAD_ROUNDTRIP_2008_TABLESTYLE_CELLSTYLEMAP
360
8D23
  3
ACAD_XREC_ROUNDTRIP
360
8D22
  0
DICTIONARY
  5
8D24
330
576
100
AcDbDictionary
280
     1
281
     1
  3
ACAD_XREC_ROUNDTRIP
360
8D25
  0
DICTIONARY
  5
8D26
330
667
100
AcDbDictionary
280
     1
281
     1
  3
ACAD_XREC_ROUNDTRIP
360
8D27
  0
DICTIONARY
  5
8D28
330
666
100
AcDbDictionary
280
     1
281
     1
  3
ACAD_XREC_ROUNDTRIP
360
8D29
  0
DICTIONARY
  5
8D2A
330
575
100
AcDbDictionary
280
     1
281
     1
  3
ACAD_XREC_ROUNDTRIP
360
8D2B
  0
DICTIONARY
  5
8D2C
330
57C
100
AcDbDictionary
280
     1
281
     1
  3
ACAD_XREC_ROUNDTRIP
360
8D2D
  0
DICTIONARY
  5
8D2E
330
580
100
AcDbDictionary
280
     1
281
     1
  3
ACAD_XREC_ROUNDTRIP
360
8D2F
  0
DICTIONARY
  5
8D30
330
579
100
AcDbDictionary
280
     1
281
     1
  3
ACAD_XREC_ROUNDTRIP
360
8D31
  0
DICTIONARY
  5
8D32
330
57B
100
AcDbDictionary
280
     1
281
     1
  3
ACAD_XREC_ROUNDTRIP
360
8D33
  0
DICTIONARY
  5
8D34
330
588
100
AcDbDictionary
280
     1
281
     1
  3
ACAD_XREC_ROUNDTRIP
360
8D35
  0
DICTIONARY
  5
8D36
330
57F
100
AcDbDictionary
280
     1
281
     1
  3
ACAD_XREC_ROUNDTRIP
360
8D37
  0
DICTIONARY
  5
8D38
330
571
100
AcDbDictionary
280
     1
281
     1
  3
ACAD_XREC_ROUNDTRIP
360
8D39
  0
DICTIONARY
  5
8D3A
330
572
100
AcDbDictionary
280
     1
281
     1
  3
ACAD_XREC_ROUNDTRIP
360
8D3B
  0
DICTIONARY
  5
8D3C
330
573
100
AcDbDictionary
280
     1
281
     1
  3
ACAD_XREC_ROUNDTRIP
360
8D3D
  0
DICTIONARY
  5
8D3E
330
574
100
AcDbDictionary
280
     1
281
     1
  3
ACAD_XREC_ROUNDTRIP
360
8D3F
  0
DICTIONARY
  5
8D40
330
578
100
AcDbDictionary
280
     1
281
     1
  3
ACAD_XREC_ROUNDTRIP
360
8D41
  0
DICTIONARY
  5
8D42
330
586
100
AcDbDictionary
280
     1
281
     1
  3
ACAD_XREC_ROUNDTRIP
360
8D43
  0
DICTIONARY
  5
8D44
330
57E
100
AcDbDictionary
280
     1
281
     1
  3
ACAD_XREC_ROUNDTRIP
360
8D45
  0
DICTIONARY
  5
8D46
330
587
100
AcDbDictionary
280
     1
281
     1
  3
ACAD_XREC_ROUNDTRIP
360
8D47
  0
DICTIONARY
  5
8D48
330
57A
100
AcDbDictionary
280
     1
281
     1
  3
ACAD_XREC_ROUNDTRIP
360
8D49
  0
DICTIONARY
  5
8D4A
330
585
100
AcDbDictionary
280
     1
281
     1
  3
ACAD_XREC_ROUNDTRIP
360
8D4B
  0
DICTIONARY
  5
8D4C
330
584
100
AcDbDictionary
280
     1
281
     1
  3
ACAD_XREC_ROUNDTRIP
360
8D4D
  0
DICTIONARY
  5
8D4E
330
581
100
AcDbDictionary
280
     1
281
     1
  3
ACAD_XREC_ROUNDTRIP
360
8D4F
  0
DICTIONARY
  5
8D50
330
582
100
AcDbDictionary
280
     1
281
     1
  3
ACAD_XREC_ROUNDTRIP
360
8D51
  0
DICTIONARY
  5
8D52
330
57D
100
AcDbDictionary
280
     1
281
     1
  3
ACAD_XREC_ROUNDTRIP
360
8D53
  0
DICTIONARY
  5
8D54
330
577
100
AcDbDictionary
280
     1
281
     1
  3
ACAD_XREC_ROUNDTRIP
360
8D55
  0
DICTIONARY
  5
8D56
330
583
100
AcDbDictionary
280
     1
281
     1
  3
ACAD_XREC_ROUNDTRIP
360
8D57
  0
XRECORD
  5
8D5C
102
{ACAD_REACTORS
330
8D5B
102
}
330
8D5B
100
AcDbXrecord
280
     1
  1
AcDb_Thumbnail_Schema
102
{ATTRRECORD
341
8D5E
  2
AcDbDs::TreatedAsObjectData
280
     1
291
     1
102
ATTRRECORD}
102
{ATTRRECORD
341
8D5F
  2
AcDbDs::Legacy
280
     1
291
     1
102
ATTRRECORD}
  2
AcDbDs::ID
280
    10
 91
        8
102
{ATTRRECORD
341
8D60
  2
AcDs:Indexable
280
     1
291
     1
102
ATTRRECORD}
102
{ATTRRECORD
341
8D61
  2
AcDbDs::HandleAttribute
280
     7
282
     1
102
ATTRRECORD}
  2
Thumbnail_Data
280
    15
 91
        0
  0
XRECORD
  5
8D5D
102
{ACAD_REACTORS
330
8D5B
102
}
330
8D5B
100
AcDbXrecord
280
     1
  1
AcDb3DSolid_ASM_Data
102
{ATTRRECORD
341
8D5E
  2
AcDbDs::TreatedAsObjectData
280
     1
291
     1
102
ATTRRECORD}
102
{ATTRRECORD
341
8D5F
  2
AcDbDs::Legacy
280
     1
291
     1
102
ATTRRECORD}
  2
AcDbDs::ID
280
    10
 91
        8
102
{ATTRRECORD
341
8D60
  2
AcDs:Indexable
280
     1
291
     1
102
ATTRRECORD}
102
{ATTRRECORD
341
8D61
  2
AcDbDs::HandleAttribute
280
     7
282
     1
102
ATTRRECORD}
  2
ASM_Data
280
    15
 91
        0
  0
XRECORD
  5
8D5E
102
{ACAD_REACTORS
330
8D5B
102
}
330
8D5B
100
AcDbXrecord
280
     1
  1
AcDbDs::TreatedAsObjectDataSchema
  2
AcDbDs::TreatedAsObjectData
280
     1
 91
        0
  0
XRECORD
  5
8D5F
102
{ACAD_REACTORS
330
8D5B
102
}
330
8D5B
100
AcDbXrecord
280
     1
  1
AcDbDs::LegacySchema
  2
AcDbDs::Legacy
280
     1
 91
        0
  0
XRECORD
  5
8D60
102
{ACAD_REACTORS
330
8D5B
102
}
330
8D5B
100
AcDbXrecord
280
     1
  1
AcDbDs::IndexedPropertySchema
  2
AcDs:Indexable
280
     1
 91
        0
  0
XRECORD
  5
8D61
102
{ACAD_REACTORS
330
8D5B
102
}
330
8D5B
100
AcDbXrecord
280
     1
  1
AcDbDs::HandleAttributeSchema
  2
AcDbDs::HandleAttribute
280
     7
 91
        1
284
     1
  0
XRECORD
  5
8D10
102
{ACAD_REACTORS
330
8D0B
102
}
330
8D0B
100
AcDbXrecord
280
     1
102
DISPLAYNAME
  1
Imperial24
102
FLAGS
 90
        0
  0
XRECORD
  5
8D11
102
{ACAD_REACTORS
330
8D03
102
}
330
8D03
100
AcDbXrecord
280
     1
102
DISPLAYNAME
  1
Metric50
102
FLAGS
 90
        0
  0
XRECORD
  5
8D13
102
{ACAD_REACTORS
330
8D12
102
}
330
8D12
100
AcDbXrecord
280
     1
310
2800000000010000780000000100080000000000007800000000000000000000000000000000000030282100FFFFFF00302821000000000000000000000000000000000000000000000000000000000000000000330000006600000099000000CC000000FF00000000330000333300006633000099330000CC330000FF3300
310
0000660000336600006666000099660000CC660000FF66000000990000339900006699000099990000CC990000FF99000000CC000033CC000066CC000099CC0000CCCC0000FFCC000000FF000033FF000066FF000099FF0000CCFF0000FFFF000000003300330033006600330099003300CC003300FF003300003333003333
310
33006633330099333300CC333300FF33330000663300336633006666330099663300CC663300FF66330000993300339933006699330099993300CC993300FF99330000CC330033CC330066CC330099CC3300CCCC3300FFCC330000FF330033FF330066FF330099FF3300CCFF3300FFFF330000006600330066006600660099
310
006600CC006600FF00660000336600333366006633660099336600CC336600FF33660000666600336666006666660099666600CC666600FF66660000996600339966006699660099996600CC996600FF99660000CC660033CC660066CC660099CC6600CCCC6600FFCC660000FF660033FF660066FF660099FF6600CCFF6600
310
FFFF660000009900330099006600990099009900CC009900FF00990000339900333399006633990099339900CC339900FF33990000669900336699006666990099669900CC669900FF66990000999900339999006699990099999900CC999900FF99990000CC990033CC990066CC990099CC9900CCCC9900FFCC990000FF99
310
0033FF990066FF990099FF9900CCFF9900FFFF99000000CC003300CC006600CC009900CC00CC00CC00FF00CC000033CC003333CC006633CC009933CC00CC33CC00FF33CC000066CC003366CC006666CC009966CC00CC66CC00FF66CC000099CC003399CC006699CC009999CC00CC99CC00FF99CC0000CCCC0033CCCC0066CC
310
CC0099CCCC00CCCCCC00FFCCCC0000FFCC0033FFCC0066FFCC0099FFCC00CCFFCC00FFFFCC000000FF003300FF006600FF009900FF00CC00FF00FF00FF000033FF003333FF006633FF009933FF00CC33FF00FF33FF000066FF003366FF006666FF009966FF00CC66FF00FF66FF000099FF003399FF006699FF009999FF00CC
310
99FF00FF99FF0000CCFF0033CCFF0066CCFF0099CCFF00CCCCFF00FFCCFF0000FFFF0033FFFF0066FFFF0099FFFF00CCFFFF00FFFFFF00000000000D0D0D001A1A1A00282828003535350043434300505050005D5D5D006B6B6B00787878008686860093939300A1A1A100AEAEAE00BBBBBB00C9C9C900D6D6D600E4E4E400
310
F1F1F100FFFFFF000000000000000000000000000000000000000000000000000000000000000000000000000000000000000000000000000000000000000000000000000000000000000000000000000000000000000000000000000000000000000000000000000000000000000000000000000000000000000000000000
310
00000000000000000000000000000000000000000000000000000000000000000000000000000000000000000000000000000000000000000000000000000000000000000000000000000000000000000000000000000000000000000000000000000000000000000000000000000000000000000000000000000000000000
310
00000000000000000000000000000000000000000000000000000000000000000000000000000000000000000000000000000000000000000000000000000000000000000000000000000000000000000000000000000000000000000000000000000000000000000000000000000000000000000000000000000000000000
310
00000000000000000000000000000000000000000000000000000000000000000000000000000000000000000000000000000000000000000000000000000000000000000000000000000000000000000000000000000000000000000000000000000000000000000000000000000000000000000000000000000000000000
310
00000000000000000000000000000000000000000000000000000000000000000000000000000000000000000000000000000000000000000000000000000000000000000000000000000000000000000000000000000000000000000000000000000000000000000000000000000000000000000000000000000000000000
310
00000000000000000000000000000000000000000000000000000000000000000000000000000000000000000000000000000000000000000000000000000000000000000000000000000000000000000000000000000000000000000000000000000000000000000000000000000000000000000000000000000000000000
310
00000000000000000000000000000000000000000000000000000000000000000000000000000000000000000000000000000000000000000000000000000000000000000000000000000000000000000000000000000000000000000000000000000000000000000000000000000000000000000000000000000000000000
310
00000000000000000000000000000000000000000000000000000000000000000000000000000000000000000000000000000000000000000000000000000000000000000000000000000000000000000000000000000000000000000000000000000000000000000000000000000000000000000000000000000000000000
310
00000000000000000000000000000000000000000000000000000000000000000000000000000000000000000000000000000000000000000000000000000000000000000000000000000000000000000000000000000000000000000000000000000000000000000000000000000000000000000000000000000000000000
310
00000000000000000000000000000000000000000000000000000000000000000000000000000000000000000000000000000000000000000000000000000000000000000000000000000000000000000000000000000000000000000000000000000000000000000000000000000000000000000000000000000000000000
310
00000000000000000000000000000000000000000000000000000000000000000000000000000000000000000000000000000000000000000000000000000000000000000000000000000000000000000000000000000000000000000000000000000000000000000000000000000000000000000000000000000000000000
310
00000000000000000000000000000000000000000000000000000000000000000000000000000000000000000000000000000000000000000000000000000000000000000000000000000000000000000000000000000000000000000000000000000000000000000000000000000000000000000000000000000000000000
310
00000000000000000000000000000000000000000000000000000000000000000000000000000000000000000000000000000000000000000000000000000000000000000000000000000000000000000000000000000000000000000000000000000000000000000000000000000000000000000000000000000000000000
310
00000000000000000000000000000000000000000000000000000000000000000000000000000000000000000000000000000000000000000000000000000000000000000000000000000000000000000000000000000000000000000000000000000000000000000000000000000000000000000000000000000000000000
310
00000000000000000000000000000000000000000000000000000000000000000000000000000000000000000000000000000000000000000000000000000000000000000000000000000000000000000000000000000000000000000000000000000000000000000000000000000000000000000000000000000000000000
310
00000000000000000000000000000000000000000000000000000000000000000000000000000000000000000000000000000000000000000000000000000000000000000000000000000000000000000000000000000000000000000000000000000000000000000000000000000000000000000000000000000000000000
310
00000000000000000000000000000000000000000000000000000000000000000000000000000000000000000000000000000000000000000000000000000000000000000000000000000000000000000000000000000000000000000000000000000000000000000000000000000000000000000000000000000000000000
310
00000000000000000000000000000000000000000000000000000000000000000000000000000000000000000000000000000000000000000000000000000000000000000000000000000000000000000000000000000000000000000000000000000000000000000000000000000000000000000000000000000000000000
310
00000000000000000000000000000000000000000000000000000000000000000000000000000000000000000000000000000000000000000000000000000000000000000000000000000000000000000000000000000000000000000000000000000000000000000000000000000000000000000000000000000000000000
310
00000000000000000000000000000000000000000000000000000000000000000000000000000000000000000000000000000000000000000000000000000000000000000000000000000000000000000000000000000000000000000000000000000000000000000000000000000000000000000000000000000000000000
310
00000000000000000000000000000000000000000000000000000000000000000000000000000000000000000000000000000000000000000000000000000000000000000000000000000000000000000000000000000000000000000000000000000000000000000000000000000000000000000000000000000000000000
310
00000000000000000000000000000000000000000000000000000000000000000000000000000000000000000000000000000000000000000000000000000000000000000000000000000000000000000000000000000000000000000000000000000000000000000000000000000000000000000000000000000000000000
310
0000000000000000000000000000000000000000000000000000000000000000000000000000000000000000000000000000000000000000000000000000000000000000000000000000000000000000000000000000000000000000F5F5F5F5F5F5F5F5F5F5F5F5F5F5F5F5F5F5F5F5F5F5F5F5F5F5F5F5F5000000000000
310
F5F5F5F5F5F5F5F5F5F5F5F5F5F5F5F5F5F5F5F5F5F5F5F5F5F5F5F5F5F5F5F5F5F5F5F5F5F5F5F5F5F5F5F5F5F5F5F5F5F5000000000000F5F5F5F5F5F5F5F5F5F5F5F5F5F5F5F5F5F5F5F5F5F5F5F5F5F5F5F5F5F5F5F5F5F5F5F5F5F5F5F5F5F5F5F5F5F5F5F5F5F50000000000F5F5F5F5F5F5F5F5F5F5F5F5F5F5F5F5
310
F5F5F5F5F5F5F5F5F5F5F5F5F50000000000000000000000000000000000000000000000000000000000000000000000000000000000000000000000000000000000000000000000000000000000000000000000000000000000000000F5F5F500000000000000000000000000000000000000000000000000F5F5F5000000
310
00F5F5F500000000000000000000000000000000000000000000000000000000000000000000000000000000000000000000F5F5F500000000F5F5F500000000000000000000000000000000000000000000000000000000000000000000000000000000000000000000F5F5F5000000F5F5F5000000000000000000000000
310
00000000000000000000000000F5F5F500000000000000000000000000000000000000000000000000000000000000000000000000000000000000000000000000000000000000000000000000000000000000000000000000000000000000F5F5F5F5F5F5F5F5000000000000000000000000000000F5F5F5F5F5F5F5F500
310
000000F5F5F5F5F5F5F5F5F5000000000000000000000000000000000000000000000000000000000000000000F5F5F5F5F5F5F5F5F5F500000000F5F5F5F5F5F5F5F5F5000000000000000000000000000000000000000000000000000000000000000000F5F5F5F5F5F5F5F5F5F5000000F5F5F5F5F5F5F5F50000000000
310
00000000000000000000F5F5F5F5F5F5F5F500000000000000000000000000000000000000000000000000000000000000000000000000000000000000000000000000000000000000000000000000000000000000000000000000000000000000F5F5F5F5F5F5F5F5F500000000000000000000000000F5F5F5F5F5F5F5F5
310
F5F5F5F5F5F5F5F5F5F5F5F5F5F5F500000000000000000000000000000000000000000000000000000000000000F5F5F5F5F5F5F5F5F5F5F5F5F5F5F5F5F5F5F5F5F5F5F5F5F500000000000000000000000000000000000000000000000000000000000000F5F5F5F5F5F5F5F5F5F5F5F5F5F5F5F5F5F5F5F5F5F5F50000
310
0000000000000000000000F5F5F5F5F5F5F5F5F5000000000000000000000000000000000000000000000000000000000000000000000000000000000000000000000000000000000000000000000000000000000000000000000000000000000000F500F50000F50000F50000F50000000000F50000000000F5F500000000
310
F50000000000F500000000000000F5F500F50000000000000000000000000000000000000000000000F5000000000000F5F5000000000000000000000000000000000000000000F5F50000F5000000000000F5000000000000F50000000000F50000000000F5000000F500F50000000000F500000000000000F5000000F500
310
00F50000F50000000000F5000000F50000000000F500F50000000000000000000000000000000000000000000000000000000000000000000000000000000000000000000000000000000000000000000000000000000000000000000000000000000000F5F50000F5F5F5F5F5F5F5F5F5000000F5F5F5F5F5F5F5F5F50000
310
00F5F5F5F5F5F5F5F5F50000000000F5F5F5F5F5F5000000000000000000000000000000000000000000F5F5F5F5F5F5F5F5F5F5000000000000000000000000000000000000000000F5F5F5F5F5F500000000F5F5F5F5F5F5F5F5F5F5000000F5F5F5F5F5F5F5F5F5000000F5F5F5F5F5F5F5F5F5000000F500F5F5F5F5F5
310
F5F5F5F5F5F5F5F5F5F5F5F5F5F500F5F5F5F5F5F5F5F5F5F50000000000000000000000000000000000000000000000000000000000000000000000000000000000000000000000000000000000000000000000000000000000000000000000000000000000F5000000F5F50000000000F5F500000000F50000000000F5F5
310
00000000F50000000000F5F50000000000F5F50000F50000000000000000000000000000000000000000000000F5000000000000F50000000000000000000000000000000000000000000000F50000F5000000000000F5000000000000F500000000F5F50000000000F500000000F5F50000000000F5000000F5F5F500F500
310
0000000000F50000F50000000000F5F500F5F50000000000F500F50000000000000000000000000000000000000000000000000000000000000000000000000000000000000000000000000000000000000000000000000000000000000000000000000000000000F5000000F500000000000000F500000000F50000000000
310
00F500000000F5000000000000F50000000000F5000000F50000F50000000000000000000000000000000000F50000F5000000000000F50000F50000000000000000000000000000000000F50000F50000F5000000000000F5000000000000F500000000F5000000000000F500000000F5000000000000F500000000F5F500
310
F5000000000000F50000F5000000000000F500F5000000000000F500F50000000000000000000000000000000000000000000000000000000000000000000000000000000000000000000000000000000000000000000000000000000000000000000000000000000000F5000000F500000000000000F500000000F5000000
310
000000F500000000F5000000000000F50000000000F5000000F500F5F5F5F5F5F5F5F5F5F5F5F5F5F5F5F5F5F5F5F5F500F5000000000000F500F5F5F5F5F5F5F5F5F5F5F5F5F5F5F5F5F5F5F5F5F500F50000F5000000000000F5000000000000F500000000F5000000000000F500000000F5000000000000F500000000F5
310
F500F5000000000000F50000F5000000000000F500F5000000000000F500F50000000000000000000000000000000000000000000000000000000000000000000000000000000000000000000000000000000000000000000000000000000000000000000000000000000000F5000000F500000000000000F500000000F500
310
0000000000F500000000F5000000000000F50000000000F5000000F50000F5F5F5F5F5F5F5F5F5F5F5F5F5F5F5F5F5F5F50000F5000000000000F50000F5F5F5F5F5F5F5F5F5F5F5F5F5F5F5F5F5F5F50000F50000F5000000000000F5000000000000F500000000F5000000000000F500000000F5000000000000F5000000
310
00F5F500F5000000000000F50000F5000000000000F500F5000000000000F500F50000000000000000000000000000000000000000000000000000000000000000000000000000000000000000000000000000000000000000000000000000000000000000000000000000000000F5000000F5F50000000000F5F500000000
310
F50000000000F5F500000000F50000000000F5F50000000000F5000000F50000000000000000000000000000000000000000000000F5000000000000F50000000000000000000000000000000000000000000000F50000F5000000000000F5000000000000F500000000F5F50000000000F500000000F5F50000000000F500
310
000000F5F500F5000000000000F50000F50000000000F5F500F5F50000000000F500F50000000000000000000000000000000000000000000000000000000000000000000000000000000000000000000000000000000000000000000000000000000000000000000000000000000000F5000000F500F5000000F500F50000
310
00F5F5F5000000F500F5000000F5F5F5000000F500F50000000000F5F50000F500000000000000000000000000000000000000000000F5F5F500000000F5F5F500000000000000000000000000000000000000000000F50000F50000000000F5F5F500000000F5F5F5000000F500F5000000F5F5F5000000F500F5000000F5
310
F5F5000000F5F5F5F5F500000000F5F5F5F5F5F5000000F500F500F500F5000000F5F5F5F50000000000000000000000000000000000000000000000000000000000000000000000000000000000000000000000000000000000000000000000000000000000000000000000000000000000F500000000F5F5F5F5F5F5F500
310
00000000F5F5F5F5F5F5F50000000000F5F5F5F5F5F5F5000000000000F5F5F5F5F5F500000000000000000000000000000000000000000000F5F5F5F5F5F5F5F500000000000000000000000000000000000000000000F5F5F5F5F5F50000000000F5F5F5F5F5F5F5F50000000000F5F5F5F5F5F5F50000000000F5F5F5F5
310
F5F5F500000000F5F500F5F5F5F5F5F5F5F50000F5F5F5F5F5F5F5000000F5F5F5F5F5F5F500F50000000000000000000000000000000000000000000000000000000000000000000000000000000000000000000000000000000000000000000000000000000000000000000000000000000000F5000000F50000F5000000
310
0000000000F50000F50000000000000000000000000000000000000000000000F50000F5000000000000000000000000000000000000000000000000000000000000000000000000000000000000000000000000000000000000F50000F50000000000000000000000000000000000000000F50000F5000000000000000000
310
F500F5000000000000F5F50000000000000000000000000000000000000000000000000000000000F50000000000000000000000000000000000000000000000000000000000000000000000000000000000000000000000000000000000000000000000000000000000000000000000000000000000F50000F5F5F5F5F5F5
310
F5F5F5F5F5F5F5F5F5F5F5F5000000F5F5F5F5F5F5F5F50000F5F5F5F5F5F5F5000000F5F5F5F5F5F5F50000F5F5F5F5F5F5F5F50000F5F5F5F5F5F5F5000000F5F5F5F5F5F5F50000F5F5F5F5F5F5F5F50000F5F5F5F5F5F5F5000000F5F5F5F5F5F5F50000F5F5F5F5F5F5F5F50000000000F5F5F5F5F5F5F5F5F5F5F5F5
310
F5F5F5F5F5F50000000000F5F50000000000000000000000F5F5F5F5F5F5F50000000000000000000000F50000000000000000000000000000000000000000000000000000000000000000000000000000000000000000000000000000000000000000000000000000000000000000000000000000000000F5000000F50000
310
F5F5F500000000F5F5F50000F5F50000F5F5F500000000F5F5F5F5F5F5000000F500F500F500F5000000F5F5F5F5F5F500000000F5F5F5F5F5F5000000F500F500F500F5000000F5F5F5F5F5F500000000F5F5F5F5F5F5000000F500F500F500F5000000F5F5F5F5F5F500000000F5F5F50000000000F50000F5F500F50000
310
00F5F5F5F500F5F50000000000F5F500000000000000000000F5F5F5000000F500F500000000000000000000F50000000000000000000000000000000000000000000000000000000000000000000000000000000000000000000000000000000000000000000000000000000000000000000000000000000000F5000000F5
310
0000F5F5000000000000F5F5000000F5000000F5000000000000F50000F50000000000F5F500F5F50000000000F50000F5000000000000F50000F50000000000F5F500F5F50000000000F50000F5000000000000F50000F50000000000F5F500F5F50000000000F50000F5000000000000F5000000000000F5000000F5F500
310
00000000F5F5000000F50000000000F5F50000000000000000000000F50000000000F5F500000000000000000000F50000000000000000000000000000000000000000000000000000000000000000000000000000000000000000000000000000000000000000000000000000000000000000000000000000000000F50000
310
00F50000F5F5000000000000F5F5000000F5000000F5000000000000F50000F5000000000000F500F5000000000000F50000F5000000000000F50000F5000000000000F500F5000000000000F50000F5000000000000F50000F5000000000000F500F5000000000000F50000F5000000000000F5000000000000F5000000F5
310
000000000000F5F5000000F50000000000F5F50000000000000000000000F5000000000000F500000000000000000000F50000000000000000000000000000000000000000000000000000000000000000000000000000000000000000000000000000000000000000000000000000000000000000000000000000000000F5
310
000000F50000F5F5000000000000F5F5000000F5000000F5000000000000F50000F5000000000000F500F5000000000000F50000F5000000000000F50000F5000000000000F500F5000000000000F50000F5000000000000F50000F5000000000000F500F5000000000000F50000F5000000000000F5000000000000F50000
310
00F5000000000000F5F5000000F50000000000F5F50000000000000000000000F5000000000000F500000000000000000000F500000000000000000000000000000000000000000000000000000000000000000000000000000000000000000000000000000000000000000000000000000000000000000000000000000000
310
00F5000000F50000F5F5000000000000F5F50000F5F5000000F5000000000000F50000F5000000000000F500F5000000000000F50000F5000000000000F50000F5000000000000F500F5000000000000F50000F5000000000000F50000F5000000000000F500F5000000000000F50000F5000000000000F5000000000000F5
310
0000F5F5000000000000F5F5F500F5F50000000000F5F50000000000000000000000F5000000000000F500000000000000000000F50000000000000000000000000000000000000000000000000000000000000000000000000000000000000000000000000000000000000000000000000000000000000000000000000000
310
000000F50000F5F5F5F5F5F5000000000000F5F5F5F500F5000000F5000000000000F500F5F50000000000F5F500F5F50000000000F50000F5000000000000F50000F50000000000F5F500F5F50000000000F50000F5000000000000F50000F50000000000F5F500F5F50000000000F5F500F5000000000000F50000000000
310
F5F5F5F500F5F50000000000F5F500F500F50000000000F5F50000000000000000000000F50000000000F5F500000000000000000000F5000000000000000000000000000000000000000000000000000000000000000000000000000000000000000000000000000000000000000000000000000000000000000000000000
310
0000000000F5000000F5F5F5F500F5F5F5F5F5F500F5F5F5F5000000F500F5F5F5F5F5F500F5F5F5F5F5F5F5F5F5F500F5F5F5F5F5F5F500F5F500F5F5F5F5F5F500F5F500F5F5F5F5F5F5F500F5F5F5F5F5F5F5F5F5F500F5F5F5F5F5F500F5F500F5F5F5F5F5F5F500F5F5F5F5F5F5F5F5F5F500F5F5F5F5F5F500F50000
310
000000F5F5F5F5F5F5F5F5F5F5F500F5F5F5F5000000000000F5F500000000000000000000F5F5F5F5F5F5F5F5F500000000000000000000F500000000000000000000000000000000000000000000000000000000000000000000000000000000000000000000000000000000000000000000000000000000000000000000
310
00000000000000F500000000000000F5000000000000F50000000000000000F5000000000000F50000F50000000000F5000000F50000000000F50000F5000000000000F50000F50000000000F5000000F50000000000F50000F5000000000000F50000F50000000000F5000000F50000000000F50000F5000000000000F500
310
00000000000000000000F50000000000F500000000000000000000F5F50000000000000000000000F50000000000F50000000000000000000000F50000000000000000000000000000000000000000000000000000000000000000000000000000000000000000000000000000000000000000000000000000000000000000
310
000000000000000000F5000000000000000000000000000000000000F5000000000000F50000F50000000000F5000000F50000000000F50000F5000000000000F50000F50000000000F5000000F50000000000F5000000F50000000000F50000F5000000000000F50000F50000000000F5000000F50000000000F50000F500
310
0000000000F50000000000000000F50000000000F50000000000000000F5F50000000000000000000000000000000000000000000000000000000000F5000000000000000000000000000000000000000000000000000000000000000000000000000000000000000000000000000000000000000000000000000000000000
310
0000000000000000000000F50000F5F5F5F5F5F5F5F5F5F5F500000000F500F5F5F5F5F5F500F5F500F5F5F5F5F5F5F500F5F5F5F5F5F5F5F5F5F500F5F5F5F5F5F500F5F500F5F5F5F5F5F5F500F5F5F5F5F5F5F5F5F500F5F5F5F5F5F5F500F5F500F5F5F5F5F5F500F5F5F5F5F5F5F5F5F5F500F5F5F5F5F5F5F500F5F5
310
00F5F5F5F5F5F500F5000000F5F5F5F500F5F5F5F5F5F5F5F5F5F5F5000000F5F50000000000000000000000000000000000000000000000000000000000F500000000000000000000000000000000000000000000000000000000000000000000000000000000000000000000000000000000000000000000000000000000
310
00000000000000000000000000F50000F5000000000000000000F50000000000F5000000000000F50000F50000000000F5F500F5F50000000000F5F500F5000000000000F50000F50000000000F5F500F5F50000000000F5F500F5F50000000000F50000F5000000000000F50000F50000000000F5F500F5F50000000000F5
310
0000F5000000000000F5000000F500F5F5F5F50000000000F5F500F5F5F5F50000F5F50000000000000000000000000000000000000000000000000000000000F50000000000000000000000000000000000000000000000000000000000000000000000000000000000000000000000000000000000000000000000000000
310
000000000000000000000000000000F50000F5000000000000000000F50000000000F5000000000000F50000F5000000000000F500F5000000000000F50000F5000000000000F50000F5000000000000F500F500000000000000F500F5000000000000F50000F5000000000000F50000F5000000000000F500F50000000000
310
00F50000F5000000000000F5000000F5F50000F5F5000000000000F5F50000F5000000F5F50000000000F50000000000000000000000000000000000F50000000000F5000000000000000000000000000000000000000000000000000000000000000000000000000000000000000000000000000000000000000000000000
310
0000000000000000000000000000000000F50000F5000000000000000000F50000000000F5000000000000F50000F5000000000000F500F5000000000000F50000F5000000000000F50000F5000000000000F500F500000000000000F500F5000000000000F50000F5000000000000F50000F5000000000000F500F5000000
310
000000F50000F5000000000000F5000000F5000000F5F5000000000000F5000000F5000000F5F500000000F5F5F5F5F5F5F5F5F5F5F5F5F5F5F5F5F5F5F5F5F500000000F500000000000000000000000000000000000000000000000000000000000000000000000000000000000000000000000000000000000000000000
310
00000000000000000000000000000000000000F50000F5000000000000000000F50000000000F5000000000000F50000F5000000000000F500F5000000000000F50000F5000000000000F50000F5000000000000F500F500000000000000F500F5000000000000F50000F5000000000000F50000F5000000000000F500F500
310
0000000000F50000F5000000000000F5000000F5000000F5F5000000000000F5000000F5000000F5F50000000000F5F5F5F5F5F5F5F5F5F5F5F5F5F5F5F5F5F5F50000000000F50000000000000000000000000000000000000000000000000000000000000000000000000000000000000000000000000000000000000000
310
000000000000000000000000000000000000000000F50000F5000000000000000000F50000000000F5000000000000F50000F50000000000F5F500F5F50000000000F50000F5000000000000F50000F50000000000F5F500F5F50000000000F5F500F5F50000000000F50000F5000000000000F50000F50000000000F5F500
310
F5F50000000000F50000F5000000000000F5000000F5000000F5F50000000000F5F5000000F5000000F5F50000000000000000000000000000000000000000000000000000000000F5000000000000000000000000000000000000000000000000000000000000000000000000000000000000000000000000000000000000
310
0000000000000000000000000000000000000000000000F50000F5000000000000000000F500000000F5F5F500000000F5F5F5F5F5F5000000F500F500F500F5000000F5F5F5F5F5F500000000F5F5F5F5F5F5000000F500F500F500F5000000F500F500F500F5000000F5F5F5F5F5F500000000F5F5F5F5F5F5000000F500
310
F500F500F5000000F5F5F5F5F5F500000000F5F5F50000F5F50000F5F5F5000000F500F5F50000F5000000F5F50000000000000000000000000000000000000000000000000000000000F500000000000000000000000000000000000000000000000000000000000000000000000000000000000000000000000000000000
310
00000000000000000000000000000000000000000000000000F50000F5F5F5F5F5F5F5F5F5F5F50000000000F5F5F5F5F5F5F5F50000F5F5F5F5F5F5F5000000F5F5F5F5F5F5F50000F5F5F5F5F5F5F5F50000F5F5F5F5F5F5F5000000F5F5F5F5F5F5F5000000F5F5F5F5F5F5F50000F5F5F5F5F5F5F5F50000F5F5F5F5F5
310
F5F5000000F5F5F5F5F5F5F50000F5F5F5F5F5F5F5F5000000F5F5F5F5F5F5F5F5F5F5F5F5F5F5F5F5F5F500F5F5F50000000000000000000000000000000000000000000000000000000000F50000000000000000000000000000000000000000000000000000000000000000000000000000000000000000000000000000
310
000000000000000000000000000000000000000000000000000000F5000000000000000000000000000000000000000000000000000000000000000000000000000000000000000000000000000000000000000000000000000000000000000000000000000000000000000000000000000000000000000000000000000000
310
00000000000000000000000000000000000000000000000000000000F50000F50000000000000000F50000F5000000F5000000000000000000000000000000000000000000000000000000000000F5000000000000000000000000000000000000000000000000000000000000000000000000000000000000000000000000
310
0000000000000000000000000000000000000000000000000000000000F500000000F5F5F5F5F5F5F50000000000F5F5F5F5F5F5F5000000F5F5F5F5F5F5F50000F5F5F5F5F5F5F5F50000F5F5F5F5F5F5F5000000F5F5F5F5F5F5F50000F5F5F5F5F5F5F5F50000F5F5F5F5F5F5F5000000F5F5F5F5F5F5F5000000F5F5F5
310
F5F5F5F50000F5F5F5F5F5F5F5000000F5F5F5F5F5F5F5000000F5F5F5F5F5F5F50000000000F5F5F5F5F5F5F500000000F50000F5F5F5F5F5F5F5F50000F5F5F5F5F5F5F5000000F5F5F5F5F5F5F500F500000000000000000000000000000000000000000000000000000000000000000000000000000000000000000000
310
00000000000000000000000000000000000000000000000000000000000000F5000000F500F5000000F500F5000000F5F5F5000000F500F500F500F5000000F5F5F5F5F5F500000000F5F5F5F5F5F5000000F500F500F500F5000000F5F5F5F5F5F500000000F5F5F5F5F5F5000000F500F500F500F5000000F500F500F500
310
F5000000F5F5F5F5F5F5000000F500F500F500F5000000F500F500F500F5000000F5F5F5000000F500F5000000F5F5F50000F5F5F5F5F5F500000000F5F5F5F5F5F5000000F500F500F500F5000000F5F5F5F50000000000000000000000000000000000000000000000000000000000000000000000000000000000000000
310
000000000000000000000000000000000000000000000000000000000000000000F5000000F5F50000000000F5F500000000F50000000000F5F500F5F50000000000F50000F5000000000000F50000F50000000000F5F500F5F50000000000F50000F5000000000000F50000F50000000000F5F500F5F50000000000F5F500
310
F5F50000000000F50000F50000000000F5F500F5F50000000000F5F500F5F50000000000F500000000F5F50000000000F500000000F5F500F5000000000000F50000F50000000000F5F500F5F50000000000F500F5000000000000000000000000000000000000000000000000000000000000000000000000000000000000
310
0000000000000000000000000000000000000000000000000000000000000000000000F5000000F500000000000000F500000000F5000000000000F500F5000000000000F50000F5000000000000F50000F5000000000000F500F5000000000000F50000F5000000000000F50000F5000000000000F500F500000000000000
310
F500F5000000000000F50000F5000000000000F500F500000000000000F500F5000000000000F500000000F5000000000000F500000000F5F500F5000000000000F50000F5000000000000F500F5000000000000F500F500000000000000000000000000000000000000000000000000000000000000000000000000000000
310
00000000000000000000000000000000000000000000000000000000000000000000000000F5000000F500000000000000F500000000F5000000000000F500F5000000000000F50000F5000000000000F50000F5000000000000F500F5000000000000F50000F5000000000000F50000F5000000000000F500F50000000000
310
0000F500F5000000000000F50000F5000000000000F500F500000000000000F500F5000000000000F500000000F5000000000000F500000000F5F500F5000000000000F50000F5000000000000F500F5000000000000F500F50000000000000000000000000000000000000000000000000000000000000000000000000000
310
000000000000000000000000000000000000000000000000000000000000000000000000000000F5000000F500000000000000F500000000F5000000000000F500F5000000000000F50000F5000000000000F50000F5000000000000F500F5000000000000F50000F5000000000000F50000F5000000000000F500F5000000
310
00000000F500F5000000000000F50000F5000000000000F500F500000000000000F500F5000000000000F500000000F5000000000000F500000000F5F500F5000000000000F50000F5000000000000F500F5000000000000F500F5000000000000000000000000000000000000000000000000000000000000000000000000
310
0000000000000000000000000000000000000000000000000000000000000000000000000000000000F5000000F5F50000000000F5F500000000F50000000000F5F500F5F50000000000F50000F5000000000000F50000F50000000000F5F500F5F50000000000F50000F5000000000000F50000F50000000000F5F500F5F5
310
0000000000F5F500F5F50000000000F50000F50000000000F5F500F5F50000000000F5F500F5F50000000000F500000000F5F50000000000F500000000F5F500F5000000000000F50000F50000000000F5F500F5F50000000000F500F500000000000000000000000000000000000000000000000000000000000000000000
310
00000000000000000000000000000000000000000000000000000000000000000000000000000000000000F5000000F500F5000000F500F5000000F5F5F5000000F500F500F500F5000000F5F5F5F5F5F500000000F5F5F5F5F5F5000000F500F500F500F5000000F5F5F5F5F5F500000000F5F5F5F5F5F5000000F500F500
310
F500F5000000F500F500F500F5000000F5F5F5F5F5F5000000F500F500F500F5000000F500F500F500F5000000F5F5F5000000F500F5000000F5F5F5000000F5F5F5F5F500000000F5F5F5F5F5F5000000F500F500F500F5000000F5F5F5F50000000000000000000000000000000000000000000000000000000000000000
310
000000000000000000000000000000000000000000000000000000000000000000000000000000000000000000F500000000F5F5F5F5F5F5F50000000000F5F5F5F5F5F5F5000000F5F5F5F5F5F5F50000F5F5F5F5F5F5F5F50000F5F5F5F5F5F5F5000000F5F5F5F5F5F5F50000F5F5F5F5F5F5F5F50000F5F5F5F5F5F5F5
310
000000F5F5F5F5F5F5F5000000F5F5F5F5F5F5F50000F5F5F5F5F5F5F5000000F5F5F5F5F5F5F5000000F5F5F5F5F5F5F50000000000F5F5F5F5F5F5F500000000F5F500F5F5F5F5F5F5F5F50000F5F5F5F5F5F5F5000000F5F5F5F5F5F5F500F5000000000000000000000000000000000000000000000000000000000000
310
0000000000000000000000000000000000000000000000000000000000000000000000000000000000000000000000F500000000000000000000000000000000000000000000000000000000000000000000000000000000000000000000000000000000000000000000000000000000000000000000000000000000000000
310
00000000000000000000000000000000000000000000000000000000000000000000000000000000000000000000000000F50000F50000000000000000F50000F50000F5F50000000000000000000000000000000000000000000000000000000000F500000000000000000000000000000000000000000000000000000000
310
00000000000000000000000000000000000000000000000000000000000000000000000000000000000000000000000000F500F5F5F5F5F5F5F5F50000F5F5F5F5F5F5F5000000F5F5F5F5F5F5F5000000F5F5F5F5F5F5F50000F5F5F5F5F5F5F5000000F5F5F5F5F5F5F5000000F5F5F5F5F5F5F50000F5F5F5F5F5F5F5F5
310
0000F5F5F5F5F5F5F5000000F5F5F5F5F5F5F50000F5F5F5F5F5F5F5F50000F5F5F5F5F5F5F5000000F5F5F5F5F5F5F50000F5F5F5F5F5F5F5F5F5F5F5F5F5F5F5F5F5F500F5F500F5F5F5F5F5F5F5F50000F5F5F5F5F5F5F5000000F5F5F5F5F5F5F500F50000000000000000000000000000000000000000000000000000
310
000000000000000000000000000000000000000000000000000000000000000000000000000000000000000000000000000000F5F5F5F500000000F5F5F5F5F5F5000000F500F500F500F5000000F500F500F500F5000000F5F5F5F5F5F5000000F500F500F500F5000000F500F500F500F5000000F5F5F5F5F5F500000000
310
F5F5F5F5F5F5000000F500F500F500F5000000F5F5F5F5F5F500000000F5F5F5F5F5F5000000F500F500F500F5000000F5F5F50000F50000F5F5F500000000F5F5F50000F50000F5F5F5F5F500000000F5F5F5F5F5F5000000F500F500F500F5000000F5F5F5F5000000000000000000000000000000000000000000000000
310
0000000000000000000000000000000000000000000000000000000000000000000000000000000000000000000000000000000000F500F5000000000000F50000F50000000000F5F500F5F50000000000F5F500F5F50000000000F50000F50000000000F5F500F5F50000000000F5F500F5F50000000000F50000F5000000
310
000000F50000F50000000000F5F500F5F50000000000F50000F5000000000000F50000F50000000000F5F500F5F50000000000F5000000F50000F5F5000000000000F5F50000F50000F5F500F5000000000000F50000F50000000000F5F500F5F50000000000F500F500000000000000000000000000000000000000000000
310
00000000000000000000000000000000000000000000000000000000000000000000000000000000000000000000000000000000000000F500F5000000000000F50000F5000000000000F500F500000000000000F500F5000000000000F50000F5000000000000F500F500000000000000F500F5000000000000F50000F500
310
0000000000F50000F5000000000000F500F5000000000000F50000F5000000000000F50000F5000000000000F500F5000000000000F5000000F50000F5F5000000000000F5F50000F50000F5F500F5000000000000F50000F5000000000000F500F5000000000000F500F50000000000000000000000000000000000000000
310
000000000000000000000000000000000000000000000000000000000000000000000000000000000000000000000000000000000000000000F500F5000000000000F50000F5000000000000F500F500000000000000F500F5000000000000F50000F5000000000000F500F500000000000000F500F5000000000000F50000
310
F5000000000000F50000F5000000000000F500F5000000000000F50000F5000000000000F50000F5000000000000F500F5000000000000F5000000F50000F5F5000000000000F5F50000F50000F5F500F5000000000000F50000F5000000000000F500F5000000000000F500F5000000000000000000000000000000000000
310
0000000000000000000000000000000000000000000000000000000000000000000000000000000000000000000000000000000000000000000000F500F5000000000000F50000F5000000000000F500F500000000000000F500F5000000000000F50000F5000000000000F500F500000000000000F500F5000000000000F5
310
0000F5000000000000F50000F5000000000000F500F5000000000000F50000F5000000000000F50000F5000000000000F500F5000000000000F5000000F50000F5F5000000000000F5F50000F50000F5F500F5000000000000F50000F5000000000000F500F5000000000000F500F500000000000000000000000000000000
310
00000000000000000000000000000000000000000000000000000000000000000000000000000000000000000000000000000000000000000000000000F500F5000000000000F50000F50000000000F5F500F5F50000000000F5F500F5F50000000000F50000F50000000000F5F500F5F50000000000F5F500F5F500000000
310
00F50000F5000000000000F50000F50000000000F5F500F5F50000000000F50000F5000000000000F50000F50000000000F5F500F5F50000000000F50000F5F5F5F5F5F5000000000000F5F5F5F5F5F500F5F500F5000000000000F50000F50000000000F5F500F5F50000000000F500F50000000000000000000000000000
310
000000000000000000000000000000000000000000000000000000000000000000000000000000000000000000000000000000000000000000000000000000F5F500F5F5F5F5F5F500F5F500F5F5F5F5F5F5F500F5F5F5F5F5F5F5F5F500F5F5F5F5F5F5F500F5F500F5F5F5F5F5F5F500F5F5F5F5F5F5F5F5F500F5F5F5F5
310
F5F5F500F5F500F5F5F5F5F5F500F5F5F5F5F5F5F5F5F5F500F5F5F5F5F5F5F500F5F500F5F5F5F5F5F500F5F500F5F5F5F5F5F5F500F5F5F5F5F5F5F5F5F50000F5F5F5F500F5F5F5F5F5F500F5F5F5F50000F5F5F500F5F5F5F5F5F500F5F5F5F5F5F5F5F5F5F500F5F5F5F5F5F5F500F5F5000000000000000000000000
310
0000000000000000000000000000000000000000000000000000000000000000000000000000000000000000000000000000000000000000000000000000000000F500F5000000000000F50000F50000000000F5000000F50000000000F5000000F50000000000F50000F50000000000F5000000F50000000000F5000000F5
310
0000000000F50000F5000000000000F50000F50000000000F5000000F50000000000F50000F5000000000000F50000F50000000000F5000000F50000000000F500000000000000F5000000000000F5000000000000F5F500F5000000000000F50000F50000000000F5000000F50000000000F500F500000000000000000000
310
00000000000000000000000000000000000000000000000000000000000000000000000000000000000000000000000000000000000000000000000000000000000000F50000000000F5F5F5F5F5F5F5F5F5F5F5F5F5F5F5F5F5F5F5F5F5F5F5F5F5F5F5F5F5F5F5F5F5F5F5F5F5F5F5F5F5F5F5F5F50000000000F5F5F5F5
310
F5F5F5F5F5F5F5F5F5F5F5F5F5F5F5F5F5F5F5F5F5F5F5F5F5F5F5F5F5F5F5F50000000000F5F5F5F5F5F5F5F5F5F5F5F5F5F5F5F5F5F5F5F5F5F5F5F5F5F5F5F5F5F5F5F5F5F5F5F5F5F5F5F5F5F5F5F5F50000000000F5F50000000000F5F5F5F5F5F5F5F5F5F5F5F5F5F5F5F5F5F5F50000000000F50000000000000000
310
000000000000000000000000000000000000000000000000000000000000000000000000000000000000000000000000000000000000000000000000000000000000000000F500000000F5F5F5F5F5F5F5F5F5F5F5F5F5F5F5F5F5F5F5F5F5F5F5F5F5F5F5F5F5F5F5F5F5F5F5F5F5F5F5F5F5F5F5F5F5F5F5000000F5F5F5
310
F5F5F5F5F5F5F5F5F5F5F5F5F5F5F5F5F5F5F5F5F5F5F5F5F5F5F5F5F5F5F5F5F5F5F5000000F5F5F5F5F5F5F5F5F5F5F5F5F5F5F5F5F5F5F5F5F5F5F5F5F5F5F5F5F5F5F5F5F5F5F5F5F5F5F5F5F5F5F5F5F5F5F500000000F5F500000000F5F5F5F5F5F5F5F5F5F5F5F5F5F5F5F5F5F5F5F5F500000000F5000000000000
310
0000000000000000000000000000000000000000000000000000000000000000000000000000000000000000000000000000000000000000000000000000000000000000000000F50000000000F500000000000000000000000000000000000000000000000000000000000000000000000000000000000000F50000000000
310
F500000000000000000000000000000000000000000000000000000000000000000000F50000000000F500000000000000000000000000000000000000000000000000000000000000000000000000000000000000F50000000000F5F50000000000F50000000000000000000000000000000000F50000000000F500000000
310
00000000000000000000000000000000000000000000000000000000000000000000000000000000000000000000000000000000000000000000000000000000000000000000000000F500F5F5F5F5F5F5F5F50000000000F5F5F5F5F5F5F50000F5F5F5F5F5F5F5F50000F5F5F5F5F5F5F5000000F5F5F5F5F5F5F5000000
310
0000F5F5F5F5F5F5F50000F5F5F5F5F5F5F5F50000F5F5F5F5F5F5F5000000F5F5F5F5F5F5F50000000000F5F5F5F5F5F5F5000000F5F5F5F5F5F5F50000F5F5F5F5F5F5F5F50000F5F5F5F5F5F5F50000000000F5F5F5F5F5F5F50000F5F500F5F5F5F5F5F5F5F50000F5F5F5F5F5F5F5000000F5F5F5F5F5F5F500F50000
310
000000000000000000000000000000000000000000000000000000000000000000000000000000000000000000000000000000000000000000000000000000000000000000000000000000F5F5F5F500000000F5F5F5000000F500F5000000F5F5F5F5F5F500000000F5F5F5F5F5F5000000F500F500F500F5000000F5F5F5
310
000000F500F5000000F5F5F5F5F5F500000000F5F5F5F5F5F5000000F500F500F500F5000000F500F5000000F5F5F5000000F500F500F500F5000000F5F5F5F5F5F500000000F5F5F5F5F5F5000000F500F5000000F5F5F5000000F500F500F5F5F5F5F500000000F5F5F5F5F5F5000000F500F500F500F5000000F5F5F5F5
310
0000000000000000000000000000000000000000000000000000000000000000000000000000000000000000000000000000000000000000000000000000000000000000000000000000000000F500F5000000000000F500000000F5F50000000000F50000F5000000000000F50000F50000000000F5F500F5F50000000000
310
F500000000F5F50000000000F50000F5000000000000F50000F50000000000F5F500F5F50000000000F5F500000000F50000000000F5F500F5F50000000000F50000F5000000000000F50000F50000000000F5F500000000F50000000000F5F500F5F500F5000000000000F50000F50000000000F5F500F5F50000000000F5
310
00F50000000000000000000000000000000000000000000000000000000000000000000000000000000000000000000000000000000000000000000000000000000000000000000000000000000000F500F5000000000000F500000000F5000000000000F50000F5000000000000F50000F5000000000000F500F500000000
310
0000F500000000F5000000000000F50000F5000000000000F50000F5000000000000F500F500000000000000F500000000F5000000000000F500F5000000000000F50000F5000000000000F50000F5000000000000F500000000F5000000000000F500F5F500F5000000000000F50000F5000000000000F500F50000000000
310
00F500F50000000000000000000000000000000000000000000000000000000000000000000000000000000000000000000000000000000000000000000000000000000000000000000000000000000000F500F5000000000000F500000000F5000000000000F50000F5000000000000F50000F5000000000000F500F50000
310
00000000F500000000F5000000000000F50000F5000000000000F50000F5000000000000F500F500000000000000F500000000F5000000000000F500F5000000000000F50000F5000000000000F50000F5000000000000F500000000F5000000000000F500F5F500F5000000000000F50000F5000000000000F500F5000000
310
000000F500F50000000000000000000000000000000000000000000000000000000000000000000000000000000000000000000000000000000000000000000000000000000000000000000000000000000000F500F5000000000000F500000000F5000000000000F50000F5000000000000F50000F5000000000000F500F5
310
000000000000F500000000F5000000000000F50000F5000000000000F50000F5000000000000F500F500000000000000F500000000F5000000000000F500F5000000000000F50000F5000000000000F50000F5000000000000F500000000F5000000000000F500F5F500F5000000000000F50000F5000000000000F500F500
310
0000000000F500F50000000000000000000000000000000000000000000000000000000000000000000000000000000000000000000000000000000000000000000000000000000000000000000000000000000000F500F5000000000000F500000000F5F50000000000F50000F5000000000000F500F5F50000000000F5F5
310
00F5F50000000000F500000000F5F50000000000F50000F5000000000000F50000F50000000000F5F500F5F50000000000F5F5000000F5F50000000000F5F500F5F50000000000F50000F5000000000000F50000F50000000000F5F500000000F50000000000F5F5F5F5F500F5000000000000F50000F50000000000F5F500
310
F5F50000000000F500F50000000000000000000000000000000000000000000000000000000000000000000000000000000000000000000000000000000000000000000000000000000000000000000000000000000000F5F500F5F5F5F5F5F500F5000000F5F5F5F5F5F5F500F5F500F5F5F5F5F5F500F5F5F5F5F5F5F5F5
310
F5F500F5F5F5F5F5F5F500F5000000F5F5F5F5F5F5F5F5F5F500F5F5F5F5F5F500F5F500F5F5F5F5F5F5F500F5F5F5F5F5F5F5F5F5000000F5F5F5F5F5F5F5F5F500F5F5F5F5F5F5F500F5F500F5F5F5F5F5F500F5F500F5F5F5F5F5F5F5000000F500F5F5F5F5F5F5F500F500F500F5F5F5F5F5F500F5F5F5F5F5F5F5F5F5
310
F500F5F5F5F5F5F5F500F5F50000000000000000000000000000000000000000000000000000000000000000000000000000000000000000000000000000000000000000000000000000000000000000000000000000000000F500F50000000000F5F50000000000F50000000000F50000F5000000000000F50000F5000000
310
0000F5000000F50000000000F50000000000F50000000000F50000F5000000000000F50000F50000F50000F5000000F50000000000F50000000000F50000F50000F5000000F50000000000F50000F5000000000000F50000F50000000000F500F5000000F50000000000F50000000000F5000000F50000F50000F500000000
310
00F5000000F50000000000F500F5000000000000000000000000000000000000000000000000000000000000000000000000000000000000000000000000000000000000000000000000000000000000000000000000000000000000F5F5F5F5F5F5F5F5F500000000000000000000000000F5F5F5F5F5F5F5F5F5F5F5F5F5
310
F5F5F5F5F5F5F5F5F5F500000000000000000000000000000000000000000000000000000000000000F5F5F5F5F5F5F5F5F5F5F5F5F5F5F5F5F5F5F5F5F5F5F5F5F500000000000000000000000000000000000000000000000000000000000000F5F5F5F5F5F5F5F5F5F5F5F5F5F5F5F5F5F5F5F5F5F5F500000000000000
310
000000000000F5F5F5F5F5F5F5F5F50000000000000000000000000000000000000000000000000000000000000000000000000000000000000000000000000000000000000000000000000000000000000000000000000000000000000000F5F5F5F5F5F5F5000000000000000000000000000000F5F5F5F5F5F5F5000000
310
000000F5F5F5F5F5F5F5F5000000000000000000000000000000000000000000000000000000000000000000F5F5F5F5F5F5F5F5F5000000000000F5F5F5F5F5F5F5F5000000000000000000000000000000000000000000000000000000000000000000F5F5F5F5F5F5F5F5F50000000000F5F5F5F5F5F5F5000000000000
310
000000000000000000F5F5F5F5F5F5F50000000000000000000000000000000000000000000000000000000000000000000000000000000000000000000000000000000000000000000000000000000000000000000000000000000000000000F500F500000000000000000000000000000000000000000000000000F5F5F5
310
00000000F500F500000000000000000000000000000000000000000000000000000000000000000000000000000000000000000000F5F5F500000000F500F500000000000000000000000000000000000000000000000000000000000000000000000000000000000000000000F5F5F5000000F5F5F5000000000000000000
310
00000000000000000000000000000000F500F50000000000000000000000000000000000000000000000000000000000000000000000000000000000000000000000000000000000000000000000000000000000000000000000000000000000000000F5F5F5F5F5F5F5F5F5F5F5F5F5F5F5F5F5F5F5F5F5F5F5F5F5F5F5F5
310
F5000000000000F5F5F5F5F5F5F5F5F5F5F5F5F5F5F5F5F5F5F5F5F5F5F5F5F5F5F5F5F5F5F5F5F5F5F5F5F5F5F5F5F5F5F5F5F5F5F5F5F5F5000000000000F5F5F5F5F5F5F5F5F5F5F5F5F5F5F5F5F5F5F5F5F5F5F5F5F5F5F5F5F5F5F5F5F5F5F5F5F5F5F5F5F5F5F5F5F5F5F5F5F5F50000000000F5F5F5F5F5F5F5F5F5
310
F5F5F5F5F5F5F5F5F5F5F5F5F5F5F5F5F5F5F5F50000000000000000000000000000000000000000000000000000000000000000000000000000000000000000000000000000000000000000000000000000000000000000000000000000000000000000000000000000000000000000000000000000000000000000000000
310
00000000000000000000000000000000000000000000000000000000000000000000000000000000000000000000000000000000000000000000000000000000000000000000000000000000000000000000000000000000000000000000000000000000000000000000000000000000000000000000000000000000000000
310
00000000000000000000000000000000000000000000000000000000000000000000000000000000000000000000000000000000000000000000000000000000000000000000000000000000000000000000000000000000000000000000000000000000000000000000000000000000000000000000000000000000000000
310
00000000000000000000000000000000000000000000000000000000000000000000000000000000000000000000000000000000000000000000000000000000000000000000000000000000000000000000000000000000000000000000000000000000000000000000000000000000000000000000000000000000000000
310
00000000000000000000000000000000000000000000000000000000000000000000000000000000000000000000000000000000000000000000000000000000000000000000000000000000000000000000000000000000000000000000000000000000000000000000000000000000000000000000000000000000000000
310
00000000000000000000000000000000000000000000000000000000000000000000000000000000000000000000000000000000000000000000000000000000000000000000000000000000000000000000000000000000000000000000000000000000000000000000000000000000000000000000000000000000000000
310
00000000000000000000000000000000000000000000000000000000000000000000000000000000000000000000000000000000000000000000000000000000000000000000000000000000000000000000000000000000000000000000000000000000000000000000000000000000000000000000000000000000000000
310
00000000000000000000000000000000000000000000000000000000000000000000000000000000000000000000000000000000000000000000000000000000000000000000000000000000000000000000000000000000000000000000000000000000000000000000000000000000000000000000000000000000000000
310
00000000000000000000000000000000000000000000000000000000000000000000000000000000000000000000000000000000000000000000000000000000000000000000000000000000000000000000000000000000000000000000000000000000000000000000000000000000000000000000000000000000000000
310
00000000000000000000000000000000000000000000000000000000000000000000000000000000000000000000000000000000000000000000000000000000000000000000000000000000000000000000000000000000000000000000000000000000000000000000000000000000000000000000000000000000000000
310
00000000000000000000000000000000000000000000000000000000000000000000000000000000000000000000000000000000000000000000000000000000000000000000000000000000000000000000000000000000000000000000000000000000000000000000000000000000000000000000000000000000000000
310
00000000000000000000000000000000000000000000000000000000000000000000000000000000000000000000000000000000000000000000000000000000000000000000000000000000000000000000000000000000000000000000000000000000000000000000000000000000000000000000000000000000000000
310
00000000000000000000000000000000000000000000000000000000000000000000000000000000000000000000000000000000000000000000000000000000000000000000000000000000000000000000000000000000000000000000000000000000000000000000000000000000000000000000000000000000000000
310
00000000000000000000000000000000000000000000000000000000000000000000000000000000000000000000000000000000000000000000000000000000000000000000000000000000000000000000000000000000000000000000000000000000000000000000000000000000000000000000000000000000000000
310
00000000000000000000000000000000000000000000000000000000000000000000000000000000000000000000000000000000000000000000000000000000000000000000000000000000000000000000000000000000000000000000000000000000000000000000000000000000000000000000000000000000000000
310
00000000000000000000000000000000000000000000000000000000000000000000000000000000000000000000000000000000000000000000000000000000000000000000000000000000000000000000000000000000000000000000000000000000000000000000000000000000000000000000000000000000000000
310
00000000000000000000000000000000000000000000000000000000000000000000000000000000000000000000000000000000000000000000000000000000000000000000000000000000000000000000000000000000000000000000000000000000000000000000000000000000000000000000000000000000000000
310
00000000000000000000000000000000000000000000000000000000000000000000000000000000000000000000000000000000000000000000000000000000000000000000000000000000000000000000000000000000000000000000000000000000000000000000000000000000000000000000000000000000000000
310
00000000000000000000000000000000000000000000000000000000000000000000000000000000000000000000000000000000000000000000000000000000000000000000000000000000000000000000000000000000000000000000000000000000000000000000000000000000000000000000000000000000000000
310
00000000000000000000000000000000000000000000000000000000000000000000000000000000000000000000000000000000000000000000000000000000000000000000000000000000000000000000000000000000000000000000000000000000000000000000000000000000000000000000000000000000000000
310
00000000000000000000000000000000000000000000000000000000000000000000000000000000000000000000000000000000000000000000000000000000000000000000000000000000000000000000000000000000000000000000000000000000000000000000000000000000000000000000000000000000000000
310
00000000000000000000000000000000000000000000000000000000000000000000000000000000000000000000000000000000000000000000000000000000000000000000000000000000000000000000000000000000000000000000000000000000000000000000000000000000000000000000000000000000000000
310
00000000000000000000000000000000000000000000000000000000000000000000000000000000000000000000000000000000000000000000000000000000000000000000000000000000000000000000000000000000000000000000000000000000000000000000000000000000000000000000000000000000000000
310
00000000000000000000000000000000000000000000000000000000000000000000000000000000000000000000000000000000000000000000000000000000000000000000000000000000000000000000000000000000000000000000000000000000000000000000000000000000000000000000000000000000000000
310
00000000000000000000000000000000000000000000000000000000000000000000000000000000000000000000000000000000000000000000000000000000000000000000000000000000000000000000000000000000000000000000000000000000000000000000000000000000000000000000000000000000000000
310
00000000000000000000000000000000000000000000000000000000000000000000000000000000000000000000000000000000000000000000000000000000000000000000000000000000000000000000000000000000000000000000000000000000000000000000000000000000000000000000000000000000000000
310
00000000000000000000000000000000000000000000000000000000000000000000000000000000000000000000000000000000000000000000000000000000000000000000000000000000000000000000000000000000000000000000000000000000000000000000000000000000000000000000000000000000000000
310
00000000000000000000000000000000000000000000000000000000000000000000000000000000000000000000000000000000000000000000000000000000000000000000000000000000000000000000000000000000000000000000000000000000000000000000000000000000000000000000000000000000000000
310
00000000000000000000000000000000000000000000000000000000000000000000000000000000000000000000000000000000000000000000000000000000000000000000000000000000000000000000000000000000000000000000000000000000000000000000000000000000000000000000000000000000000000
310
000000000000000000000000000000000000000000000000000000000000000000000000000000000000000000000000000000000000F5F5F5F5F500F5F5F5F5F5F5F5F5F5F5000000000000000000000000000000000000000000000000000000000000000000000000000000000000000000000000000000000000000000
310
00000000000000000000000000000000000000000000000000000000000000000000000000000000000000000000000000000000000000000000000000000000000000000000000000000000000000000000000000000000000000000000000000000000000000000000000000000000000000000000000000000000000000
310
0000000000000000000000000000000000000000000000000000000000000000000000000000000000000000000000000000000000000000F5F5F5F5F500F5F5F5F5F5F5F5F5F500000000F5000000F5F5F5F5F5F5F5F5F5000000000000000000000000000000000000000000000000000000000000000000000000000000
310
00000000000000000000000000000000000000000000000000000000000000000000000000000000000000000000000000000000000000000000000000000000000000000000000000000000000000000000000000000000000000000000000000000000000000000000000000000000000000000000000000000000000000
310
00000000000000000000000000000000000000000000000000000000000000000000000000000000000000000000000000000000000000000000F5F5F5F5F500F5F5F5F5F5F5F5F5F500000000F5000000F500F5F5F5F5F5F5F500000000000000000000000000000000000000000000000000000000000000000000000000
310
00000000000000000000000000000000000000000000000000000000000000000000000000000000000000000000000000000000000000000000000000000000000000000000000000000000000000000000000000000000000000000000000000000000000000000000000000000000000000000000000000000000000000
310
00000000000000000000000000000000000000000000000000000000000000000000000000000000000000000000000000000000000000000000000000F5F50000F5F5F5F5F500F5F5F5F500000000F5000000F5F5F5F5F5F5F5F5F50000000000000000000000000000000000000000000000000000000000000000000000
310
00000000000000000000000000000000000000000000000000000000000000000000000000000000000000000000000000000000000000000000000000000000000000000000000000000000000000000000000000000000000000000000000000000000000000000000000000000000000000000000000000000000000000
310
0000000000000000000000000000000000000000000000000000000000000000000000000000000000000000000000000000000000000000000000000000F5F5F5F5F5F5F5F5F5F5F5F5F5F5F5F50000F5F5000000F5F5F5F5F5F5F5F5F5000000000000000000000000000000000000000000000000000000000000000000
310
00000000000000000000000000000000000000000000000000000000000000000000000000000000000000000000000000000000000000000000000000000000000000000000000000000000000000000000000000000000000000000000000000000000000000000000000000000000000000000000000000000000000000
310
00000000000000000000000000000000000000000000000000000000000000000000000000000000000000000000000000000000000000000000000000000000F5F5F5F5F5F5F5F5F5F5F5F5F5F5F500000000F5000000F5F5F500000000000000000000000000000000000000000000000000000000000000000000000000
310
00000000000000000000000000000000000000000000000000000000000000000000000000000000000000000000000000000000000000000000000000000000000000000000000000000000000000000000000000000000000000000000000000000000000000000000000000000000000000000000000000000000000000
310
0000000000000000000000000000000000000000000000000000000000000000000000000000000000000000000000000000000000000000000000000000000000000000F5000000F5F5F50000F5F5F5F5F5000000F500000000F5F50000000000000000000000000000000000000000000000000000000000000000000000
310
00000000000000000000000000000000000000000000000000000000000000000000000000000000000000000000000000000000000000000000000000000000000000000000000000000000000000000000000000000000000000000000000000000000000000000000000000000000000000000000000000000000000000
310
00000000000000000000000000000000000000000000000000000000000000000000000000000000000000000000000000000000000000000000000000000000000000000000F50000000000000000000000000000000000000000000000000000000000000000000000000000000000000000000000000000000000000000
310
00000000000000000000000000000000000000000000000000000000000000000000000000000000000000000000000000000000000000000000000000000000000000000000000000000000000000000000000000000000000000000000000000000000000000000000000000000000000000000000000000000000000000
310
00000000000000000000000000000000000000000000000000000000000000000000000000000000000000000000000000000000000000000000000000000000000000000000000000000000000000000000000000000000000000000000000000000000000000000000000000000000000000000000000000000000000000
310
00000000000000000000000000000000000000000000000000000000000000000000000000000000000000000000000000000000000000000000000000000000000000000000000000000000000000000000000000000000000000000000000000000000000000000000000000000000000000000000000000000000000000
310
00000000000000000000000000000000000000000000000000000000000000000000000000000000000000000000000000000000000000000000000000000000000000000000000000000000000000000000000000000000000000000000000000000000000000000000000000000000000000000000000000000000000000
310
00000000000000000000000000000000000000000000000000000000000000000000000000000000000000000000000000000000000000000000000000000000000000000000000000000000000000000000000000000000000000000000000000000000000000000000000000000000000000000000000000000000000000
310
00000000000000000000000000000000000000000000000000000000000000000000000000000000000000000000000000000000000000000000000000000000000000000000000000000000000000000000000000000000000000000000000000000000000000000000000000000000000000000000000000000000000000
310
00000000000000000000000000000000000000000000000000000000000000000000000000000000000000000000000000000000000000000000000000000000000000000000000000000000000000000000000000000000000000000000000000000000000000000000000000000000000000000000000000000000000000
310
00000000000000000000000000000000000000000000000000000000000000000000000000000000000000000000000000000000000000000000000000000000000000000000000000000000000000000000000000000000000000000000000000000000000000000000000000000000000000000000000000000000000000
310
00000000000000000000000000000000000000000000000000000000000000000000000000000000000000000000000000000000000000000000000000000000000000000000000000000000000000000000000000000000000000000000000000000000000000000000000000000000000000000000000000000000000000
310
00000000000000000000000000000000000000000000000000000000000000000000000000000000000000000000000000000000000000000000000000000000000000000000000000000000000000000000000000000000000000000000000000000000000000000000000000000000000000000000000000000000000000
310
00000000000000000000000000000000000000000000000000000000000000000000000000000000000000000000000000000000000000000000000000000000000000000000000000000000000000000000000000000000000000000000000000000000000000000000000000000000000000000000000000000000000000
310
00000000000000000000000000000000000000000000000000000000000000000000000000000000000000000000000000000000000000000000000000000000000000000000000000000000000000000000000000000000000000000000000000000000000000000000000000000000000000000000000000000000000000
310
00000000000000000000000000000000000000000000000000000000000000000000000000000000000000000000000000000000000000000000000000000000000000000000000000000000000000000000000000000000000000000000000000000000000000000000000000000000000000000000000000000000000000
310
00000000000000000000000000000000000000000000000000000000000000000000000000000000000000000000000000000000000000000000000000000000000000000000000000000000000000000000000000000000000000000000000000000000000000000000000000000000000000000000000000000000000000
310
00000000000000000000000000000000000000000000000000000000000000000000000000000000000000000000000000000000000000000000000000000000000000000000000000000000000000000000000000000000000000000000000000000000000000000000000000000000000000000000000000000000000000
310
00000000000000000000000000000000000000000000000000000000000000000000000000000000000000000000000000000000000000000000000000000000000000000000000000000000000000000000000000000000000000000000000000000000000000000000000000000000000000000000000000000000000000
310
00000000000000000000000000000000000000000000000000000000000000000000000000000000000000000000000000000000000000000000000000000000000000000000000000000000000000000000000000000000000000000000000000000000000000000000000000000000000000000000000000000000000000
310
00000000000000000000000000000000000000000000000000000000000000000000000000000000000000000000000000000000000000000000000000000000000000000000000000000000000000000000000000000000000000000000000000000000000000000000000000000000000000000000000000000000000000
310
00000000000000000000000000000000000000000000000000000000000000000000000000000000000000000000000000000000000000000000000000000000000000000000000000000000000000000000000000000000000000000000000000000000000000000000000000000000000000000000000000000000000000
310
00000000000000000000000000000000000000000000000000000000000000000000000000000000000000000000000000000000000000000000000000000000000000000000000000000000000000000000000000000000000000000000000000000000000000000000000000000000000000000000000000000000000000
310
00000000000000000000000000000000000000000000000000000000000000000000000000000000000000000000000000000000000000000000000000000000000000000000000000000000000000000000000000000000000000000000000000000000000000000000000000000000000000000000000000000000000000
310
00000000000000000000000000000000000000000000000000000000000000000000000000000000000000000000000000000000000000000000000000000000000000000000000000000000000000000000000000000000000000000000000000000000000000000000000000000000000000000000000000000000000000
310
00000000000000000000000000000000000000000000000000000000000000000000000000000000000000000000000000000000000000000000000000000000000000000000000000000000000000000000000000000000000000000000000000000000000000000000000000000000000000000000000000000000000000
310
00000000000000000000000000000000000000000000000000000000000000000000000000000000000000000000000000000000000000000000000000000000000000000000000000000000000000000000000000000000000000000000000000000000000000000000000000000000000000000000000000000000000000
310
00000000000000000000000000000000000000000000000000000000000000000000000000000000000000000000000000000000000000000000000000000000000000000000000000000000000000000000000000000000000000000000000000000000000000000000000000000000000000000000000000000000000000
310
00000000000000000000000000000000000000000000000000000000000000000000000000000000000000000000000000000000000000000000000000000000000000000000000000000000000000000000000000000000000000000000000000000000000000000000000000000000000000000000000000000000000000
310
00000000000000000000000000000000000000000000000000000000000000000000000000000000000000000000000000000000000000000000000000000000000000000000000000000000000000000000000000000000000000000000000000000000000000000000000000000000000000000000000000000000000000
310
00000000000000000000000000000000000000000000000000000000000000000000000000000000000000000000000000000000000000000000000000000000000000000000000000000000000000000000000000000000000000000000000000000000000000000000000000000000000000000000000000000000000000
310
00000000000000000000000000000000000000000000000000000000000000000000000000000000000000000000000000000000000000000000000000000000000000000000000000000000000000000000000000000000000000000000000000000000000000000000000000000000000000000000000000000000000000
310
00000000000000000000000000000000000000000000000000000000000000000000000000000000000000000000000000000000000000000000000000000000000000000000000000000000000000000000000000000000000000000000000000000000000000000000000000000000000000000000000000000000000000
310
00000000000000000000000000000000000000000000000000000000000000000000000000000000000000000000000000000000000000000000000000000000000000000000000000000000000000000000000000000000000000000000000000000000000000000000000000000000000000000000000000000000000000
310
00000000000000000000000000000000000000000000000000000000000000000000000000000000000000000000000000000000000000000000000000000000000000000000000000000000000000000000000000000000000000000000000000000000000000000000000000000000000000000000000000000000000000
310
00000000000000000000000000000000000000000000000000000000000000000000000000000000000000000000000000000000000000000000000000000000000000000000000000000000000000000000000000000000000000000000000000000000000000000000000000000000000000000000000000000000000000
310
00000000000000000000000000000000000000000000000000000000000000000000000000000000000000000000000000000000000000000000000000000000000000000000000000000000000000000000000000000000000000000000000000000000000000000000000000000000000000000000000000000000000000
310
00000000000000000000000000000000000000000000000000000000000000000000000000000000000000000000000000000000000000000000000000000000000000000000000000000000000000000000000000000000000000000000000000000000000000000000000000000000000000000000000000000000000000
310
00000000000000000000000000000000000000000000000000000000000000000000000000000000000000000000000000000000000000000000000000000000000000000000000000000000000000000000000000000000000000000000000000000000000000000000000000000000000000000000000000000000000000
310
00000000000000000000000000000000000000000000000000000000000000000000000000000000000000000000000000000000000000000000000000000000000000000000000000000000000000000000000000000000000000000000000000000000000000000000000000000000000000000000000000000000000000
310
00000000000000000000000000000000000000000000000000000000000000000000000000000000000000000000000000000000000000000000000000000000000000000000000000000000000000000000000000000000000000000000000000000000000000000000000000000000000000000000000000000000000000
310
00000000000000000000000000000000000000000000000000000000000000000000000000000000000000000000000000000000000000000000000000000000000000000000000000000000000000000000000000000000000000000000000000000000000000000000000000000000000000000000000000000000000000
310
00000000000000000000000000000000000000000000000000000000000000000000
  0
XRECORD
  5
8D15
102
{ACAD_REACTORS
330
8D14
102
}
330
8D14
100
AcDbXrecord
280
     1
102
MATERIAL
148
0.0
149
0.0
149
0.0
 93
        0
 94
      127
282
     0
 72
     0
 77
     0
171
     0
175
     0
179
     0
273
     0
  0
XRECORD
  5
8D17
102
{ACAD_REACTORS
330
8D16
102
}
330
8D16
100
AcDbXrecord
280
     1
102
MATERIAL
148
0.0
149
0.0
149
0.0
 93
        0
 94
      127
282
     0
 72
     0
 77
     0
171
     0
175
     0
179
     0
273
     0
  0
XRECORD
  5
8D19
102
{ACAD_REACTORS
330
8D18
102
}
330
8D18
100
AcDbXrecord
280
     1
102
MATERIAL
148
0.0
149
0.0
149
0.0
 93
        0
 94
      127
282
     0
 72
     0
 77
     0
171
     0
175
     0
179
     0
273
     0
  0
XRECORD
  5
8D1B
102
{ACAD_REACTORS
330
8D1A
102
}
330
8D1A
100
AcDbXrecord
280
     1
102
ACAD_ROUNDTRIP_2012_MLEADER_STYLE
298
     1
  0
XRECORD
  5
8D1C
102
{ACAD_REACTORS
330
8D09
102
}
330
8D09
100
AcDbXrecord
280
     1
102
DISPLAYNAME
  1
Imperial24
102
FLAGS
 90
        0
  0
XRECORD
  5
8D1D
102
{ACAD_REACTORS
330
8D01
102
}
330
8D01
100
AcDbXrecord
280
     1
102
DISPLAYNAME
  1
Metric50
102
FLAGS
 90
        0
  0
CELLSTYLEMAP
  5
8D20
102
{ACAD_REACTORS
330
8D1E
102
}
330
8D1E
100
AcDbCellStyleMap
 90
        3
300
CELLSTYLE
  1
TABLEFORMAT_BEGIN
 90
        5
170
     1
 91
        0
 92
    32768
 62
   257
 93
        1
300
CONTENTFORMAT
  1
CONTENTFORMAT_BEGIN
 90
        0
 91
        0
 92
        4
 93
        0
300

 40
0.0
140
1.0
 94
        1
 62
     0
340
11
144
0.18
309
CONTENTFORMAT_END
171
     1
301
MARGIN
  1
CELLMARGIN_BEGIN
 40
0.06
 40
0.06
 40
0.06
 40
0.06
 40
0.18
 40
0.18
309
CELLMARGIN_END
 94
        6
 95
        1
302
GRIDFORMAT
  1
GRIDFORMAT_BEGIN
 90
        0
 91
        1
 62
     0
 92
       -2
340
0
 93
        0
 40
0.045
309
GRIDFORMAT_END
 95
        2
302
GRIDFORMAT
  1
GRIDFORMAT_BEGIN
 90
        0
 91
        1
 62
     0
 92
       -2
340
0
 93
        0
 40
0.045
309
GRIDFORMAT_END
 95
        4
302
GRIDFORMAT
  1
GRIDFORMAT_BEGIN
 90
        0
 91
        1
 62
     0
 92
       -2
340
0
 93
        0
 40
0.045
309
GRIDFORMAT_END
 95
        8
302
GRIDFORMAT
  1
GRIDFORMAT_BEGIN
 90
        0
 91
        1
 62
     0
 92
       -2
340
0
 93
        0
 40
0.045
309
GRIDFORMAT_END
 95
       16
302
GRIDFORMAT
  1
GRIDFORMAT_BEGIN
 90
        0
 91
        1
 62
     0
 92
       -2
340
0
 93
        0
 40
0.045
309
GRIDFORMAT_END
 95
       32
302
GRIDFORMAT
  1
GRIDFORMAT_BEGIN
 90
        0
 91
        1
 62
     0
 92
       -2
340
0
 93
        0
 40
0.045
309
GRIDFORMAT_END
309
TABLEFORMAT_END
  1
CELLSTYLE_BEGIN
 90
        1
 91
        1
300
_TITLE
309
CELLSTYLE_END
300
CELLSTYLE
  1
TABLEFORMAT_BEGIN
 90
        5
170
     1
 91
        0
 92
        0
 62
   257
 93
        1
300
CONTENTFORMAT
  1
CONTENTFORMAT_BEGIN
 90
        0
 91
        0
 92
        4
 93
        0
300

 40
0.0
140
1.0
 94
        1
 62
     0
340
11
144
0.18
309
CONTENTFORMAT_END
171
     1
301
MARGIN
  1
CELLMARGIN_BEGIN
 40
0.06
 40
0.06
 40
0.06
 40
0.06
 40
0.18
 40
0.18
309
CELLMARGIN_END
 94
        6
 95
        1
302
GRIDFORMAT
  1
GRIDFORMAT_BEGIN
 90
        0
 91
        1
 62
     0
 92
       -2
340
0
 93
        0
 40
0.045
309
GRIDFORMAT_END
 95
        2
302
GRIDFORMAT
  1
GRIDFORMAT_BEGIN
 90
        0
 91
        1
 62
     0
 92
       -2
340
0
 93
        0
 40
0.045
309
GRIDFORMAT_END
 95
        4
302
GRIDFORMAT
  1
GRIDFORMAT_BEGIN
 90
        0
 91
        1
 62
     0
 92
       -2
340
0
 93
        0
 40
0.045
309
GRIDFORMAT_END
 95
        8
302
GRIDFORMAT
  1
GRIDFORMAT_BEGIN
 90
        0
 91
        1
 62
     0
 92
       -2
340
0
 93
        0
 40
0.045
309
GRIDFORMAT_END
 95
       16
302
GRIDFORMAT
  1
GRIDFORMAT_BEGIN
 90
        0
 91
        1
 62
     0
 92
       -2
340
0
 93
        0
 40
0.045
309
GRIDFORMAT_END
 95
       32
302
GRIDFORMAT
  1
GRIDFORMAT_BEGIN
 90
        0
 91
        1
 62
     0
 92
       -2
340
0
 93
        0
 40
0.045
309
GRIDFORMAT_END
309
TABLEFORMAT_END
  1
CELLSTYLE_BEGIN
 90
        2
 91
        1
300
_HEADER
309
CELLSTYLE_END
300
CELLSTYLE
  1
TABLEFORMAT_BEGIN
 90
        5
170
     1
 91
        0
 92
        0
 62
   257
 93
        1
300
CONTENTFORMAT
  1
CONTENTFORMAT_BEGIN
 90
        0
 91
        0
 92
        4
 93
        0
300

 40
0.0
140
1.0
 94
        1
 62
     0
340
11
144
0.18
309
CONTENTFORMAT_END
171
     1
301
MARGIN
  1
CELLMARGIN_BEGIN
 40
0.06
 40
0.06
 40
0.06
 40
0.06
 40
0.18
 40
0.18
309
CELLMARGIN_END
 94
        6
 95
        1
302
GRIDFORMAT
  1
GRIDFORMAT_BEGIN
 90
        0
 91
        1
 62
     0
 92
       -2
340
0
 93
        0
 40
0.045
309
GRIDFORMAT_END
 95
        2
302
GRIDFORMAT
  1
GRIDFORMAT_BEGIN
 90
        0
 91
        1
 62
     0
 92
       -2
340
0
 93
        0
 40
0.045
309
GRIDFORMAT_END
 95
        4
302
GRIDFORMAT
  1
GRIDFORMAT_BEGIN
 90
        0
 91
        1
 62
     0
 92
       -2
340
0
 93
        0
 40
0.045
309
GRIDFORMAT_END
 95
        8
302
GRIDFORMAT
  1
GRIDFORMAT_BEGIN
 90
        0
 91
        1
 62
     0
 92
       -2
340
0
 93
        0
 40
0.045
309
GRIDFORMAT_END
 95
       16
302
GRIDFORMAT
  1
GRIDFORMAT_BEGIN
 90
        0
 91
        1
 62
     0
 92
       -2
340
0
 93
        0
 40
0.045
309
GRIDFORMAT_END
 95
       32
302
GRIDFORMAT
  1
GRIDFORMAT_BEGIN
 90
        0
 91
        1
 62
     0
 92
       -2
340
0
 93
        0
 40
0.045
309
GRIDFORMAT_END
309
TABLEFORMAT_END
  1
CELLSTYLE_BEGIN
 90
        3
 91
        2
300
_DATA
309
CELLSTYLE_END
  0
XRECORD
  5
8D1F
102
{ACAD_REACTORS
330
8D1E
102
}
330
8D1E
100
AcDbXrecord
280
     1
102
ACAD_ROUNDTRIP_PRE2007_TABLESTYLE
 90
        4
 91
        0
  1

 92
        4
 93
        0
  2

 94
        4
 95
        0
  3

  0
CELLSTYLEMAP
  5
8D23
102
{ACAD_REACTORS
330
8D21
102
}
330
8D21
100
AcDbCellStyleMap
 90
        3
300
CELLSTYLE
  1
TABLEFORMAT_BEGIN
 90
        5
170
     1
 91
        0
 92
    32768
 62
   257
 93
        1
300
CONTENTFORMAT
  1
CONTENTFORMAT_BEGIN
 90
        0
 91
        0
 92
        4
 93
        0
300

 40
0.0
140
1.0
 94
        1
 62
     0
340
11
144
0.18
309
CONTENTFORMAT_END
171
     1
301
MARGIN
  1
CELLMARGIN_BEGIN
 40
0.06
 40
0.06
 40
0.06
 40
0.06
 40
0.18
 40
0.18
309
CELLMARGIN_END
 94
        6
 95
        1
302
GRIDFORMAT
  1
GRIDFORMAT_BEGIN
 90
        0
 91
        1
 62
     0
 92
       -2
340
0
 93
        0
 40
0.045
309
GRIDFORMAT_END
 95
        2
302
GRIDFORMAT
  1
GRIDFORMAT_BEGIN
 90
        0
 91
        1
 62
     0
 92
       -2
340
0
 93
        0
 40
0.045
309
GRIDFORMAT_END
 95
        4
302
GRIDFORMAT
  1
GRIDFORMAT_BEGIN
 90
        0
 91
        1
 62
     0
 92
       -2
340
0
 93
        0
 40
0.045
309
GRIDFORMAT_END
 95
        8
302
GRIDFORMAT
  1
GRIDFORMAT_BEGIN
 90
        0
 91
        1
 62
     0
 92
       -2
340
0
 93
        0
 40
0.045
309
GRIDFORMAT_END
 95
       16
302
GRIDFORMAT
  1
GRIDFORMAT_BEGIN
 90
        0
 91
        1
 62
     0
 92
       -2
340
0
 93
        0
 40
0.045
309
GRIDFORMAT_END
 95
       32
302
GRIDFORMAT
  1
GRIDFORMAT_BEGIN
 90
        0
 91
        1
 62
     0
 92
       -2
340
0
 93
        0
 40
0.045
309
GRIDFORMAT_END
309
TABLEFORMAT_END
  1
CELLSTYLE_BEGIN
 90
        1
 91
        1
300
_TITLE
309
CELLSTYLE_END
300
CELLSTYLE
  1
TABLEFORMAT_BEGIN
 90
        5
170
     1
 91
        0
 92
        0
 62
   257
 93
        1
300
CONTENTFORMAT
  1
CONTENTFORMAT_BEGIN
 90
        0
 91
        0
 92
        4
 93
        0
300

 40
0.0
140
1.0
 94
        1
 62
     0
340
11
144
0.18
309
CONTENTFORMAT_END
171
     1
301
MARGIN
  1
CELLMARGIN_BEGIN
 40
0.06
 40
0.06
 40
0.06
 40
0.06
 40
0.18
 40
0.18
309
CELLMARGIN_END
 94
        6
 95
        1
302
GRIDFORMAT
  1
GRIDFORMAT_BEGIN
 90
        0
 91
        1
 62
     0
 92
       -2
340
0
 93
        0
 40
0.045
309
GRIDFORMAT_END
 95
        2
302
GRIDFORMAT
  1
GRIDFORMAT_BEGIN
 90
        0
 91
        1
 62
     0
 92
       -2
340
0
 93
        0
 40
0.045
309
GRIDFORMAT_END
 95
        4
302
GRIDFORMAT
  1
GRIDFORMAT_BEGIN
 90
        0
 91
        1
 62
     0
 92
       -2
340
0
 93
        0
 40
0.045
309
GRIDFORMAT_END
 95
        8
302
GRIDFORMAT
  1
GRIDFORMAT_BEGIN
 90
        0
 91
        1
 62
     0
 92
       -2
340
0
 93
        0
 40
0.045
309
GRIDFORMAT_END
 95
       16
302
GRIDFORMAT
  1
GRIDFORMAT_BEGIN
 90
        0
 91
        1
 62
     0
 92
       -2
340
0
 93
        0
 40
0.045
309
GRIDFORMAT_END
 95
       32
302
GRIDFORMAT
  1
GRIDFORMAT_BEGIN
 90
        0
 91
        1
 62
     0
 92
       -2
340
0
 93
        0
 40
0.045
309
GRIDFORMAT_END
309
TABLEFORMAT_END
  1
CELLSTYLE_BEGIN
 90
        2
 91
        1
300
_HEADER
309
CELLSTYLE_END
300
CELLSTYLE
  1
TABLEFORMAT_BEGIN
 90
        5
170
     1
 91
        0
 92
        0
 62
   257
 93
        1
300
CONTENTFORMAT
  1
CONTENTFORMAT_BEGIN
 90
        0
 91
        0
 92
        4
 93
        0
300

 40
0.0
140
1.0
 94
        1
 62
     0
340
11
144
0.18
309
CONTENTFORMAT_END
171
     1
301
MARGIN
  1
CELLMARGIN_BEGIN
 40
0.06
 40
0.06
 40
0.06
 40
0.06
 40
0.18
 40
0.18
309
CELLMARGIN_END
 94
        6
 95
        1
302
GRIDFORMAT
  1
GRIDFORMAT_BEGIN
 90
        0
 91
        1
 62
     0
 92
       -2
340
0
 93
        0
 40
0.045
309
GRIDFORMAT_END
 95
        2
302
GRIDFORMAT
  1
GRIDFORMAT_BEGIN
 90
        0
 91
        1
 62
     0
 92
       -2
340
0
 93
        0
 40
0.045
309
GRIDFORMAT_END
 95
        4
302
GRIDFORMAT
  1
GRIDFORMAT_BEGIN
 90
        0
 91
        1
 62
     0
 92
       -2
340
0
 93
        0
 40
0.045
309
GRIDFORMAT_END
 95
        8
302
GRIDFORMAT
  1
GRIDFORMAT_BEGIN
 90
        0
 91
        1
 62
     0
 92
       -2
340
0
 93
        0
 40
0.045
309
GRIDFORMAT_END
 95
       16
302
GRIDFORMAT
  1
GRIDFORMAT_BEGIN
 90
        0
 91
        1
 62
     0
 92
       -2
340
0
 93
        0
 40
0.045
309
GRIDFORMAT_END
 95
       32
302
GRIDFORMAT
  1
GRIDFORMAT_BEGIN
 90
        0
 91
        1
 62
     0
 92
       -2
340
0
 93
        0
 40
0.045
309
GRIDFORMAT_END
309
TABLEFORMAT_END
  1
CELLSTYLE_BEGIN
 90
        3
 91
        2
300
_DATA
309
CELLSTYLE_END
  0
XRECORD
  5
8D22
102
{ACAD_REACTORS
330
8D21
102
}
330
8D21
100
AcDbXrecord
280
     1
102
ACAD_ROUNDTRIP_PRE2007_TABLESTYLE
 90
        4
 91
        0
  1

 92
        4
 93
        0
  2

 94
        4
 95
        0
  3

  0
XRECORD
  5
8D25
102
{ACAD_REACTORS
330
8D24
102
}
330
8D24
100
AcDbXrecord
280
     1
102
RTVSPropertyOp0
 70
     1
102
RTVSPropertyOp1
 70
     1
102
RTVSPropertyOp2
 70
     1
102
RTVSPropertyOp3
 70
     1
102
RTVSPropertyOp4
 70
     1
102
RTVSPropertyOp5
 70
     1
102
RTVSPropertyOp6
 70
     1
102
RTVSPropertyOp7
 70
     1
102
RTVSPropertyOp8
 70
     1
102
RTVSPropertyOp9
 70
     1
102
RTVSPropertyOp10
 70
     1
102
RTVSPropertyOp11
 70
     1
102
RTVSPropertyOp12
 70
     1
102
RTVSPropertyOp13
 70
     1
102
RTVSPropertyOp14
 70
     1
102
RTVSPropertyOp15
 70
     1
102
RTVSPropertyOp16
 70
     1
102
RTVSPropertyOp17
 70
     1
102
RTVSPropertyOp18
 70
     1
102
RTVSPropertyOp19
 70
     1
102
RTVSPropertyOp20
 70
     1
102
RTVSPropertyOp21
 70
     1
102
RTVSPropertyOp22
 70
     1
102
RTVSPropertyOp23
 70
     1
102
RTVSPropertyOp24
 70
     1
102
RTVSPropertyOp25
 70
     1
102
RTVSPropertyOp26
 70
     1
102
RTVSPropertyOp27
 70
     1
102
RTVSPropertyOp28
 70
     1
102
RTVSPropertyOp29
 70
     1
102
RTVSPropertyOp30
 70
     1
102
RTVSPropertyOp31
 70
     1
102
RTVSPropertyOp32
 70
     1
102
RTVSPropertyOp33
 70
     1
102
RTVSPropertyOp34
 70
     1
102
RTVSPropertyOp35
 70
     1
102
RTVSPropertyOp36
 70
     1
102
RTVSPropertyOp37
 70
     1
102
RTVSPropertyOp38
 70
     1
102
RTVSPropertyOp39
 70
     1
102
RTVSPropertyOp40
 70
     1
102
RTVSPropertyOp41
 70
     1
102
RTVSPropertyOp42
 70
     1
102
RTVSPropertyOp43
 70
     1
102
RTVSPropertyOp44
 70
     1
102
RTVSPropertyOp45
 70
     1
102
RTVSPropertyOp46
 70
     1
102
RTVSPropertyOp47
 70
     1
102
RTVSPropertyOp48
 70
     1
102
RTVSPropertyOp49
 70
     1
102
RTVSPropertyOp50
 70
     1
102
RTVSPropertyOp51
 70
     0
102
RTVSPropertyOp52
 70
     0
102
RTVSPropertyOp53
 70
     1
102
RTVSPropertyOp54
 70
     1
102
RTVSPropertyOp55
 70
     1
102
RTVSPropertyOp56
 70
     1
102
RTVSPropertyOp57
 70
     1
102
RTVSPost2010Prop28
280
     1
102
RTVSPost2010PropOp28
 70
     1
102
RTVSPost2010Prop29
280
     1
102
RTVSPost2010PropOp29
 70
     1
102
RTVSPost2010Prop30
280
     0
102
RTVSPost2010PropOp30
 70
     1
102
RTVSPost2010Prop31
280
     0
102
RTVSPost2010PropOp31
 70
     1
102
RTVSPost2010Prop32
280
     0
102
RTVSPost2010PropOp32
 70
     1
102
RTVSPost2010Prop33
280
     0
102
RTVSPost2010PropOp33
 70
     1
102
RTVSPost2010Prop34
280
     0
102
RTVSPost2010PropOp34
 70
     1
102
RTVSPost2010Prop35
280
     0
102
RTVSPost2010PropOp35
 70
     1
102
RTVSPost2010Prop36
280
     0
102
RTVSPost2010PropOp36
 70
     1
102
RTVSPost2010Prop37
 90
       50
102
RTVSPost2010PropOp37
 70
     1
102
RTVSPost2010Prop38
140
0.0
102
RTVSPost2010PropOp38
 70
     1
102
RTVSPost2010Prop39
140
1.0
102
RTVSPost2010PropOp39
 70
     1
102
RTVSPost2010Prop40
 90
        0
102
RTVSPost2010PropOp40
 70
     1
102
RTVSPost2010Prop41ColorIndex
 90
       18
102
RTVSPost2010Prop41ColorRGB
 90
        0
102
RTVSPost2010PropOp41
 70
     1
102
RTVSPost2010Prop42
 90
       50
102
RTVSPost2010PropOp42
 70
     1
102
RTVSPost2010Prop43
 90
        3
102
RTVSPost2010PropOp43
 70
     1
102
RTVSPost2010Prop44ColorIndex
 90
        5
102
RTVSPost2010Prop44ColorRGB
 90
      255
102
RTVSPost2010PropOp44
 70
     1
102
RTVSPost2010Prop45
280
     0
102
RTVSPost2010PropOp45
 70
     1
102
RTVSPost2010Prop46
 90
       50
102
RTVSPost2010PropOp46
 70
     1
102
RTVSPost2010Prop47
 90
       50
102
RTVSPost2010PropOp47
 70
     1
102
RTVSPost2010Prop48
 90
       50
102
RTVSPost2010PropOp48
 70
     1
102
RTVSPost2010Prop49
280
     0
102
RTVSPost2010PropOp49
 70
     1
102
RTVSPost2010Prop50
 90
       50
102
RTVSPost2010PropOp50
 70
     1
102
RTVSPost2010Prop51ColorIndex
 90
      256
102
RTVSPost2010Prop51ColorRGB
 90
-16777216
102
RTVSPost2010PropOp51
 70
     0
102
RTVSPost2010Prop52
140
1.0
102
RTVSPost2010PropOp52
 70
     0
102
RTVSPost2010Prop53
 90
        2
102
RTVSPost2010PropOp53
 70
     1
102
RTVSPost2010Prop54
  1
strokes_ogs.tif
102
RTVSPost2010PropOp54
 70
     1
102
RTVSPost2010Prop55
280
     0
102
RTVSPost2010PropOp55
 70
     1
102
RTVSPost2010Prop56
140
1.0
102
RTVSPost2010PropOp56
 70
     1
102
RTVSPost2010Prop57
140
1.0
102
RTVSPost2010PropOp57
 70
     1
  0
XRECORD
  5
8D27
102
{ACAD_REACTORS
330
8D26
102
}
330
8D26
100
AcDbXrecord
280
     1
102
RTVSPropertyOp0
 70
     1
102
RTVSPropertyOp1
 70
     1
102
RTVSPropertyOp2
 70
     1
102
RTVSPropertyOp3
 70
     1
102
RTVSPropertyOp4
 70
     1
102
RTVSPropertyOp5
 70
     1
102
RTVSPropertyOp6
 70
     1
102
RTVSPropertyOp7
 70
     1
102
RTVSPropertyOp8
 70
     1
102
RTVSPropertyOp9
 70
     1
102
RTVSPropertyOp10
 70
     1
102
RTVSPropertyOp11
 70
     1
102
RTVSPropertyOp12
 70
     1
102
RTVSPropertyOp13
 70
     1
102
RTVSPropertyOp14
 70
     1
102
RTVSPropertyOp15
 70
     1
102
RTVSPropertyOp16
 70
     1
102
RTVSPropertyOp17
 70
     1
102
RTVSPropertyOp18
 70
     1
102
RTVSPropertyOp19
 70
     1
102
RTVSPropertyOp20
 70
     1
102
RTVSPropertyOp21
 70
     1
102
RTVSPropertyOp22
 70
     1
102
RTVSPropertyOp23
 70
     1
102
RTVSPropertyOp24
 70
     1
102
RTVSPropertyOp25
 70
     1
102
RTVSPropertyOp26
 70
     1
102
RTVSPropertyOp27
 70
     1
102
RTVSPropertyOp28
 70
     1
102
RTVSPropertyOp29
 70
     1
102
RTVSPropertyOp30
 70
     1
102
RTVSPropertyOp31
 70
     1
102
RTVSPropertyOp32
 70
     1
102
RTVSPropertyOp33
 70
     1
102
RTVSPropertyOp34
 70
     1
102
RTVSPropertyOp35
 70
     1
102
RTVSPropertyOp36
 70
     1
102
RTVSPropertyOp37
 70
     1
102
RTVSPropertyOp38
 70
     1
102
RTVSPropertyOp39
 70
     1
102
RTVSPropertyOp40
 70
     1
102
RTVSPropertyOp41
 70
     1
102
RTVSPropertyOp42
 70
     1
102
RTVSPropertyOp43
 70
     1
102
RTVSPropertyOp44
 70
     1
102
RTVSPropertyOp45
 70
     1
102
RTVSPropertyOp46
 70
     1
102
RTVSPropertyOp47
 70
     1
102
RTVSPropertyOp48
 70
     1
102
RTVSPropertyOp49
 70
     1
102
RTVSPropertyOp50
 70
     1
102
RTVSPropertyOp51
 70
     0
102
RTVSPropertyOp52
 70
     0
102
RTVSPropertyOp53
 70
     1
102
RTVSPropertyOp54
 70
     1
102
RTVSPropertyOp55
 70
     1
102
RTVSPropertyOp56
 70
     1
102
RTVSPropertyOp57
 70
     1
102
RTVSPost2010Prop28
280
     0
102
RTVSPost2010PropOp28
 70
     1
102
RTVSPost2010Prop29
280
     1
102
RTVSPost2010PropOp29
 70
     1
102
RTVSPost2010Prop30
280
     1
102
RTVSPost2010PropOp30
 70
     1
102
RTVSPost2010Prop31
280
     0
102
RTVSPost2010PropOp31
 70
     1
102
RTVSPost2010Prop32
280
     0
102
RTVSPost2010PropOp32
 70
     1
102
RTVSPost2010Prop33
280
     0
102
RTVSPost2010PropOp33
 70
     1
102
RTVSPost2010Prop34
280
     0
102
RTVSPost2010PropOp34
 70
     1
102
RTVSPost2010Prop35
280
     0
102
RTVSPost2010PropOp35
 70
     1
102
RTVSPost2010Prop36
280
     0
102
RTVSPost2010PropOp36
 70
     1
102
RTVSPost2010Prop37
 90
       50
102
RTVSPost2010PropOp37
 70
     1
102
RTVSPost2010Prop38
140
0.0
102
RTVSPost2010PropOp38
 70
     1
102
RTVSPost2010Prop39
140
1.0
102
RTVSPost2010PropOp39
 70
     1
102
RTVSPost2010Prop40
 90
        0
102
RTVSPost2010PropOp40
 70
     1
102
RTVSPost2010Prop41ColorIndex
 90
       18
102
RTVSPost2010Prop41ColorRGB
 90
        0
102
RTVSPost2010PropOp41
 70
     1
102
RTVSPost2010Prop42
 90
       50
102
RTVSPost2010PropOp42
 70
     1
102
RTVSPost2010Prop43
 90
        3
102
RTVSPost2010PropOp43
 70
     1
102
RTVSPost2010Prop44ColorIndex
 90
        5
102
RTVSPost2010Prop44ColorRGB
 90
      255
102
RTVSPost2010PropOp44
 70
     1
102
RTVSPost2010Prop45
280
     0
102
RTVSPost2010PropOp45
 70
     1
102
RTVSPost2010Prop46
 90
       50
102
RTVSPost2010PropOp46
 70
     1
102
RTVSPost2010Prop47
 90
       50
102
RTVSPost2010PropOp47
 70
     1
102
RTVSPost2010Prop48
 90
       50
102
RTVSPost2010PropOp48
 70
     1
102
RTVSPost2010Prop49
280
     0
102
RTVSPost2010PropOp49
 70
     1
102
RTVSPost2010Prop50
 90
       50
102
RTVSPost2010PropOp50
 70
     1
102
RTVSPost2010Prop51ColorIndex
 90
      256
102
RTVSPost2010Prop51ColorRGB
 90
-16777216
102
RTVSPost2010PropOp51
 70
     0
102
RTVSPost2010Prop52
140
1.0
102
RTVSPost2010PropOp52
 70
     0
102
RTVSPost2010Prop53
 90
        2
102
RTVSPost2010PropOp53
 70
     1
102
RTVSPost2010Prop54
  1
strokes_ogs.tif
102
RTVSPost2010PropOp54
 70
     1
102
RTVSPost2010Prop55
280
     0
102
RTVSPost2010PropOp55
 70
     1
102
RTVSPost2010Prop56
140
1.0
102
RTVSPost2010PropOp56
 70
     1
102
RTVSPost2010Prop57
140
1.0
102
RTVSPost2010PropOp57
 70
     1
  0
XRECORD
  5
8D29
102
{ACAD_REACTORS
330
8D28
102
}
330
8D28
100
AcDbXrecord
280
     1
102
RTVSPropertyOp0
 70
     1
102
RTVSPropertyOp1
 70
     1
102
RTVSPropertyOp2
 70
     1
102
RTVSPropertyOp3
 70
     1
102
RTVSPropertyOp4
 70
     1
102
RTVSPropertyOp5
 70
     1
102
RTVSPropertyOp6
 70
     1
102
RTVSPropertyOp7
 70
     1
102
RTVSPropertyOp8
 70
     1
102
RTVSPropertyOp9
 70
     1
102
RTVSPropertyOp10
 70
     1
102
RTVSPropertyOp11
 70
     1
102
RTVSPropertyOp12
 70
     1
102
RTVSPropertyOp13
 70
     1
102
RTVSPropertyOp14
 70
     1
102
RTVSPropertyOp15
 70
     1
102
RTVSPropertyOp16
 70
     1
102
RTVSPropertyOp17
 70
     1
102
RTVSPropertyOp18
 70
     1
102
RTVSPropertyOp19
 70
     1
102
RTVSPropertyOp20
 70
     1
102
RTVSPropertyOp21
 70
     1
102
RTVSPropertyOp22
 70
     1
102
RTVSPropertyOp23
 70
     1
102
RTVSPropertyOp24
 70
     1
102
RTVSPropertyOp25
 70
     1
102
RTVSPropertyOp26
 70
     1
102
RTVSPropertyOp27
 70
     1
102
RTVSPropertyOp28
 70
     1
102
RTVSPropertyOp29
 70
     1
102
RTVSPropertyOp30
 70
     1
102
RTVSPropertyOp31
 70
     1
102
RTVSPropertyOp32
 70
     1
102
RTVSPropertyOp33
 70
     1
102
RTVSPropertyOp34
 70
     1
102
RTVSPropertyOp35
 70
     1
102
RTVSPropertyOp36
 70
     1
102
RTVSPropertyOp37
 70
     1
102
RTVSPropertyOp38
 70
     1
102
RTVSPropertyOp39
 70
     1
102
RTVSPropertyOp40
 70
     1
102
RTVSPropertyOp41
 70
     1
102
RTVSPropertyOp42
 70
     1
102
RTVSPropertyOp43
 70
     1
102
RTVSPropertyOp44
 70
     1
102
RTVSPropertyOp45
 70
     1
102
RTVSPropertyOp46
 70
     1
102
RTVSPropertyOp47
 70
     1
102
RTVSPropertyOp48
 70
     1
102
RTVSPropertyOp49
 70
     1
102
RTVSPropertyOp50
 70
     1
102
RTVSPropertyOp51
 70
     0
102
RTVSPropertyOp52
 70
     0
102
RTVSPropertyOp53
 70
     1
102
RTVSPropertyOp54
 70
     1
102
RTVSPropertyOp55
 70
     1
102
RTVSPropertyOp56
 70
     1
102
RTVSPropertyOp57
 70
     1
102
RTVSPost2010Prop28
280
     0
102
RTVSPost2010PropOp28
 70
     1
102
RTVSPost2010Prop29
280
     1
102
RTVSPost2010PropOp29
 70
     1
102
RTVSPost2010Prop30
280
     1
102
RTVSPost2010PropOp30
 70
     1
102
RTVSPost2010Prop31
280
     0
102
RTVSPost2010PropOp31
 70
     1
102
RTVSPost2010Prop32
280
     0
102
RTVSPost2010PropOp32
 70
     1
102
RTVSPost2010Prop33
280
     0
102
RTVSPost2010PropOp33
 70
     1
102
RTVSPost2010Prop34
280
     0
102
RTVSPost2010PropOp34
 70
     1
102
RTVSPost2010Prop35
280
     0
102
RTVSPost2010PropOp35
 70
     1
102
RTVSPost2010Prop36
280
     0
102
RTVSPost2010PropOp36
 70
     1
102
RTVSPost2010Prop37
 90
       50
102
RTVSPost2010PropOp37
 70
     1
102
RTVSPost2010Prop38
140
0.0
102
RTVSPost2010PropOp38
 70
     1
102
RTVSPost2010Prop39
140
1.0
102
RTVSPost2010PropOp39
 70
     1
102
RTVSPost2010Prop40
 90
        0
102
RTVSPost2010PropOp40
 70
     1
102
RTVSPost2010Prop41ColorIndex
 90
       18
102
RTVSPost2010Prop41ColorRGB
 90
        0
102
RTVSPost2010PropOp41
 70
     1
102
RTVSPost2010Prop42
 90
       50
102
RTVSPost2010PropOp42
 70
     1
102
RTVSPost2010Prop43
 90
        3
102
RTVSPost2010PropOp43
 70
     1
102
RTVSPost2010Prop44ColorIndex
 90
        5
102
RTVSPost2010Prop44ColorRGB
 90
      255
102
RTVSPost2010PropOp44
 70
     1
102
RTVSPost2010Prop45
280
     0
102
RTVSPost2010PropOp45
 70
     1
102
RTVSPost2010Prop46
 90
       50
102
RTVSPost2010PropOp46
 70
     1
102
RTVSPost2010Prop47
 90
       50
102
RTVSPost2010PropOp47
 70
     1
102
RTVSPost2010Prop48
 90
       50
102
RTVSPost2010PropOp48
 70
     1
102
RTVSPost2010Prop49
280
     0
102
RTVSPost2010PropOp49
 70
     1
102
RTVSPost2010Prop50
 90
       50
102
RTVSPost2010PropOp50
 70
     1
102
RTVSPost2010Prop51ColorIndex
 90
      256
102
RTVSPost2010Prop51ColorRGB
 90
-16777216
102
RTVSPost2010PropOp51
 70
     0
102
RTVSPost2010Prop52
140
1.0
102
RTVSPost2010PropOp52
 70
     0
102
RTVSPost2010Prop53
 90
        2
102
RTVSPost2010PropOp53
 70
     1
102
RTVSPost2010Prop54
  1
strokes_ogs.tif
102
RTVSPost2010PropOp54
 70
     1
102
RTVSPost2010Prop55
280
     0
102
RTVSPost2010PropOp55
 70
     1
102
RTVSPost2010Prop56
140
1.0
102
RTVSPost2010PropOp56
 70
     1
102
RTVSPost2010Prop57
140
1.0
102
RTVSPost2010PropOp57
 70
     1
  0
XRECORD
  5
8D2B
102
{ACAD_REACTORS
330
8D2A
102
}
330
8D2A
100
AcDbXrecord
280
     1
102
RTVSPropertyOp0
 70
     1
102
RTVSPropertyOp1
 70
     1
102
RTVSPropertyOp2
 70
     1
102
RTVSPropertyOp3
 70
     1
102
RTVSPropertyOp4
 70
     1
102
RTVSPropertyOp5
 70
     1
102
RTVSPropertyOp6
 70
     1
102
RTVSPropertyOp7
 70
     1
102
RTVSPropertyOp8
 70
     1
102
RTVSPropertyOp9
 70
     1
102
RTVSPropertyOp10
 70
     1
102
RTVSPropertyOp11
 70
     1
102
RTVSPropertyOp12
 70
     1
102
RTVSPropertyOp13
 70
     1
102
RTVSPropertyOp14
 70
     1
102
RTVSPropertyOp15
 70
     1
102
RTVSPropertyOp16
 70
     1
102
RTVSPropertyOp17
 70
     1
102
RTVSPropertyOp18
 70
     1
102
RTVSPropertyOp19
 70
     1
102
RTVSPropertyOp20
 70
     1
102
RTVSPropertyOp21
 70
     1
102
RTVSPropertyOp22
 70
     1
102
RTVSPropertyOp23
 70
     1
102
RTVSPropertyOp24
 70
     1
102
RTVSPropertyOp25
 70
     1
102
RTVSPropertyOp26
 70
     1
102
RTVSPropertyOp27
 70
     1
102
RTVSPropertyOp28
 70
     1
102
RTVSPropertyOp29
 70
     1
102
RTVSPropertyOp30
 70
     1
102
RTVSPropertyOp31
 70
     1
102
RTVSPropertyOp32
 70
     1
102
RTVSPropertyOp33
 70
     1
102
RTVSPropertyOp34
 70
     1
102
RTVSPropertyOp35
 70
     1
102
RTVSPropertyOp36
 70
     1
102
RTVSPropertyOp37
 70
     1
102
RTVSPropertyOp38
 70
     1
102
RTVSPropertyOp39
 70
     1
102
RTVSPropertyOp40
 70
     1
102
RTVSPropertyOp41
 70
     1
102
RTVSPropertyOp42
 70
     1
102
RTVSPropertyOp43
 70
     1
102
RTVSPropertyOp44
 70
     1
102
RTVSPropertyOp45
 70
     1
102
RTVSPropertyOp46
 70
     1
102
RTVSPropertyOp47
 70
     1
102
RTVSPropertyOp48
 70
     1
102
RTVSPropertyOp49
 70
     1
102
RTVSPropertyOp50
 70
     1
102
RTVSPropertyOp51
 70
     0
102
RTVSPropertyOp52
 70
     0
102
RTVSPropertyOp53
 70
     1
102
RTVSPropertyOp54
 70
     1
102
RTVSPropertyOp55
 70
     1
102
RTVSPropertyOp56
 70
     1
102
RTVSPropertyOp57
 70
     1
102
RTVSPost2010Prop28
280
     0
102
RTVSPost2010PropOp28
 70
     1
102
RTVSPost2010Prop29
280
     1
102
RTVSPost2010PropOp29
 70
     1
102
RTVSPost2010Prop30
280
     1
102
RTVSPost2010PropOp30
 70
     1
102
RTVSPost2010Prop31
280
     0
102
RTVSPost2010PropOp31
 70
     1
102
RTVSPost2010Prop32
280
     0
102
RTVSPost2010PropOp32
 70
     1
102
RTVSPost2010Prop33
280
     0
102
RTVSPost2010PropOp33
 70
     1
102
RTVSPost2010Prop34
280
     0
102
RTVSPost2010PropOp34
 70
     1
102
RTVSPost2010Prop35
280
     0
102
RTVSPost2010PropOp35
 70
     1
102
RTVSPost2010Prop36
280
     0
102
RTVSPost2010PropOp36
 70
     1
102
RTVSPost2010Prop37
 90
       50
102
RTVSPost2010PropOp37
 70
     1
102
RTVSPost2010Prop38
140
0.0
102
RTVSPost2010PropOp38
 70
     1
102
RTVSPost2010Prop39
140
1.0
102
RTVSPost2010PropOp39
 70
     1
102
RTVSPost2010Prop40
 90
        0
102
RTVSPost2010PropOp40
 70
     1
102
RTVSPost2010Prop41ColorIndex
 90
       18
102
RTVSPost2010Prop41ColorRGB
 90
        0
102
RTVSPost2010PropOp41
 70
     1
102
RTVSPost2010Prop42
 90
       50
102
RTVSPost2010PropOp42
 70
     1
102
RTVSPost2010Prop43
 90
        3
102
RTVSPost2010PropOp43
 70
     1
102
RTVSPost2010Prop44ColorIndex
 90
        5
102
RTVSPost2010Prop44ColorRGB
 90
      255
102
RTVSPost2010PropOp44
 70
     1
102
RTVSPost2010Prop45
280
     0
102
RTVSPost2010PropOp45
 70
     1
102
RTVSPost2010Prop46
 90
       50
102
RTVSPost2010PropOp46
 70
     1
102
RTVSPost2010Prop47
 90
       50
102
RTVSPost2010PropOp47
 70
     1
102
RTVSPost2010Prop48
 90
       50
102
RTVSPost2010PropOp48
 70
     1
102
RTVSPost2010Prop49
280
     0
102
RTVSPost2010PropOp49
 70
     1
102
RTVSPost2010Prop50
 90
       50
102
RTVSPost2010PropOp50
 70
     1
102
RTVSPost2010Prop51ColorIndex
 90
      256
102
RTVSPost2010Prop51ColorRGB
 90
-16777216
102
RTVSPost2010PropOp51
 70
     0
102
RTVSPost2010Prop52
140
1.0
102
RTVSPost2010PropOp52
 70
     0
102
RTVSPost2010Prop53
 90
        2
102
RTVSPost2010PropOp53
 70
     1
102
RTVSPost2010Prop54
  1
strokes_ogs.tif
102
RTVSPost2010PropOp54
 70
     1
102
RTVSPost2010Prop55
280
     0
102
RTVSPost2010PropOp55
 70
     1
102
RTVSPost2010Prop56
140
1.0
102
RTVSPost2010PropOp56
 70
     1
102
RTVSPost2010Prop57
140
1.0
102
RTVSPost2010PropOp57
 70
     1
  0
XRECORD
  5
8D2D
102
{ACAD_REACTORS
330
8D2C
102
}
330
8D2C
100
AcDbXrecord
280
     1
102
RTVSPropertyOp0
 70
     1
102
RTVSPropertyOp1
 70
     1
102
RTVSPropertyOp2
 70
     1
102
RTVSPropertyOp3
 70
     1
102
RTVSPropertyOp4
 70
     1
102
RTVSPropertyOp5
 70
     1
102
RTVSPropertyOp6
 70
     1
102
RTVSPropertyOp7
 70
     1
102
RTVSPropertyOp8
 70
     1
102
RTVSPropertyOp9
 70
     1
102
RTVSPropertyOp10
 70
     1
102
RTVSPropertyOp11
 70
     1
102
RTVSPropertyOp12
 70
     1
102
RTVSPropertyOp13
 70
     1
102
RTVSPropertyOp14
 70
     1
102
RTVSPropertyOp15
 70
     1
102
RTVSPropertyOp16
 70
     1
102
RTVSPropertyOp17
 70
     1
102
RTVSPropertyOp18
 70
     1
102
RTVSPropertyOp19
 70
     1
102
RTVSPropertyOp20
 70
     1
102
RTVSPropertyOp21
 70
     1
102
RTVSPropertyOp22
 70
     1
102
RTVSPropertyOp23
 70
     1
102
RTVSPropertyOp24
 70
     1
102
RTVSPropertyOp25
 70
     1
102
RTVSPropertyOp26
 70
     1
102
RTVSPropertyOp27
 70
     1
102
RTVSPropertyOp28
 70
     1
102
RTVSPropertyOp29
 70
     1
102
RTVSPropertyOp30
 70
     1
102
RTVSPropertyOp31
 70
     1
102
RTVSPropertyOp32
 70
     1
102
RTVSPropertyOp33
 70
     1
102
RTVSPropertyOp34
 70
     1
102
RTVSPropertyOp35
 70
     1
102
RTVSPropertyOp36
 70
     1
102
RTVSPropertyOp37
 70
     1
102
RTVSPropertyOp38
 70
     1
102
RTVSPropertyOp39
 70
     1
102
RTVSPropertyOp40
 70
     1
102
RTVSPropertyOp41
 70
     1
102
RTVSPropertyOp42
 70
     1
102
RTVSPropertyOp43
 70
     1
102
RTVSPropertyOp44
 70
     1
102
RTVSPropertyOp45
 70
     1
102
RTVSPropertyOp46
 70
     1
102
RTVSPropertyOp47
 70
     1
102
RTVSPropertyOp48
 70
     1
102
RTVSPropertyOp49
 70
     1
102
RTVSPropertyOp50
 70
     1
102
RTVSPropertyOp51
 70
     0
102
RTVSPropertyOp52
 70
     0
102
RTVSPropertyOp53
 70
     1
102
RTVSPropertyOp54
 70
     1
102
RTVSPropertyOp55
 70
     1
102
RTVSPropertyOp56
 70
     1
102
RTVSPropertyOp57
 70
     1
102
RTVSPost2010Prop28
280
     0
102
RTVSPost2010PropOp28
 70
     1
102
RTVSPost2010Prop29
280
     1
102
RTVSPost2010PropOp29
 70
     1
102
RTVSPost2010Prop30
280
     1
102
RTVSPost2010PropOp30
 70
     1
102
RTVSPost2010Prop31
280
     0
102
RTVSPost2010PropOp31
 70
     1
102
RTVSPost2010Prop32
280
     0
102
RTVSPost2010PropOp32
 70
     1
102
RTVSPost2010Prop33
280
     0
102
RTVSPost2010PropOp33
 70
     1
102
RTVSPost2010Prop34
280
     0
102
RTVSPost2010PropOp34
 70
     1
102
RTVSPost2010Prop35
280
     0
102
RTVSPost2010PropOp35
 70
     1
102
RTVSPost2010Prop36
280
     0
102
RTVSPost2010PropOp36
 70
     1
102
RTVSPost2010Prop37
 90
       50
102
RTVSPost2010PropOp37
 70
     1
102
RTVSPost2010Prop38
140
0.0
102
RTVSPost2010PropOp38
 70
     1
102
RTVSPost2010Prop39
140
1.0
102
RTVSPost2010PropOp39
 70
     1
102
RTVSPost2010Prop40
 90
        0
102
RTVSPost2010PropOp40
 70
     1
102
RTVSPost2010Prop41ColorIndex
 90
       18
102
RTVSPost2010Prop41ColorRGB
 90
        0
102
RTVSPost2010PropOp41
 70
     1
102
RTVSPost2010Prop42
 90
       50
102
RTVSPost2010PropOp42
 70
     1
102
RTVSPost2010Prop43
 90
        3
102
RTVSPost2010PropOp43
 70
     1
102
RTVSPost2010Prop44ColorIndex
 90
        5
102
RTVSPost2010Prop44ColorRGB
 90
      255
102
RTVSPost2010PropOp44
 70
     1
102
RTVSPost2010Prop45
280
     0
102
RTVSPost2010PropOp45
 70
     1
102
RTVSPost2010Prop46
 90
       50
102
RTVSPost2010PropOp46
 70
     1
102
RTVSPost2010Prop47
 90
       50
102
RTVSPost2010PropOp47
 70
     1
102
RTVSPost2010Prop48
 90
       50
102
RTVSPost2010PropOp48
 70
     1
102
RTVSPost2010Prop49
280
     0
102
RTVSPost2010PropOp49
 70
     1
102
RTVSPost2010Prop50
 90
       50
102
RTVSPost2010PropOp50
 70
     1
102
RTVSPost2010Prop51ColorIndex
 90
      256
102
RTVSPost2010Prop51ColorRGB
 90
-16777216
102
RTVSPost2010PropOp51
 70
     0
102
RTVSPost2010Prop52
140
1.0
102
RTVSPost2010PropOp52
 70
     0
102
RTVSPost2010Prop53
 90
        2
102
RTVSPost2010PropOp53
 70
     1
102
RTVSPost2010Prop54
  1
strokes_ogs.tif
102
RTVSPost2010PropOp54
 70
     1
102
RTVSPost2010Prop55
280
     0
102
RTVSPost2010PropOp55
 70
     1
102
RTVSPost2010Prop56
140
1.0
102
RTVSPost2010PropOp56
 70
     1
102
RTVSPost2010Prop57
140
1.0
102
RTVSPost2010PropOp57
 70
     1
  0
XRECORD
  5
8D2F
102
{ACAD_REACTORS
330
8D2E
102
}
330
8D2E
100
AcDbXrecord
280
     1
102
RTVSPropertyOp0
 70
     1
102
RTVSPropertyOp1
 70
     1
102
RTVSPropertyOp2
 70
     1
102
RTVSPropertyOp3
 70
     1
102
RTVSPropertyOp4
 70
     1
102
RTVSPropertyOp5
 70
     1
102
RTVSPropertyOp6
 70
     1
102
RTVSPropertyOp7
 70
     1
102
RTVSPropertyOp8
 70
     1
102
RTVSPropertyOp9
 70
     1
102
RTVSPropertyOp10
 70
     1
102
RTVSPropertyOp11
 70
     1
102
RTVSPropertyOp12
 70
     1
102
RTVSPropertyOp13
 70
     1
102
RTVSPropertyOp14
 70
     1
102
RTVSPropertyOp15
 70
     1
102
RTVSPropertyOp16
 70
     1
102
RTVSPropertyOp17
 70
     1
102
RTVSPropertyOp18
 70
     1
102
RTVSPropertyOp19
 70
     1
102
RTVSPropertyOp20
 70
     1
102
RTVSPropertyOp21
 70
     1
102
RTVSPropertyOp22
 70
     1
102
RTVSPropertyOp23
 70
     1
102
RTVSPropertyOp24
 70
     1
102
RTVSPropertyOp25
 70
     1
102
RTVSPropertyOp26
 70
     1
102
RTVSPropertyOp27
 70
     1
102
RTVSPropertyOp28
 70
     1
102
RTVSPropertyOp29
 70
     1
102
RTVSPropertyOp30
 70
     1
102
RTVSPropertyOp31
 70
     1
102
RTVSPropertyOp32
 70
     1
102
RTVSPropertyOp33
 70
     1
102
RTVSPropertyOp34
 70
     1
102
RTVSPropertyOp35
 70
     1
102
RTVSPropertyOp36
 70
     1
102
RTVSPropertyOp37
 70
     1
102
RTVSPropertyOp38
 70
     1
102
RTVSPropertyOp39
 70
     1
102
RTVSPropertyOp40
 70
     1
102
RTVSPropertyOp41
 70
     1
102
RTVSPropertyOp42
 70
     1
102
RTVSPropertyOp43
 70
     1
102
RTVSPropertyOp44
 70
     1
102
RTVSPropertyOp45
 70
     1
102
RTVSPropertyOp46
 70
     1
102
RTVSPropertyOp47
 70
     1
102
RTVSPropertyOp48
 70
     1
102
RTVSPropertyOp49
 70
     1
102
RTVSPropertyOp50
 70
     1
102
RTVSPropertyOp51
 70
     0
102
RTVSPropertyOp52
 70
     0
102
RTVSPropertyOp53
 70
     1
102
RTVSPropertyOp54
 70
     1
102
RTVSPropertyOp55
 70
     1
102
RTVSPropertyOp56
 70
     1
102
RTVSPropertyOp57
 70
     1
102
RTVSPost2010Prop28
280
     0
102
RTVSPost2010PropOp28
 70
     1
102
RTVSPost2010Prop29
280
     1
102
RTVSPost2010PropOp29
 70
     1
102
RTVSPost2010Prop30
280
     1
102
RTVSPost2010PropOp30
 70
     1
102
RTVSPost2010Prop31
280
     0
102
RTVSPost2010PropOp31
 70
     1
102
RTVSPost2010Prop32
280
     0
102
RTVSPost2010PropOp32
 70
     1
102
RTVSPost2010Prop33
280
     0
102
RTVSPost2010PropOp33
 70
     1
102
RTVSPost2010Prop34
280
     0
102
RTVSPost2010PropOp34
 70
     1
102
RTVSPost2010Prop35
280
     0
102
RTVSPost2010PropOp35
 70
     1
102
RTVSPost2010Prop36
280
     0
102
RTVSPost2010PropOp36
 70
     1
102
RTVSPost2010Prop37
 90
       50
102
RTVSPost2010PropOp37
 70
     1
102
RTVSPost2010Prop38
140
0.0
102
RTVSPost2010PropOp38
 70
     1
102
RTVSPost2010Prop39
140
1.0
102
RTVSPost2010PropOp39
 70
     1
102
RTVSPost2010Prop40
 90
        0
102
RTVSPost2010PropOp40
 70
     1
102
RTVSPost2010Prop41ColorIndex
 90
       18
102
RTVSPost2010Prop41ColorRGB
 90
        0
102
RTVSPost2010PropOp41
 70
     1
102
RTVSPost2010Prop42
 90
       50
102
RTVSPost2010PropOp42
 70
     1
102
RTVSPost2010Prop43
 90
        3
102
RTVSPost2010PropOp43
 70
     1
102
RTVSPost2010Prop44ColorIndex
 90
        5
102
RTVSPost2010Prop44ColorRGB
 90
      255
102
RTVSPost2010PropOp44
 70
     1
102
RTVSPost2010Prop45
280
     0
102
RTVSPost2010PropOp45
 70
     1
102
RTVSPost2010Prop46
 90
       50
102
RTVSPost2010PropOp46
 70
     1
102
RTVSPost2010Prop47
 90
       50
102
RTVSPost2010PropOp47
 70
     1
102
RTVSPost2010Prop48
 90
       50
102
RTVSPost2010PropOp48
 70
     1
102
RTVSPost2010Prop49
280
     0
102
RTVSPost2010PropOp49
 70
     1
102
RTVSPost2010Prop50
 90
       50
102
RTVSPost2010PropOp50
 70
     1
102
RTVSPost2010Prop51ColorIndex
 90
      256
102
RTVSPost2010Prop51ColorRGB
 90
-16777216
102
RTVSPost2010PropOp51
 70
     0
102
RTVSPost2010Prop52
140
1.0
102
RTVSPost2010PropOp52
 70
     0
102
RTVSPost2010Prop53
 90
        2
102
RTVSPost2010PropOp53
 70
     1
102
RTVSPost2010Prop54
  1
strokes_ogs.tif
102
RTVSPost2010PropOp54
 70
     1
102
RTVSPost2010Prop55
280
     0
102
RTVSPost2010PropOp55
 70
     1
102
RTVSPost2010Prop56
140
1.0
102
RTVSPost2010PropOp56
 70
     1
102
RTVSPost2010Prop57
140
1.0
102
RTVSPost2010PropOp57
 70
     1
  0
XRECORD
  5
8D31
102
{ACAD_REACTORS
330
8D30
102
}
330
8D30
100
AcDbXrecord
280
     1
102
RTVSPropertyOp0
 70
     1
102
RTVSPropertyOp1
 70
     1
102
RTVSPropertyOp2
 70
     1
102
RTVSPropertyOp3
 70
     1
102
RTVSPropertyOp4
 70
     1
102
RTVSPropertyOp5
 70
     1
102
RTVSPropertyOp6
 70
     1
102
RTVSPropertyOp7
 70
     1
102
RTVSPropertyOp8
 70
     1
102
RTVSPropertyOp9
 70
     1
102
RTVSPropertyOp10
 70
     1
102
RTVSPropertyOp11
 70
     1
102
RTVSPropertyOp12
 70
     1
102
RTVSPropertyOp13
 70
     1
102
RTVSPropertyOp14
 70
     1
102
RTVSPropertyOp15
 70
     1
102
RTVSPropertyOp16
 70
     1
102
RTVSPropertyOp17
 70
     1
102
RTVSPropertyOp18
 70
     1
102
RTVSPropertyOp19
 70
     1
102
RTVSPropertyOp20
 70
     1
102
RTVSPropertyOp21
 70
     1
102
RTVSPropertyOp22
 70
     1
102
RTVSPropertyOp23
 70
     1
102
RTVSPropertyOp24
 70
     1
102
RTVSPropertyOp25
 70
     1
102
RTVSPropertyOp26
 70
     1
102
RTVSPropertyOp27
 70
     1
102
RTVSPropertyOp28
 70
     1
102
RTVSPropertyOp29
 70
     1
102
RTVSPropertyOp30
 70
     1
102
RTVSPropertyOp31
 70
     1
102
RTVSPropertyOp32
 70
     1
102
RTVSPropertyOp33
 70
     1
102
RTVSPropertyOp34
 70
     1
102
RTVSPropertyOp35
 70
     1
102
RTVSPropertyOp36
 70
     1
102
RTVSPropertyOp37
 70
     1
102
RTVSPropertyOp38
 70
     1
102
RTVSPropertyOp39
 70
     1
102
RTVSPropertyOp40
 70
     1
102
RTVSPropertyOp41
 70
     1
102
RTVSPropertyOp42
 70
     1
102
RTVSPropertyOp43
 70
     1
102
RTVSPropertyOp44
 70
     1
102
RTVSPropertyOp45
 70
     1
102
RTVSPropertyOp46
 70
     1
102
RTVSPropertyOp47
 70
     1
102
RTVSPropertyOp48
 70
     1
102
RTVSPropertyOp49
 70
     1
102
RTVSPropertyOp50
 70
     1
102
RTVSPropertyOp51
 70
     0
102
RTVSPropertyOp52
 70
     0
102
RTVSPropertyOp53
 70
     1
102
RTVSPropertyOp54
 70
     1
102
RTVSPropertyOp55
 70
     1
102
RTVSPropertyOp56
 70
     1
102
RTVSPropertyOp57
 70
     1
102
RTVSPost2010Prop28
280
     0
102
RTVSPost2010PropOp28
 70
     1
102
RTVSPost2010Prop29
280
     1
102
RTVSPost2010PropOp29
 70
     1
102
RTVSPost2010Prop30
280
     1
102
RTVSPost2010PropOp30
 70
     1
102
RTVSPost2010Prop31
280
     0
102
RTVSPost2010PropOp31
 70
     1
102
RTVSPost2010Prop32
280
     0
102
RTVSPost2010PropOp32
 70
     1
102
RTVSPost2010Prop33
280
     0
102
RTVSPost2010PropOp33
 70
     1
102
RTVSPost2010Prop34
280
     0
102
RTVSPost2010PropOp34
 70
     1
102
RTVSPost2010Prop35
280
     0
102
RTVSPost2010PropOp35
 70
     1
102
RTVSPost2010Prop36
280
     0
102
RTVSPost2010PropOp36
 70
     1
102
RTVSPost2010Prop37
 90
       50
102
RTVSPost2010PropOp37
 70
     1
102
RTVSPost2010Prop38
140
0.0
102
RTVSPost2010PropOp38
 70
     1
102
RTVSPost2010Prop39
140
1.0
102
RTVSPost2010PropOp39
 70
     1
102
RTVSPost2010Prop40
 90
        0
102
RTVSPost2010PropOp40
 70
     1
102
RTVSPost2010Prop41ColorIndex
 90
       18
102
RTVSPost2010Prop41ColorRGB
 90
        0
102
RTVSPost2010PropOp41
 70
     1
102
RTVSPost2010Prop42
 90
       50
102
RTVSPost2010PropOp42
 70
     1
102
RTVSPost2010Prop43
 90
        3
102
RTVSPost2010PropOp43
 70
     1
102
RTVSPost2010Prop44ColorIndex
 90
        5
102
RTVSPost2010Prop44ColorRGB
 90
      255
102
RTVSPost2010PropOp44
 70
     1
102
RTVSPost2010Prop45
280
     0
102
RTVSPost2010PropOp45
 70
     1
102
RTVSPost2010Prop46
 90
       50
102
RTVSPost2010PropOp46
 70
     1
102
RTVSPost2010Prop47
 90
       50
102
RTVSPost2010PropOp47
 70
     1
102
RTVSPost2010Prop48
 90
       50
102
RTVSPost2010PropOp48
 70
     1
102
RTVSPost2010Prop49
280
     0
102
RTVSPost2010PropOp49
 70
     1
102
RTVSPost2010Prop50
 90
       50
102
RTVSPost2010PropOp50
 70
     1
102
RTVSPost2010Prop51ColorIndex
 90
      256
102
RTVSPost2010Prop51ColorRGB
 90
-16777216
102
RTVSPost2010PropOp51
 70
     0
102
RTVSPost2010Prop52
140
1.0
102
RTVSPost2010PropOp52
 70
     0
102
RTVSPost2010Prop53
 90
        2
102
RTVSPost2010PropOp53
 70
     1
102
RTVSPost2010Prop54
  1
strokes_ogs.tif
102
RTVSPost2010PropOp54
 70
     1
102
RTVSPost2010Prop55
280
     0
102
RTVSPost2010PropOp55
 70
     1
102
RTVSPost2010Prop56
140
1.0
102
RTVSPost2010PropOp56
 70
     1
102
RTVSPost2010Prop57
140
1.0
102
RTVSPost2010PropOp57
 70
     1
  0
XRECORD
  5
8D33
102
{ACAD_REACTORS
330
8D32
102
}
330
8D32
100
AcDbXrecord
280
     1
102
RTVSPropertyOp0
 70
     1
102
RTVSPropertyOp1
 70
     1
102
RTVSPropertyOp2
 70
     1
102
RTVSPropertyOp3
 70
     1
102
RTVSPropertyOp4
 70
     1
102
RTVSPropertyOp5
 70
     1
102
RTVSPropertyOp6
 70
     1
102
RTVSPropertyOp7
 70
     1
102
RTVSPropertyOp8
 70
     1
102
RTVSPropertyOp9
 70
     1
102
RTVSPropertyOp10
 70
     1
102
RTVSPropertyOp11
 70
     1
102
RTVSPropertyOp12
 70
     1
102
RTVSPropertyOp13
 70
     1
102
RTVSPropertyOp14
 70
     1
102
RTVSPropertyOp15
 70
     1
102
RTVSPropertyOp16
 70
     1
102
RTVSPropertyOp17
 70
     1
102
RTVSPropertyOp18
 70
     1
102
RTVSPropertyOp19
 70
     1
102
RTVSPropertyOp20
 70
     1
102
RTVSPropertyOp21
 70
     1
102
RTVSPropertyOp22
 70
     1
102
RTVSPropertyOp23
 70
     1
102
RTVSPropertyOp24
 70
     1
102
RTVSPropertyOp25
 70
     1
102
RTVSPropertyOp26
 70
     1
102
RTVSPropertyOp27
 70
     1
102
RTVSPropertyOp28
 70
     1
102
RTVSPropertyOp29
 70
     1
102
RTVSPropertyOp30
 70
     1
102
RTVSPropertyOp31
 70
     1
102
RTVSPropertyOp32
 70
     1
102
RTVSPropertyOp33
 70
     1
102
RTVSPropertyOp34
 70
     1
102
RTVSPropertyOp35
 70
     1
102
RTVSPropertyOp36
 70
     1
102
RTVSPropertyOp37
 70
     1
102
RTVSPropertyOp38
 70
     1
102
RTVSPropertyOp39
 70
     1
102
RTVSPropertyOp40
 70
     1
102
RTVSPropertyOp41
 70
     1
102
RTVSPropertyOp42
 70
     1
102
RTVSPropertyOp43
 70
     1
102
RTVSPropertyOp44
 70
     1
102
RTVSPropertyOp45
 70
     1
102
RTVSPropertyOp46
 70
     1
102
RTVSPropertyOp47
 70
     1
102
RTVSPropertyOp48
 70
     1
102
RTVSPropertyOp49
 70
     1
102
RTVSPropertyOp50
 70
     1
102
RTVSPropertyOp51
 70
     0
102
RTVSPropertyOp52
 70
     0
102
RTVSPropertyOp53
 70
     1
102
RTVSPropertyOp54
 70
     1
102
RTVSPropertyOp55
 70
     1
102
RTVSPropertyOp56
 70
     1
102
RTVSPropertyOp57
 70
     1
102
RTVSPost2010Prop28
280
     0
102
RTVSPost2010PropOp28
 70
     1
102
RTVSPost2010Prop29
280
     1
102
RTVSPost2010PropOp29
 70
     1
102
RTVSPost2010Prop30
280
     1
102
RTVSPost2010PropOp30
 70
     1
102
RTVSPost2010Prop31
280
     0
102
RTVSPost2010PropOp31
 70
     1
102
RTVSPost2010Prop32
280
     0
102
RTVSPost2010PropOp32
 70
     1
102
RTVSPost2010Prop33
280
     0
102
RTVSPost2010PropOp33
 70
     1
102
RTVSPost2010Prop34
280
     0
102
RTVSPost2010PropOp34
 70
     1
102
RTVSPost2010Prop35
280
     0
102
RTVSPost2010PropOp35
 70
     1
102
RTVSPost2010Prop36
280
     0
102
RTVSPost2010PropOp36
 70
     1
102
RTVSPost2010Prop37
 90
       50
102
RTVSPost2010PropOp37
 70
     1
102
RTVSPost2010Prop38
140
0.0
102
RTVSPost2010PropOp38
 70
     1
102
RTVSPost2010Prop39
140
1.0
102
RTVSPost2010PropOp39
 70
     1
102
RTVSPost2010Prop40
 90
        0
102
RTVSPost2010PropOp40
 70
     1
102
RTVSPost2010Prop41ColorIndex
 90
       18
102
RTVSPost2010Prop41ColorRGB
 90
        0
102
RTVSPost2010PropOp41
 70
     1
102
RTVSPost2010Prop42
 90
       50
102
RTVSPost2010PropOp42
 70
     1
102
RTVSPost2010Prop43
 90
        3
102
RTVSPost2010PropOp43
 70
     1
102
RTVSPost2010Prop44ColorIndex
 90
        5
102
RTVSPost2010Prop44ColorRGB
 90
      255
102
RTVSPost2010PropOp44
 70
     1
102
RTVSPost2010Prop45
280
     0
102
RTVSPost2010PropOp45
 70
     1
102
RTVSPost2010Prop46
 90
       50
102
RTVSPost2010PropOp46
 70
     1
102
RTVSPost2010Prop47
 90
       50
102
RTVSPost2010PropOp47
 70
     1
102
RTVSPost2010Prop48
 90
       50
102
RTVSPost2010PropOp48
 70
     1
102
RTVSPost2010Prop49
280
     0
102
RTVSPost2010PropOp49
 70
     1
102
RTVSPost2010Prop50
 90
       50
102
RTVSPost2010PropOp50
 70
     1
102
RTVSPost2010Prop51ColorIndex
 90
      256
102
RTVSPost2010Prop51ColorRGB
 90
-16777216
102
RTVSPost2010PropOp51
 70
     0
102
RTVSPost2010Prop52
140
1.0
102
RTVSPost2010PropOp52
 70
     0
102
RTVSPost2010Prop53
 90
        2
102
RTVSPost2010PropOp53
 70
     1
102
RTVSPost2010Prop54
  1
strokes_ogs.tif
102
RTVSPost2010PropOp54
 70
     1
102
RTVSPost2010Prop55
280
     0
102
RTVSPost2010PropOp55
 70
     1
102
RTVSPost2010Prop56
140
1.0
102
RTVSPost2010PropOp56
 70
     1
102
RTVSPost2010Prop57
140
1.0
102
RTVSPost2010PropOp57
 70
     1
  0
XRECORD
  5
8D35
102
{ACAD_REACTORS
330
8D34
102
}
330
8D34
100
AcDbXrecord
280
     1
102
RTVSPropertyOp0
 70
     0
102
RTVSPropertyOp1
 70
     0
102
RTVSPropertyOp2
 70
     0
102
RTVSPropertyOp3
 70
     0
102
RTVSPropertyOp4
 70
     0
102
RTVSPropertyOp5
 70
     0
102
RTVSPropertyOp6
 70
     0
102
RTVSPropertyOp7
 70
     0
102
RTVSPropertyOp8
 70
     0
102
RTVSPropertyOp9
 70
     0
102
RTVSPropertyOp10
 70
     0
102
RTVSPropertyOp11
 70
     0
102
RTVSPropertyOp12
 70
     0
102
RTVSPropertyOp13
 70
     0
102
RTVSPropertyOp14
 70
     2
102
RTVSPropertyOp15
 70
     0
102
RTVSPropertyOp16
 70
     0
102
RTVSPropertyOp17
 70
     0
102
RTVSPropertyOp18
 70
     0
102
RTVSPropertyOp19
 70
     0
102
RTVSPropertyOp20
 70
     0
102
RTVSPropertyOp21
 70
     0
102
RTVSPropertyOp22
 70
     0
102
RTVSPropertyOp23
 70
     0
102
RTVSPropertyOp24
 70
     0
102
RTVSPropertyOp25
 70
     0
102
RTVSPropertyOp26
 70
     0
102
RTVSPropertyOp27
 70
     0
102
RTVSPropertyOp28
 70
     1
102
RTVSPropertyOp29
 70
     1
102
RTVSPropertyOp30
 70
     1
102
RTVSPropertyOp31
 70
     1
102
RTVSPropertyOp32
 70
     1
102
RTVSPropertyOp33
 70
     1
102
RTVSPropertyOp34
 70
     1
102
RTVSPropertyOp35
 70
     1
102
RTVSPropertyOp36
 70
     1
102
RTVSPropertyOp37
 70
     0
102
RTVSPropertyOp38
 70
     0
102
RTVSPropertyOp39
 70
     0
102
RTVSPropertyOp40
 70
     0
102
RTVSPropertyOp41
 70
     0
102
RTVSPropertyOp42
 70
     0
102
RTVSPropertyOp43
 70
     0
102
RTVSPropertyOp44
 70
     0
102
RTVSPropertyOp45
 70
     1
102
RTVSPropertyOp46
 70
     0
102
RTVSPropertyOp47
 70
     0
102
RTVSPropertyOp48
 70
     0
102
RTVSPropertyOp49
 70
     1
102
RTVSPropertyOp50
 70
     0
102
RTVSPropertyOp51
 70
     0
102
RTVSPropertyOp52
 70
     0
102
RTVSPropertyOp53
 70
     0
102
RTVSPropertyOp54
 70
     0
102
RTVSPropertyOp55
 70
     1
102
RTVSPropertyOp56
 70
     0
102
RTVSPropertyOp57
 70
     0
102
RTVSPost2010Prop28
280
     0
102
RTVSPost2010PropOp28
 70
     1
102
RTVSPost2010Prop29
280
     1
102
RTVSPost2010PropOp29
 70
     1
102
RTVSPost2010Prop30
280
     1
102
RTVSPost2010PropOp30
 70
     1
102
RTVSPost2010Prop31
280
     0
102
RTVSPost2010PropOp31
 70
     1
102
RTVSPost2010Prop32
280
     0
102
RTVSPost2010PropOp32
 70
     1
102
RTVSPost2010Prop33
280
     0
102
RTVSPost2010PropOp33
 70
     1
102
RTVSPost2010Prop34
280
     0
102
RTVSPost2010PropOp34
 70
     1
102
RTVSPost2010Prop35
280
     0
102
RTVSPost2010PropOp35
 70
     1
102
RTVSPost2010Prop36
280
     0
102
RTVSPost2010PropOp36
 70
     1
102
RTVSPost2010Prop37
 90
       50
102
RTVSPost2010PropOp37
 70
     0
102
RTVSPost2010Prop38
140
0.0
102
RTVSPost2010PropOp38
 70
     0
102
RTVSPost2010Prop39
140
1.0
102
RTVSPost2010PropOp39
 70
     0
102
RTVSPost2010Prop40
 90
        0
102
RTVSPost2010PropOp40
 70
     0
102
RTVSPost2010Prop41ColorIndex
 90
       18
102
RTVSPost2010Prop41ColorRGB
 90
        0
102
RTVSPost2010PropOp41
 70
     0
102
RTVSPost2010Prop42
 90
       50
102
RTVSPost2010PropOp42
 70
     0
102
RTVSPost2010Prop43
 90
        3
102
RTVSPost2010PropOp43
 70
     0
102
RTVSPost2010Prop44ColorIndex
 90
        5
102
RTVSPost2010Prop44ColorRGB
 90
      255
102
RTVSPost2010PropOp44
 70
     0
102
RTVSPost2010Prop45
280
     0
102
RTVSPost2010PropOp45
 70
     1
102
RTVSPost2010Prop46
 90
       50
102
RTVSPost2010PropOp46
 70
     0
102
RTVSPost2010Prop47
 90
       50
102
RTVSPost2010PropOp47
 70
     0
102
RTVSPost2010Prop48
 90
       50
102
RTVSPost2010PropOp48
 70
     0
102
RTVSPost2010Prop49
280
     0
102
RTVSPost2010PropOp49
 70
     1
102
RTVSPost2010Prop50
 90
       50
102
RTVSPost2010PropOp50
 70
     0
102
RTVSPost2010Prop51ColorIndex
 90
      256
102
RTVSPost2010Prop51ColorRGB
 90
-16777216
102
RTVSPost2010PropOp51
 70
     0
102
RTVSPost2010Prop52
140
1.0
102
RTVSPost2010PropOp52
 70
     0
102
RTVSPost2010Prop53
 90
        2
102
RTVSPost2010PropOp53
 70
     0
102
RTVSPost2010Prop54
  1
strokes_ogs.tif
102
RTVSPost2010PropOp54
 70
     0
102
RTVSPost2010Prop55
280
     0
102
RTVSPost2010PropOp55
 70
     1
102
RTVSPost2010Prop56
140
1.0
102
RTVSPost2010PropOp56
 70
     0
102
RTVSPost2010Prop57
140
1.0
102
RTVSPost2010PropOp57
 70
     0
  0
XRECORD
  5
8D37
102
{ACAD_REACTORS
330
8D36
102
}
330
8D36
100
AcDbXrecord
280
     1
102
RTVSPropertyOp0
 70
     1
102
RTVSPropertyOp1
 70
     1
102
RTVSPropertyOp2
 70
     1
102
RTVSPropertyOp3
 70
     1
102
RTVSPropertyOp4
 70
     1
102
RTVSPropertyOp5
 70
     1
102
RTVSPropertyOp6
 70
     1
102
RTVSPropertyOp7
 70
     1
102
RTVSPropertyOp8
 70
     1
102
RTVSPropertyOp9
 70
     1
102
RTVSPropertyOp10
 70
     1
102
RTVSPropertyOp11
 70
     1
102
RTVSPropertyOp12
 70
     1
102
RTVSPropertyOp13
 70
     1
102
RTVSPropertyOp14
 70
     1
102
RTVSPropertyOp15
 70
     1
102
RTVSPropertyOp16
 70
     1
102
RTVSPropertyOp17
 70
     1
102
RTVSPropertyOp18
 70
     1
102
RTVSPropertyOp19
 70
     1
102
RTVSPropertyOp20
 70
     1
102
RTVSPropertyOp21
 70
     1
102
RTVSPropertyOp22
 70
     1
102
RTVSPropertyOp23
 70
     1
102
RTVSPropertyOp24
 70
     1
102
RTVSPropertyOp25
 70
     1
102
RTVSPropertyOp26
 70
     1
102
RTVSPropertyOp27
 70
     1
102
RTVSPropertyOp28
 70
     1
102
RTVSPropertyOp29
 70
     1
102
RTVSPropertyOp30
 70
     1
102
RTVSPropertyOp31
 70
     1
102
RTVSPropertyOp32
 70
     1
102
RTVSPropertyOp33
 70
     1
102
RTVSPropertyOp34
 70
     1
102
RTVSPropertyOp35
 70
     1
102
RTVSPropertyOp36
 70
     1
102
RTVSPropertyOp37
 70
     1
102
RTVSPropertyOp38
 70
     1
102
RTVSPropertyOp39
 70
     1
102
RTVSPropertyOp40
 70
     1
102
RTVSPropertyOp41
 70
     1
102
RTVSPropertyOp42
 70
     1
102
RTVSPropertyOp43
 70
     1
102
RTVSPropertyOp44
 70
     1
102
RTVSPropertyOp45
 70
     1
102
RTVSPropertyOp46
 70
     1
102
RTVSPropertyOp47
 70
     1
102
RTVSPropertyOp48
 70
     1
102
RTVSPropertyOp49
 70
     1
102
RTVSPropertyOp50
 70
     1
102
RTVSPropertyOp51
 70
     0
102
RTVSPropertyOp52
 70
     0
102
RTVSPropertyOp53
 70
     1
102
RTVSPropertyOp54
 70
     1
102
RTVSPropertyOp55
 70
     1
102
RTVSPropertyOp56
 70
     1
102
RTVSPropertyOp57
 70
     1
102
RTVSPost2010Prop28
280
     0
102
RTVSPost2010PropOp28
 70
     1
102
RTVSPost2010Prop29
280
     1
102
RTVSPost2010PropOp29
 70
     1
102
RTVSPost2010Prop30
280
     1
102
RTVSPost2010PropOp30
 70
     1
102
RTVSPost2010Prop31
280
     0
102
RTVSPost2010PropOp31
 70
     1
102
RTVSPost2010Prop32
280
     0
102
RTVSPost2010PropOp32
 70
     1
102
RTVSPost2010Prop33
280
     0
102
RTVSPost2010PropOp33
 70
     1
102
RTVSPost2010Prop34
280
     0
102
RTVSPost2010PropOp34
 70
     1
102
RTVSPost2010Prop35
280
     0
102
RTVSPost2010PropOp35
 70
     1
102
RTVSPost2010Prop36
280
     0
102
RTVSPost2010PropOp36
 70
     1
102
RTVSPost2010Prop37
 90
       50
102
RTVSPost2010PropOp37
 70
     1
102
RTVSPost2010Prop38
140
0.0
102
RTVSPost2010PropOp38
 70
     1
102
RTVSPost2010Prop39
140
1.0
102
RTVSPost2010PropOp39
 70
     1
102
RTVSPost2010Prop40
 90
        0
102
RTVSPost2010PropOp40
 70
     1
102
RTVSPost2010Prop41ColorIndex
 90
       18
102
RTVSPost2010Prop41ColorRGB
 90
        0
102
RTVSPost2010PropOp41
 70
     1
102
RTVSPost2010Prop42
 90
       50
102
RTVSPost2010PropOp42
 70
     1
102
RTVSPost2010Prop43
 90
        3
102
RTVSPost2010PropOp43
 70
     1
102
RTVSPost2010Prop44ColorIndex
 90
        5
102
RTVSPost2010Prop44ColorRGB
 90
      255
102
RTVSPost2010PropOp44
 70
     1
102
RTVSPost2010Prop45
280
     0
102
RTVSPost2010PropOp45
 70
     1
102
RTVSPost2010Prop46
 90
       50
102
RTVSPost2010PropOp46
 70
     1
102
RTVSPost2010Prop47
 90
       50
102
RTVSPost2010PropOp47
 70
     1
102
RTVSPost2010Prop48
 90
       50
102
RTVSPost2010PropOp48
 70
     1
102
RTVSPost2010Prop49
280
     0
102
RTVSPost2010PropOp49
 70
     1
102
RTVSPost2010Prop50
 90
       50
102
RTVSPost2010PropOp50
 70
     1
102
RTVSPost2010Prop51ColorIndex
 90
      256
102
RTVSPost2010Prop51ColorRGB
 90
-16777216
102
RTVSPost2010PropOp51
 70
     0
102
RTVSPost2010Prop52
140
1.0
102
RTVSPost2010PropOp52
 70
     0
102
RTVSPost2010Prop53
 90
        2
102
RTVSPost2010PropOp53
 70
     1
102
RTVSPost2010Prop54
  1
strokes_ogs.tif
102
RTVSPost2010PropOp54
 70
     1
102
RTVSPost2010Prop55
280
     0
102
RTVSPost2010PropOp55
 70
     1
102
RTVSPost2010Prop56
140
1.0
102
RTVSPost2010PropOp56
 70
     1
102
RTVSPost2010Prop57
140
1.0
102
RTVSPost2010PropOp57
 70
     1
  0
XRECORD
  5
8D39
102
{ACAD_REACTORS
330
8D38
102
}
330
8D38
100
AcDbXrecord
280
     1
102
RTVSPropertyOp0
 70
     1
102
RTVSPropertyOp1
 70
     1
102
RTVSPropertyOp2
 70
     1
102
RTVSPropertyOp3
 70
     1
102
RTVSPropertyOp4
 70
     1
102
RTVSPropertyOp5
 70
     1
102
RTVSPropertyOp6
 70
     1
102
RTVSPropertyOp7
 70
     1
102
RTVSPropertyOp8
 70
     1
102
RTVSPropertyOp9
 70
     1
102
RTVSPropertyOp10
 70
     1
102
RTVSPropertyOp11
 70
     1
102
RTVSPropertyOp12
 70
     1
102
RTVSPropertyOp13
 70
     1
102
RTVSPropertyOp14
 70
     1
102
RTVSPropertyOp15
 70
     1
102
RTVSPropertyOp16
 70
     1
102
RTVSPropertyOp17
 70
     1
102
RTVSPropertyOp18
 70
     1
102
RTVSPropertyOp19
 70
     1
102
RTVSPropertyOp20
 70
     1
102
RTVSPropertyOp21
 70
     1
102
RTVSPropertyOp22
 70
     1
102
RTVSPropertyOp23
 70
     1
102
RTVSPropertyOp24
 70
     1
102
RTVSPropertyOp25
 70
     1
102
RTVSPropertyOp26
 70
     1
102
RTVSPropertyOp27
 70
     1
102
RTVSPropertyOp28
 70
     1
102
RTVSPropertyOp29
 70
     1
102
RTVSPropertyOp30
 70
     1
102
RTVSPropertyOp31
 70
     1
102
RTVSPropertyOp32
 70
     1
102
RTVSPropertyOp33
 70
     1
102
RTVSPropertyOp34
 70
     1
102
RTVSPropertyOp35
 70
     1
102
RTVSPropertyOp36
 70
     1
102
RTVSPropertyOp37
 70
     1
102
RTVSPropertyOp38
 70
     1
102
RTVSPropertyOp39
 70
     1
102
RTVSPropertyOp40
 70
     1
102
RTVSPropertyOp41
 70
     1
102
RTVSPropertyOp42
 70
     1
102
RTVSPropertyOp43
 70
     1
102
RTVSPropertyOp44
 70
     1
102
RTVSPropertyOp45
 70
     1
102
RTVSPropertyOp46
 70
     1
102
RTVSPropertyOp47
 70
     1
102
RTVSPropertyOp48
 70
     1
102
RTVSPropertyOp49
 70
     1
102
RTVSPropertyOp50
 70
     1
102
RTVSPropertyOp51
 70
     0
102
RTVSPropertyOp52
 70
     0
102
RTVSPropertyOp53
 70
     1
102
RTVSPropertyOp54
 70
     1
102
RTVSPropertyOp55
 70
     1
102
RTVSPropertyOp56
 70
     1
102
RTVSPropertyOp57
 70
     1
102
RTVSPost2010Prop28
280
     0
102
RTVSPost2010PropOp28
 70
     1
102
RTVSPost2010Prop29
280
     1
102
RTVSPost2010PropOp29
 70
     1
102
RTVSPost2010Prop30
280
     1
102
RTVSPost2010PropOp30
 70
     1
102
RTVSPost2010Prop31
280
     0
102
RTVSPost2010PropOp31
 70
     1
102
RTVSPost2010Prop32
280
     0
102
RTVSPost2010PropOp32
 70
     1
102
RTVSPost2010Prop33
280
     0
102
RTVSPost2010PropOp33
 70
     1
102
RTVSPost2010Prop34
280
     0
102
RTVSPost2010PropOp34
 70
     1
102
RTVSPost2010Prop35
280
     0
102
RTVSPost2010PropOp35
 70
     1
102
RTVSPost2010Prop36
280
     0
102
RTVSPost2010PropOp36
 70
     1
102
RTVSPost2010Prop37
 90
       50
102
RTVSPost2010PropOp37
 70
     1
102
RTVSPost2010Prop38
140
0.0
102
RTVSPost2010PropOp38
 70
     1
102
RTVSPost2010Prop39
140
1.0
102
RTVSPost2010PropOp39
 70
     1
102
RTVSPost2010Prop40
 90
        0
102
RTVSPost2010PropOp40
 70
     1
102
RTVSPost2010Prop41ColorIndex
 90
       18
102
RTVSPost2010Prop41ColorRGB
 90
        0
102
RTVSPost2010PropOp41
 70
     1
102
RTVSPost2010Prop42
 90
       50
102
RTVSPost2010PropOp42
 70
     1
102
RTVSPost2010Prop43
 90
        3
102
RTVSPost2010PropOp43
 70
     1
102
RTVSPost2010Prop44ColorIndex
 90
        5
102
RTVSPost2010Prop44ColorRGB
 90
      255
102
RTVSPost2010PropOp44
 70
     1
102
RTVSPost2010Prop45
280
     0
102
RTVSPost2010PropOp45
 70
     1
102
RTVSPost2010Prop46
 90
       50
102
RTVSPost2010PropOp46
 70
     1
102
RTVSPost2010Prop47
 90
       50
102
RTVSPost2010PropOp47
 70
     1
102
RTVSPost2010Prop48
 90
       50
102
RTVSPost2010PropOp48
 70
     1
102
RTVSPost2010Prop49
280
     0
102
RTVSPost2010PropOp49
 70
     1
102
RTVSPost2010Prop50
 90
       50
102
RTVSPost2010PropOp50
 70
     1
102
RTVSPost2010Prop51ColorIndex
 90
      256
102
RTVSPost2010Prop51ColorRGB
 90
-16777216
102
RTVSPost2010PropOp51
 70
     0
102
RTVSPost2010Prop52
140
1.0
102
RTVSPost2010PropOp52
 70
     0
102
RTVSPost2010Prop53
 90
        2
102
RTVSPost2010PropOp53
 70
     1
102
RTVSPost2010Prop54
  1
strokes_ogs.tif
102
RTVSPost2010PropOp54
 70
     1
102
RTVSPost2010Prop55
280
     0
102
RTVSPost2010PropOp55
 70
     1
102
RTVSPost2010Prop56
140
1.0
102
RTVSPost2010PropOp56
 70
     1
102
RTVSPost2010Prop57
140
1.0
102
RTVSPost2010PropOp57
 70
     1
  0
XRECORD
  5
8D3B
102
{ACAD_REACTORS
330
8D3A
102
}
330
8D3A
100
AcDbXrecord
280
     1
102
RTVSPropertyOp0
 70
     1
102
RTVSPropertyOp1
 70
     1
102
RTVSPropertyOp2
 70
     1
102
RTVSPropertyOp3
 70
     1
102
RTVSPropertyOp4
 70
     1
102
RTVSPropertyOp5
 70
     1
102
RTVSPropertyOp6
 70
     1
102
RTVSPropertyOp7
 70
     1
102
RTVSPropertyOp8
 70
     1
102
RTVSPropertyOp9
 70
     1
102
RTVSPropertyOp10
 70
     1
102
RTVSPropertyOp11
 70
     1
102
RTVSPropertyOp12
 70
     1
102
RTVSPropertyOp13
 70
     1
102
RTVSPropertyOp14
 70
     1
102
RTVSPropertyOp15
 70
     1
102
RTVSPropertyOp16
 70
     1
102
RTVSPropertyOp17
 70
     1
102
RTVSPropertyOp18
 70
     1
102
RTVSPropertyOp19
 70
     1
102
RTVSPropertyOp20
 70
     1
102
RTVSPropertyOp21
 70
     1
102
RTVSPropertyOp22
 70
     1
102
RTVSPropertyOp23
 70
     1
102
RTVSPropertyOp24
 70
     1
102
RTVSPropertyOp25
 70
     1
102
RTVSPropertyOp26
 70
     1
102
RTVSPropertyOp27
 70
     1
102
RTVSPropertyOp28
 70
     1
102
RTVSPropertyOp29
 70
     1
102
RTVSPropertyOp30
 70
     1
102
RTVSPropertyOp31
 70
     1
102
RTVSPropertyOp32
 70
     1
102
RTVSPropertyOp33
 70
     1
102
RTVSPropertyOp34
 70
     1
102
RTVSPropertyOp35
 70
     1
102
RTVSPropertyOp36
 70
     1
102
RTVSPropertyOp37
 70
     1
102
RTVSPropertyOp38
 70
     1
102
RTVSPropertyOp39
 70
     1
102
RTVSPropertyOp40
 70
     1
102
RTVSPropertyOp41
 70
     1
102
RTVSPropertyOp42
 70
     1
102
RTVSPropertyOp43
 70
     1
102
RTVSPropertyOp44
 70
     1
102
RTVSPropertyOp45
 70
     1
102
RTVSPropertyOp46
 70
     1
102
RTVSPropertyOp47
 70
     1
102
RTVSPropertyOp48
 70
     1
102
RTVSPropertyOp49
 70
     1
102
RTVSPropertyOp50
 70
     1
102
RTVSPropertyOp51
 70
     0
102
RTVSPropertyOp52
 70
     0
102
RTVSPropertyOp53
 70
     1
102
RTVSPropertyOp54
 70
     1
102
RTVSPropertyOp55
 70
     1
102
RTVSPropertyOp56
 70
     1
102
RTVSPropertyOp57
 70
     1
102
RTVSPost2010Prop28
280
     0
102
RTVSPost2010PropOp28
 70
     1
102
RTVSPost2010Prop29
280
     1
102
RTVSPost2010PropOp29
 70
     1
102
RTVSPost2010Prop30
280
     1
102
RTVSPost2010PropOp30
 70
     1
102
RTVSPost2010Prop31
280
     0
102
RTVSPost2010PropOp31
 70
     1
102
RTVSPost2010Prop32
280
     0
102
RTVSPost2010PropOp32
 70
     1
102
RTVSPost2010Prop33
280
     0
102
RTVSPost2010PropOp33
 70
     1
102
RTVSPost2010Prop34
280
     0
102
RTVSPost2010PropOp34
 70
     1
102
RTVSPost2010Prop35
280
     0
102
RTVSPost2010PropOp35
 70
     1
102
RTVSPost2010Prop36
280
     0
102
RTVSPost2010PropOp36
 70
     1
102
RTVSPost2010Prop37
 90
       50
102
RTVSPost2010PropOp37
 70
     1
102
RTVSPost2010Prop38
140
0.0
102
RTVSPost2010PropOp38
 70
     1
102
RTVSPost2010Prop39
140
1.0
102
RTVSPost2010PropOp39
 70
     1
102
RTVSPost2010Prop40
 90
        0
102
RTVSPost2010PropOp40
 70
     1
102
RTVSPost2010Prop41ColorIndex
 90
       18
102
RTVSPost2010Prop41ColorRGB
 90
        0
102
RTVSPost2010PropOp41
 70
     1
102
RTVSPost2010Prop42
 90
       50
102
RTVSPost2010PropOp42
 70
     1
102
RTVSPost2010Prop43
 90
        3
102
RTVSPost2010PropOp43
 70
     1
102
RTVSPost2010Prop44ColorIndex
 90
        5
102
RTVSPost2010Prop44ColorRGB
 90
      255
102
RTVSPost2010PropOp44
 70
     1
102
RTVSPost2010Prop45
280
     0
102
RTVSPost2010PropOp45
 70
     1
102
RTVSPost2010Prop46
 90
       50
102
RTVSPost2010PropOp46
 70
     1
102
RTVSPost2010Prop47
 90
       50
102
RTVSPost2010PropOp47
 70
     1
102
RTVSPost2010Prop48
 90
       50
102
RTVSPost2010PropOp48
 70
     1
102
RTVSPost2010Prop49
280
     0
102
RTVSPost2010PropOp49
 70
     1
102
RTVSPost2010Prop50
 90
       50
102
RTVSPost2010PropOp50
 70
     1
102
RTVSPost2010Prop51ColorIndex
 90
      256
102
RTVSPost2010Prop51ColorRGB
 90
-16777216
102
RTVSPost2010PropOp51
 70
     0
102
RTVSPost2010Prop52
140
1.0
102
RTVSPost2010PropOp52
 70
     0
102
RTVSPost2010Prop53
 90
        2
102
RTVSPost2010PropOp53
 70
     1
102
RTVSPost2010Prop54
  1
strokes_ogs.tif
102
RTVSPost2010PropOp54
 70
     1
102
RTVSPost2010Prop55
280
     0
102
RTVSPost2010PropOp55
 70
     1
102
RTVSPost2010Prop56
140
1.0
102
RTVSPost2010PropOp56
 70
     1
102
RTVSPost2010Prop57
140
1.0
102
RTVSPost2010PropOp57
 70
     1
  0
XRECORD
  5
8D3D
102
{ACAD_REACTORS
330
8D3C
102
}
330
8D3C
100
AcDbXrecord
280
     1
102
RTVSPropertyOp0
 70
     1
102
RTVSPropertyOp1
 70
     1
102
RTVSPropertyOp2
 70
     1
102
RTVSPropertyOp3
 70
     1
102
RTVSPropertyOp4
 70
     1
102
RTVSPropertyOp5
 70
     1
102
RTVSPropertyOp6
 70
     1
102
RTVSPropertyOp7
 70
     1
102
RTVSPropertyOp8
 70
     1
102
RTVSPropertyOp9
 70
     1
102
RTVSPropertyOp10
 70
     1
102
RTVSPropertyOp11
 70
     1
102
RTVSPropertyOp12
 70
     1
102
RTVSPropertyOp13
 70
     1
102
RTVSPropertyOp14
 70
     1
102
RTVSPropertyOp15
 70
     1
102
RTVSPropertyOp16
 70
     1
102
RTVSPropertyOp17
 70
     1
102
RTVSPropertyOp18
 70
     1
102
RTVSPropertyOp19
 70
     1
102
RTVSPropertyOp20
 70
     1
102
RTVSPropertyOp21
 70
     1
102
RTVSPropertyOp22
 70
     1
102
RTVSPropertyOp23
 70
     1
102
RTVSPropertyOp24
 70
     1
102
RTVSPropertyOp25
 70
     1
102
RTVSPropertyOp26
 70
     1
102
RTVSPropertyOp27
 70
     1
102
RTVSPropertyOp28
 70
     1
102
RTVSPropertyOp29
 70
     1
102
RTVSPropertyOp30
 70
     1
102
RTVSPropertyOp31
 70
     1
102
RTVSPropertyOp32
 70
     1
102
RTVSPropertyOp33
 70
     1
102
RTVSPropertyOp34
 70
     1
102
RTVSPropertyOp35
 70
     1
102
RTVSPropertyOp36
 70
     1
102
RTVSPropertyOp37
 70
     1
102
RTVSPropertyOp38
 70
     1
102
RTVSPropertyOp39
 70
     1
102
RTVSPropertyOp40
 70
     1
102
RTVSPropertyOp41
 70
     1
102
RTVSPropertyOp42
 70
     1
102
RTVSPropertyOp43
 70
     1
102
RTVSPropertyOp44
 70
     1
102
RTVSPropertyOp45
 70
     1
102
RTVSPropertyOp46
 70
     1
102
RTVSPropertyOp47
 70
     1
102
RTVSPropertyOp48
 70
     1
102
RTVSPropertyOp49
 70
     1
102
RTVSPropertyOp50
 70
     1
102
RTVSPropertyOp51
 70
     0
102
RTVSPropertyOp52
 70
     0
102
RTVSPropertyOp53
 70
     1
102
RTVSPropertyOp54
 70
     1
102
RTVSPropertyOp55
 70
     1
102
RTVSPropertyOp56
 70
     1
102
RTVSPropertyOp57
 70
     1
102
RTVSPost2010Prop28
280
     0
102
RTVSPost2010PropOp28
 70
     1
102
RTVSPost2010Prop29
280
     1
102
RTVSPost2010PropOp29
 70
     1
102
RTVSPost2010Prop30
280
     1
102
RTVSPost2010PropOp30
 70
     1
102
RTVSPost2010Prop31
280
     0
102
RTVSPost2010PropOp31
 70
     1
102
RTVSPost2010Prop32
280
     0
102
RTVSPost2010PropOp32
 70
     1
102
RTVSPost2010Prop33
280
     0
102
RTVSPost2010PropOp33
 70
     1
102
RTVSPost2010Prop34
280
     0
102
RTVSPost2010PropOp34
 70
     1
102
RTVSPost2010Prop35
280
     0
102
RTVSPost2010PropOp35
 70
     1
102
RTVSPost2010Prop36
280
     0
102
RTVSPost2010PropOp36
 70
     1
102
RTVSPost2010Prop37
 90
       50
102
RTVSPost2010PropOp37
 70
     1
102
RTVSPost2010Prop38
140
0.0
102
RTVSPost2010PropOp38
 70
     1
102
RTVSPost2010Prop39
140
1.0
102
RTVSPost2010PropOp39
 70
     1
102
RTVSPost2010Prop40
 90
        0
102
RTVSPost2010PropOp40
 70
     1
102
RTVSPost2010Prop41ColorIndex
 90
       18
102
RTVSPost2010Prop41ColorRGB
 90
        0
102
RTVSPost2010PropOp41
 70
     1
102
RTVSPost2010Prop42
 90
       50
102
RTVSPost2010PropOp42
 70
     1
102
RTVSPost2010Prop43
 90
        3
102
RTVSPost2010PropOp43
 70
     1
102
RTVSPost2010Prop44ColorIndex
 90
        5
102
RTVSPost2010Prop44ColorRGB
 90
      255
102
RTVSPost2010PropOp44
 70
     1
102
RTVSPost2010Prop45
280
     0
102
RTVSPost2010PropOp45
 70
     1
102
RTVSPost2010Prop46
 90
       50
102
RTVSPost2010PropOp46
 70
     1
102
RTVSPost2010Prop47
 90
       50
102
RTVSPost2010PropOp47
 70
     1
102
RTVSPost2010Prop48
 90
       50
102
RTVSPost2010PropOp48
 70
     1
102
RTVSPost2010Prop49
280
     0
102
RTVSPost2010PropOp49
 70
     1
102
RTVSPost2010Prop50
 90
       50
102
RTVSPost2010PropOp50
 70
     1
102
RTVSPost2010Prop51ColorIndex
 90
      256
102
RTVSPost2010Prop51ColorRGB
 90
-16777216
102
RTVSPost2010PropOp51
 70
     0
102
RTVSPost2010Prop52
140
1.0
102
RTVSPost2010PropOp52
 70
     0
102
RTVSPost2010Prop53
 90
        2
102
RTVSPost2010PropOp53
 70
     1
102
RTVSPost2010Prop54
  1
strokes_ogs.tif
102
RTVSPost2010PropOp54
 70
     1
102
RTVSPost2010Prop55
280
     0
102
RTVSPost2010PropOp55
 70
     1
102
RTVSPost2010Prop56
140
1.0
102
RTVSPost2010PropOp56
 70
     1
102
RTVSPost2010Prop57
140
1.0
102
RTVSPost2010PropOp57
 70
     1
  0
XRECORD
  5
8D3F
102
{ACAD_REACTORS
330
8D3E
102
}
330
8D3E
100
AcDbXrecord
280
     1
102
RTVSPropertyOp0
 70
     1
102
RTVSPropertyOp1
 70
     1
102
RTVSPropertyOp2
 70
     1
102
RTVSPropertyOp3
 70
     1
102
RTVSPropertyOp4
 70
     1
102
RTVSPropertyOp5
 70
     1
102
RTVSPropertyOp6
 70
     1
102
RTVSPropertyOp7
 70
     1
102
RTVSPropertyOp8
 70
     1
102
RTVSPropertyOp9
 70
     1
102
RTVSPropertyOp10
 70
     1
102
RTVSPropertyOp11
 70
     1
102
RTVSPropertyOp12
 70
     1
102
RTVSPropertyOp13
 70
     1
102
RTVSPropertyOp14
 70
     1
102
RTVSPropertyOp15
 70
     1
102
RTVSPropertyOp16
 70
     1
102
RTVSPropertyOp17
 70
     1
102
RTVSPropertyOp18
 70
     1
102
RTVSPropertyOp19
 70
     1
102
RTVSPropertyOp20
 70
     1
102
RTVSPropertyOp21
 70
     1
102
RTVSPropertyOp22
 70
     1
102
RTVSPropertyOp23
 70
     1
102
RTVSPropertyOp24
 70
     1
102
RTVSPropertyOp25
 70
     1
102
RTVSPropertyOp26
 70
     1
102
RTVSPropertyOp27
 70
     1
102
RTVSPropertyOp28
 70
     1
102
RTVSPropertyOp29
 70
     1
102
RTVSPropertyOp30
 70
     1
102
RTVSPropertyOp31
 70
     1
102
RTVSPropertyOp32
 70
     1
102
RTVSPropertyOp33
 70
     1
102
RTVSPropertyOp34
 70
     1
102
RTVSPropertyOp35
 70
     1
102
RTVSPropertyOp36
 70
     1
102
RTVSPropertyOp37
 70
     1
102
RTVSPropertyOp38
 70
     1
102
RTVSPropertyOp39
 70
     1
102
RTVSPropertyOp40
 70
     1
102
RTVSPropertyOp41
 70
     1
102
RTVSPropertyOp42
 70
     1
102
RTVSPropertyOp43
 70
     1
102
RTVSPropertyOp44
 70
     1
102
RTVSPropertyOp45
 70
     1
102
RTVSPropertyOp46
 70
     1
102
RTVSPropertyOp47
 70
     1
102
RTVSPropertyOp48
 70
     1
102
RTVSPropertyOp49
 70
     1
102
RTVSPropertyOp50
 70
     1
102
RTVSPropertyOp51
 70
     0
102
RTVSPropertyOp52
 70
     0
102
RTVSPropertyOp53
 70
     1
102
RTVSPropertyOp54
 70
     1
102
RTVSPropertyOp55
 70
     1
102
RTVSPropertyOp56
 70
     1
102
RTVSPropertyOp57
 70
     1
102
RTVSPost2010Prop28
280
     0
102
RTVSPost2010PropOp28
 70
     1
102
RTVSPost2010Prop29
280
     1
102
RTVSPost2010PropOp29
 70
     1
102
RTVSPost2010Prop30
280
     1
102
RTVSPost2010PropOp30
 70
     1
102
RTVSPost2010Prop31
280
     0
102
RTVSPost2010PropOp31
 70
     1
102
RTVSPost2010Prop32
280
     0
102
RTVSPost2010PropOp32
 70
     1
102
RTVSPost2010Prop33
280
     0
102
RTVSPost2010PropOp33
 70
     1
102
RTVSPost2010Prop34
280
     0
102
RTVSPost2010PropOp34
 70
     1
102
RTVSPost2010Prop35
280
     0
102
RTVSPost2010PropOp35
 70
     1
102
RTVSPost2010Prop36
280
     0
102
RTVSPost2010PropOp36
 70
     1
102
RTVSPost2010Prop37
 90
       50
102
RTVSPost2010PropOp37
 70
     1
102
RTVSPost2010Prop38
140
0.0
102
RTVSPost2010PropOp38
 70
     1
102
RTVSPost2010Prop39
140
1.0
102
RTVSPost2010PropOp39
 70
     1
102
RTVSPost2010Prop40
 90
        0
102
RTVSPost2010PropOp40
 70
     1
102
RTVSPost2010Prop41ColorIndex
 90
       18
102
RTVSPost2010Prop41ColorRGB
 90
        0
102
RTVSPost2010PropOp41
 70
     1
102
RTVSPost2010Prop42
 90
       50
102
RTVSPost2010PropOp42
 70
     1
102
RTVSPost2010Prop43
 90
        3
102
RTVSPost2010PropOp43
 70
     1
102
RTVSPost2010Prop44ColorIndex
 90
        5
102
RTVSPost2010Prop44ColorRGB
 90
      255
102
RTVSPost2010PropOp44
 70
     1
102
RTVSPost2010Prop45
280
     0
102
RTVSPost2010PropOp45
 70
     1
102
RTVSPost2010Prop46
 90
       50
102
RTVSPost2010PropOp46
 70
     1
102
RTVSPost2010Prop47
 90
       50
102
RTVSPost2010PropOp47
 70
     1
102
RTVSPost2010Prop48
 90
       50
102
RTVSPost2010PropOp48
 70
     1
102
RTVSPost2010Prop49
280
     0
102
RTVSPost2010PropOp49
 70
     1
102
RTVSPost2010Prop50
 90
       50
102
RTVSPost2010PropOp50
 70
     1
102
RTVSPost2010Prop51ColorIndex
 90
      256
102
RTVSPost2010Prop51ColorRGB
 90
-16777216
102
RTVSPost2010PropOp51
 70
     0
102
RTVSPost2010Prop52
140
1.0
102
RTVSPost2010PropOp52
 70
     0
102
RTVSPost2010Prop53
 90
        2
102
RTVSPost2010PropOp53
 70
     1
102
RTVSPost2010Prop54
  1
strokes_ogs.tif
102
RTVSPost2010PropOp54
 70
     1
102
RTVSPost2010Prop55
280
     0
102
RTVSPost2010PropOp55
 70
     1
102
RTVSPost2010Prop56
140
1.0
102
RTVSPost2010PropOp56
 70
     1
102
RTVSPost2010Prop57
140
1.0
102
RTVSPost2010PropOp57
 70
     1
  0
XRECORD
  5
8D41
102
{ACAD_REACTORS
330
8D40
102
}
330
8D40
100
AcDbXrecord
280
     1
102
RTVSPropertyOp0
 70
     1
102
RTVSPropertyOp1
 70
     1
102
RTVSPropertyOp2
 70
     1
102
RTVSPropertyOp3
 70
     1
102
RTVSPropertyOp4
 70
     1
102
RTVSPropertyOp5
 70
     1
102
RTVSPropertyOp6
 70
     1
102
RTVSPropertyOp7
 70
     1
102
RTVSPropertyOp8
 70
     1
102
RTVSPropertyOp9
 70
     1
102
RTVSPropertyOp10
 70
     1
102
RTVSPropertyOp11
 70
     1
102
RTVSPropertyOp12
 70
     1
102
RTVSPropertyOp13
 70
     1
102
RTVSPropertyOp14
 70
     1
102
RTVSPropertyOp15
 70
     1
102
RTVSPropertyOp16
 70
     1
102
RTVSPropertyOp17
 70
     1
102
RTVSPropertyOp18
 70
     1
102
RTVSPropertyOp19
 70
     1
102
RTVSPropertyOp20
 70
     1
102
RTVSPropertyOp21
 70
     1
102
RTVSPropertyOp22
 70
     1
102
RTVSPropertyOp23
 70
     1
102
RTVSPropertyOp24
 70
     1
102
RTVSPropertyOp25
 70
     1
102
RTVSPropertyOp26
 70
     1
102
RTVSPropertyOp27
 70
     1
102
RTVSPropertyOp28
 70
     1
102
RTVSPropertyOp29
 70
     1
102
RTVSPropertyOp30
 70
     1
102
RTVSPropertyOp31
 70
     1
102
RTVSPropertyOp32
 70
     1
102
RTVSPropertyOp33
 70
     1
102
RTVSPropertyOp34
 70
     1
102
RTVSPropertyOp35
 70
     1
102
RTVSPropertyOp36
 70
     1
102
RTVSPropertyOp37
 70
     1
102
RTVSPropertyOp38
 70
     1
102
RTVSPropertyOp39
 70
     1
102
RTVSPropertyOp40
 70
     1
102
RTVSPropertyOp41
 70
     1
102
RTVSPropertyOp42
 70
     1
102
RTVSPropertyOp43
 70
     1
102
RTVSPropertyOp44
 70
     1
102
RTVSPropertyOp45
 70
     1
102
RTVSPropertyOp46
 70
     1
102
RTVSPropertyOp47
 70
     1
102
RTVSPropertyOp48
 70
     1
102
RTVSPropertyOp49
 70
     1
102
RTVSPropertyOp50
 70
     1
102
RTVSPropertyOp51
 70
     0
102
RTVSPropertyOp52
 70
     0
102
RTVSPropertyOp53
 70
     1
102
RTVSPropertyOp54
 70
     1
102
RTVSPropertyOp55
 70
     1
102
RTVSPropertyOp56
 70
     1
102
RTVSPropertyOp57
 70
     1
102
RTVSPost2010Prop28
280
     0
102
RTVSPost2010PropOp28
 70
     1
102
RTVSPost2010Prop29
280
     1
102
RTVSPost2010PropOp29
 70
     1
102
RTVSPost2010Prop30
280
     1
102
RTVSPost2010PropOp30
 70
     1
102
RTVSPost2010Prop31
280
     0
102
RTVSPost2010PropOp31
 70
     1
102
RTVSPost2010Prop32
280
     0
102
RTVSPost2010PropOp32
 70
     1
102
RTVSPost2010Prop33
280
     0
102
RTVSPost2010PropOp33
 70
     1
102
RTVSPost2010Prop34
280
     0
102
RTVSPost2010PropOp34
 70
     1
102
RTVSPost2010Prop35
280
     0
102
RTVSPost2010PropOp35
 70
     1
102
RTVSPost2010Prop36
280
     0
102
RTVSPost2010PropOp36
 70
     1
102
RTVSPost2010Prop37
 90
       50
102
RTVSPost2010PropOp37
 70
     1
102
RTVSPost2010Prop38
140
0.0
102
RTVSPost2010PropOp38
 70
     1
102
RTVSPost2010Prop39
140
1.0
102
RTVSPost2010PropOp39
 70
     1
102
RTVSPost2010Prop40
 90
        0
102
RTVSPost2010PropOp40
 70
     1
102
RTVSPost2010Prop41ColorIndex
 90
       18
102
RTVSPost2010Prop41ColorRGB
 90
        0
102
RTVSPost2010PropOp41
 70
     1
102
RTVSPost2010Prop42
 90
       50
102
RTVSPost2010PropOp42
 70
     1
102
RTVSPost2010Prop43
 90
        3
102
RTVSPost2010PropOp43
 70
     1
102
RTVSPost2010Prop44ColorIndex
 90
        5
102
RTVSPost2010Prop44ColorRGB
 90
      255
102
RTVSPost2010PropOp44
 70
     1
102
RTVSPost2010Prop45
280
     0
102
RTVSPost2010PropOp45
 70
     1
102
RTVSPost2010Prop46
 90
       50
102
RTVSPost2010PropOp46
 70
     1
102
RTVSPost2010Prop47
 90
       50
102
RTVSPost2010PropOp47
 70
     1
102
RTVSPost2010Prop48
 90
       50
102
RTVSPost2010PropOp48
 70
     1
102
RTVSPost2010Prop49
280
     0
102
RTVSPost2010PropOp49
 70
     1
102
RTVSPost2010Prop50
 90
       50
102
RTVSPost2010PropOp50
 70
     1
102
RTVSPost2010Prop51ColorIndex
 90
      256
102
RTVSPost2010Prop51ColorRGB
 90
-16777216
102
RTVSPost2010PropOp51
 70
     0
102
RTVSPost2010Prop52
140
1.0
102
RTVSPost2010PropOp52
 70
     0
102
RTVSPost2010Prop53
 90
        2
102
RTVSPost2010PropOp53
 70
     1
102
RTVSPost2010Prop54
  1
strokes_ogs.tif
102
RTVSPost2010PropOp54
 70
     1
102
RTVSPost2010Prop55
280
     0
102
RTVSPost2010PropOp55
 70
     1
102
RTVSPost2010Prop56
140
1.0
102
RTVSPost2010PropOp56
 70
     1
102
RTVSPost2010Prop57
140
1.0
102
RTVSPost2010PropOp57
 70
     1
  0
XRECORD
  5
8D43
102
{ACAD_REACTORS
330
8D42
102
}
330
8D42
100
AcDbXrecord
280
     1
102
RTVSPropertyOp0
 70
     0
102
RTVSPropertyOp1
 70
     0
102
RTVSPropertyOp2
 70
     0
102
RTVSPropertyOp3
 70
     0
102
RTVSPropertyOp4
 70
     0
102
RTVSPropertyOp5
 70
     0
102
RTVSPropertyOp6
 70
     0
102
RTVSPropertyOp7
 70
     0
102
RTVSPropertyOp8
 70
     0
102
RTVSPropertyOp9
 70
     0
102
RTVSPropertyOp10
 70
     0
102
RTVSPropertyOp11
 70
     0
102
RTVSPropertyOp12
 70
     0
102
RTVSPropertyOp13
 70
     0
102
RTVSPropertyOp14
 70
     2
102
RTVSPropertyOp15
 70
     0
102
RTVSPropertyOp16
 70
     0
102
RTVSPropertyOp17
 70
     0
102
RTVSPropertyOp18
 70
     0
102
RTVSPropertyOp19
 70
     0
102
RTVSPropertyOp20
 70
     0
102
RTVSPropertyOp21
 70
     0
102
RTVSPropertyOp22
 70
     0
102
RTVSPropertyOp23
 70
     0
102
RTVSPropertyOp24
 70
     0
102
RTVSPropertyOp25
 70
     0
102
RTVSPropertyOp26
 70
     0
102
RTVSPropertyOp27
 70
     0
102
RTVSPropertyOp28
 70
     1
102
RTVSPropertyOp29
 70
     1
102
RTVSPropertyOp30
 70
     1
102
RTVSPropertyOp31
 70
     1
102
RTVSPropertyOp32
 70
     1
102
RTVSPropertyOp33
 70
     1
102
RTVSPropertyOp34
 70
     1
102
RTVSPropertyOp35
 70
     1
102
RTVSPropertyOp36
 70
     1
102
RTVSPropertyOp37
 70
     0
102
RTVSPropertyOp38
 70
     0
102
RTVSPropertyOp39
 70
     0
102
RTVSPropertyOp40
 70
     0
102
RTVSPropertyOp41
 70
     0
102
RTVSPropertyOp42
 70
     0
102
RTVSPropertyOp43
 70
     0
102
RTVSPropertyOp44
 70
     0
102
RTVSPropertyOp45
 70
     1
102
RTVSPropertyOp46
 70
     0
102
RTVSPropertyOp47
 70
     0
102
RTVSPropertyOp48
 70
     0
102
RTVSPropertyOp49
 70
     1
102
RTVSPropertyOp50
 70
     0
102
RTVSPropertyOp51
 70
     0
102
RTVSPropertyOp52
 70
     0
102
RTVSPropertyOp53
 70
     0
102
RTVSPropertyOp54
 70
     0
102
RTVSPropertyOp55
 70
     1
102
RTVSPropertyOp56
 70
     0
102
RTVSPropertyOp57
 70
     0
102
RTVSPost2010Prop28
280
     0
102
RTVSPost2010PropOp28
 70
     1
102
RTVSPost2010Prop29
280
     1
102
RTVSPost2010PropOp29
 70
     1
102
RTVSPost2010Prop30
280
     1
102
RTVSPost2010PropOp30
 70
     1
102
RTVSPost2010Prop31
280
     0
102
RTVSPost2010PropOp31
 70
     1
102
RTVSPost2010Prop32
280
     0
102
RTVSPost2010PropOp32
 70
     1
102
RTVSPost2010Prop33
280
     0
102
RTVSPost2010PropOp33
 70
     1
102
RTVSPost2010Prop34
280
     0
102
RTVSPost2010PropOp34
 70
     1
102
RTVSPost2010Prop35
280
     0
102
RTVSPost2010PropOp35
 70
     1
102
RTVSPost2010Prop36
280
     0
102
RTVSPost2010PropOp36
 70
     1
102
RTVSPost2010Prop37
 90
       50
102
RTVSPost2010PropOp37
 70
     0
102
RTVSPost2010Prop38
140
0.0
102
RTVSPost2010PropOp38
 70
     0
102
RTVSPost2010Prop39
140
1.0
102
RTVSPost2010PropOp39
 70
     0
102
RTVSPost2010Prop40
 90
        0
102
RTVSPost2010PropOp40
 70
     0
102
RTVSPost2010Prop41ColorIndex
 90
       18
102
RTVSPost2010Prop41ColorRGB
 90
        0
102
RTVSPost2010PropOp41
 70
     0
102
RTVSPost2010Prop42
 90
       50
102
RTVSPost2010PropOp42
 70
     0
102
RTVSPost2010Prop43
 90
        3
102
RTVSPost2010PropOp43
 70
     0
102
RTVSPost2010Prop44ColorIndex
 90
        5
102
RTVSPost2010Prop44ColorRGB
 90
      255
102
RTVSPost2010PropOp44
 70
     0
102
RTVSPost2010Prop45
280
     0
102
RTVSPost2010PropOp45
 70
     1
102
RTVSPost2010Prop46
 90
       50
102
RTVSPost2010PropOp46
 70
     0
102
RTVSPost2010Prop47
 90
       50
102
RTVSPost2010PropOp47
 70
     0
102
RTVSPost2010Prop48
 90
       50
102
RTVSPost2010PropOp48
 70
     0
102
RTVSPost2010Prop49
280
     0
102
RTVSPost2010PropOp49
 70
     1
102
RTVSPost2010Prop50
 90
       50
102
RTVSPost2010PropOp50
 70
     0
102
RTVSPost2010Prop51ColorIndex
 90
      256
102
RTVSPost2010Prop51ColorRGB
 90
-16777216
102
RTVSPost2010PropOp51
 70
     0
102
RTVSPost2010Prop52
140
1.0
102
RTVSPost2010PropOp52
 70
     0
102
RTVSPost2010Prop53
 90
        2
102
RTVSPost2010PropOp53
 70
     0
102
RTVSPost2010Prop54
  1
strokes_ogs.tif
102
RTVSPost2010PropOp54
 70
     0
102
RTVSPost2010Prop55
280
     0
102
RTVSPost2010PropOp55
 70
     1
102
RTVSPost2010Prop56
140
1.0
102
RTVSPost2010PropOp56
 70
     0
102
RTVSPost2010Prop57
140
1.0
102
RTVSPost2010PropOp57
 70
     0
  0
XRECORD
  5
8D45
102
{ACAD_REACTORS
330
8D44
102
}
330
8D44
100
AcDbXrecord
280
     1
102
RTVSPropertyOp0
 70
     1
102
RTVSPropertyOp1
 70
     1
102
RTVSPropertyOp2
 70
     1
102
RTVSPropertyOp3
 70
     1
102
RTVSPropertyOp4
 70
     1
102
RTVSPropertyOp5
 70
     1
102
RTVSPropertyOp6
 70
     1
102
RTVSPropertyOp7
 70
     1
102
RTVSPropertyOp8
 70
     1
102
RTVSPropertyOp9
 70
     1
102
RTVSPropertyOp10
 70
     1
102
RTVSPropertyOp11
 70
     1
102
RTVSPropertyOp12
 70
     1
102
RTVSPropertyOp13
 70
     1
102
RTVSPropertyOp14
 70
     1
102
RTVSPropertyOp15
 70
     1
102
RTVSPropertyOp16
 70
     1
102
RTVSPropertyOp17
 70
     1
102
RTVSPropertyOp18
 70
     1
102
RTVSPropertyOp19
 70
     1
102
RTVSPropertyOp20
 70
     1
102
RTVSPropertyOp21
 70
     1
102
RTVSPropertyOp22
 70
     1
102
RTVSPropertyOp23
 70
     1
102
RTVSPropertyOp24
 70
     1
102
RTVSPropertyOp25
 70
     1
102
RTVSPropertyOp26
 70
     1
102
RTVSPropertyOp27
 70
     1
102
RTVSPropertyOp28
 70
     1
102
RTVSPropertyOp29
 70
     1
102
RTVSPropertyOp30
 70
     1
102
RTVSPropertyOp31
 70
     1
102
RTVSPropertyOp32
 70
     1
102
RTVSPropertyOp33
 70
     1
102
RTVSPropertyOp34
 70
     1
102
RTVSPropertyOp35
 70
     1
102
RTVSPropertyOp36
 70
     1
102
RTVSPropertyOp37
 70
     1
102
RTVSPropertyOp38
 70
     1
102
RTVSPropertyOp39
 70
     1
102
RTVSPropertyOp40
 70
     1
102
RTVSPropertyOp41
 70
     1
102
RTVSPropertyOp42
 70
     1
102
RTVSPropertyOp43
 70
     1
102
RTVSPropertyOp44
 70
     1
102
RTVSPropertyOp45
 70
     1
102
RTVSPropertyOp46
 70
     1
102
RTVSPropertyOp47
 70
     1
102
RTVSPropertyOp48
 70
     1
102
RTVSPropertyOp49
 70
     1
102
RTVSPropertyOp50
 70
     1
102
RTVSPropertyOp51
 70
     0
102
RTVSPropertyOp52
 70
     0
102
RTVSPropertyOp53
 70
     1
102
RTVSPropertyOp54
 70
     1
102
RTVSPropertyOp55
 70
     1
102
RTVSPropertyOp56
 70
     1
102
RTVSPropertyOp57
 70
     1
102
RTVSPost2010Prop28
280
     0
102
RTVSPost2010PropOp28
 70
     1
102
RTVSPost2010Prop29
280
     1
102
RTVSPost2010PropOp29
 70
     1
102
RTVSPost2010Prop30
280
     1
102
RTVSPost2010PropOp30
 70
     1
102
RTVSPost2010Prop31
280
     0
102
RTVSPost2010PropOp31
 70
     1
102
RTVSPost2010Prop32
280
     0
102
RTVSPost2010PropOp32
 70
     1
102
RTVSPost2010Prop33
280
     0
102
RTVSPost2010PropOp33
 70
     1
102
RTVSPost2010Prop34
280
     0
102
RTVSPost2010PropOp34
 70
     1
102
RTVSPost2010Prop35
280
     0
102
RTVSPost2010PropOp35
 70
     1
102
RTVSPost2010Prop36
280
     0
102
RTVSPost2010PropOp36
 70
     1
102
RTVSPost2010Prop37
 90
       50
102
RTVSPost2010PropOp37
 70
     1
102
RTVSPost2010Prop38
140
0.0
102
RTVSPost2010PropOp38
 70
     1
102
RTVSPost2010Prop39
140
1.0
102
RTVSPost2010PropOp39
 70
     1
102
RTVSPost2010Prop40
 90
        0
102
RTVSPost2010PropOp40
 70
     1
102
RTVSPost2010Prop41ColorIndex
 90
       18
102
RTVSPost2010Prop41ColorRGB
 90
        0
102
RTVSPost2010PropOp41
 70
     1
102
RTVSPost2010Prop42
 90
       50
102
RTVSPost2010PropOp42
 70
     1
102
RTVSPost2010Prop43
 90
        3
102
RTVSPost2010PropOp43
 70
     1
102
RTVSPost2010Prop44ColorIndex
 90
        5
102
RTVSPost2010Prop44ColorRGB
 90
      255
102
RTVSPost2010PropOp44
 70
     1
102
RTVSPost2010Prop45
280
     0
102
RTVSPost2010PropOp45
 70
     1
102
RTVSPost2010Prop46
 90
       50
102
RTVSPost2010PropOp46
 70
     1
102
RTVSPost2010Prop47
 90
       50
102
RTVSPost2010PropOp47
 70
     1
102
RTVSPost2010Prop48
 90
       50
102
RTVSPost2010PropOp48
 70
     1
102
RTVSPost2010Prop49
280
     0
102
RTVSPost2010PropOp49
 70
     1
102
RTVSPost2010Prop50
 90
       50
102
RTVSPost2010PropOp50
 70
     1
102
RTVSPost2010Prop51ColorIndex
 90
      256
102
RTVSPost2010Prop51ColorRGB
 90
-16777216
102
RTVSPost2010PropOp51
 70
     0
102
RTVSPost2010Prop52
140
1.0
102
RTVSPost2010PropOp52
 70
     0
102
RTVSPost2010Prop53
 90
        2
102
RTVSPost2010PropOp53
 70
     1
102
RTVSPost2010Prop54
  1
strokes_ogs.tif
102
RTVSPost2010PropOp54
 70
     1
102
RTVSPost2010Prop55
280
     0
102
RTVSPost2010PropOp55
 70
     1
102
RTVSPost2010Prop56
140
1.0
102
RTVSPost2010PropOp56
 70
     1
102
RTVSPost2010Prop57
140
1.0
102
RTVSPost2010PropOp57
 70
     1
  0
XRECORD
  5
8D47
102
{ACAD_REACTORS
330
8D46
102
}
330
8D46
100
AcDbXrecord
280
     1
102
RTVSPropertyOp0
 70
     0
102
RTVSPropertyOp1
 70
     0
102
RTVSPropertyOp2
 70
     0
102
RTVSPropertyOp3
 70
     0
102
RTVSPropertyOp4
 70
     0
102
RTVSPropertyOp5
 70
     0
102
RTVSPropertyOp6
 70
     0
102
RTVSPropertyOp7
 70
     0
102
RTVSPropertyOp8
 70
     0
102
RTVSPropertyOp9
 70
     0
102
RTVSPropertyOp10
 70
     0
102
RTVSPropertyOp11
 70
     0
102
RTVSPropertyOp12
 70
     0
102
RTVSPropertyOp13
 70
     0
102
RTVSPropertyOp14
 70
     2
102
RTVSPropertyOp15
 70
     0
102
RTVSPropertyOp16
 70
     0
102
RTVSPropertyOp17
 70
     0
102
RTVSPropertyOp18
 70
     0
102
RTVSPropertyOp19
 70
     0
102
RTVSPropertyOp20
 70
     0
102
RTVSPropertyOp21
 70
     0
102
RTVSPropertyOp22
 70
     0
102
RTVSPropertyOp23
 70
     0
102
RTVSPropertyOp24
 70
     0
102
RTVSPropertyOp25
 70
     0
102
RTVSPropertyOp26
 70
     0
102
RTVSPropertyOp27
 70
     0
102
RTVSPropertyOp28
 70
     1
102
RTVSPropertyOp29
 70
     1
102
RTVSPropertyOp30
 70
     1
102
RTVSPropertyOp31
 70
     1
102
RTVSPropertyOp32
 70
     1
102
RTVSPropertyOp33
 70
     1
102
RTVSPropertyOp34
 70
     1
102
RTVSPropertyOp35
 70
     1
102
RTVSPropertyOp36
 70
     1
102
RTVSPropertyOp37
 70
     0
102
RTVSPropertyOp38
 70
     0
102
RTVSPropertyOp39
 70
     0
102
RTVSPropertyOp40
 70
     0
102
RTVSPropertyOp41
 70
     0
102
RTVSPropertyOp42
 70
     0
102
RTVSPropertyOp43
 70
     0
102
RTVSPropertyOp44
 70
     0
102
RTVSPropertyOp45
 70
     1
102
RTVSPropertyOp46
 70
     0
102
RTVSPropertyOp47
 70
     0
102
RTVSPropertyOp48
 70
     0
102
RTVSPropertyOp49
 70
     1
102
RTVSPropertyOp50
 70
     0
102
RTVSPropertyOp51
 70
     0
102
RTVSPropertyOp52
 70
     0
102
RTVSPropertyOp53
 70
     0
102
RTVSPropertyOp54
 70
     0
102
RTVSPropertyOp55
 70
     1
102
RTVSPropertyOp56
 70
     0
102
RTVSPropertyOp57
 70
     0
102
RTVSPost2010Prop28
280
     0
102
RTVSPost2010PropOp28
 70
     1
102
RTVSPost2010Prop29
280
     1
102
RTVSPost2010PropOp29
 70
     1
102
RTVSPost2010Prop30
280
     1
102
RTVSPost2010PropOp30
 70
     1
102
RTVSPost2010Prop31
280
     0
102
RTVSPost2010PropOp31
 70
     1
102
RTVSPost2010Prop32
280
     0
102
RTVSPost2010PropOp32
 70
     1
102
RTVSPost2010Prop33
280
     0
102
RTVSPost2010PropOp33
 70
     1
102
RTVSPost2010Prop34
280
     0
102
RTVSPost2010PropOp34
 70
     1
102
RTVSPost2010Prop35
280
     0
102
RTVSPost2010PropOp35
 70
     1
102
RTVSPost2010Prop36
280
     0
102
RTVSPost2010PropOp36
 70
     1
102
RTVSPost2010Prop37
 90
       50
102
RTVSPost2010PropOp37
 70
     0
102
RTVSPost2010Prop38
140
0.0
102
RTVSPost2010PropOp38
 70
     0
102
RTVSPost2010Prop39
140
1.0
102
RTVSPost2010PropOp39
 70
     0
102
RTVSPost2010Prop40
 90
        0
102
RTVSPost2010PropOp40
 70
     0
102
RTVSPost2010Prop41ColorIndex
 90
       18
102
RTVSPost2010Prop41ColorRGB
 90
        0
102
RTVSPost2010PropOp41
 70
     0
102
RTVSPost2010Prop42
 90
       50
102
RTVSPost2010PropOp42
 70
     0
102
RTVSPost2010Prop43
 90
        3
102
RTVSPost2010PropOp43
 70
     0
102
RTVSPost2010Prop44ColorIndex
 90
        5
102
RTVSPost2010Prop44ColorRGB
 90
      255
102
RTVSPost2010PropOp44
 70
     0
102
RTVSPost2010Prop45
280
     0
102
RTVSPost2010PropOp45
 70
     1
102
RTVSPost2010Prop46
 90
       50
102
RTVSPost2010PropOp46
 70
     0
102
RTVSPost2010Prop47
 90
       50
102
RTVSPost2010PropOp47
 70
     0
102
RTVSPost2010Prop48
 90
       50
102
RTVSPost2010PropOp48
 70
     0
102
RTVSPost2010Prop49
280
     0
102
RTVSPost2010PropOp49
 70
     1
102
RTVSPost2010Prop50
 90
       50
102
RTVSPost2010PropOp50
 70
     0
102
RTVSPost2010Prop51ColorIndex
 90
      256
102
RTVSPost2010Prop51ColorRGB
 90
-16777216
102
RTVSPost2010PropOp51
 70
     0
102
RTVSPost2010Prop52
140
1.0
102
RTVSPost2010PropOp52
 70
     0
102
RTVSPost2010Prop53
 90
        2
102
RTVSPost2010PropOp53
 70
     0
102
RTVSPost2010Prop54
  1
strokes_ogs.tif
102
RTVSPost2010PropOp54
 70
     0
102
RTVSPost2010Prop55
280
     0
102
RTVSPost2010PropOp55
 70
     1
102
RTVSPost2010Prop56
140
1.0
102
RTVSPost2010PropOp56
 70
     0
102
RTVSPost2010Prop57
140
1.0
102
RTVSPost2010PropOp57
 70
     0
  0
XRECORD
  5
8D49
102
{ACAD_REACTORS
330
8D48
102
}
330
8D48
100
AcDbXrecord
280
     1
102
RTVSPropertyOp0
 70
     1
102
RTVSPropertyOp1
 70
     1
102
RTVSPropertyOp2
 70
     1
102
RTVSPropertyOp3
 70
     1
102
RTVSPropertyOp4
 70
     1
102
RTVSPropertyOp5
 70
     1
102
RTVSPropertyOp6
 70
     1
102
RTVSPropertyOp7
 70
     1
102
RTVSPropertyOp8
 70
     1
102
RTVSPropertyOp9
 70
     1
102
RTVSPropertyOp10
 70
     1
102
RTVSPropertyOp11
 70
     1
102
RTVSPropertyOp12
 70
     1
102
RTVSPropertyOp13
 70
     1
102
RTVSPropertyOp14
 70
     1
102
RTVSPropertyOp15
 70
     1
102
RTVSPropertyOp16
 70
     1
102
RTVSPropertyOp17
 70
     1
102
RTVSPropertyOp18
 70
     1
102
RTVSPropertyOp19
 70
     1
102
RTVSPropertyOp20
 70
     1
102
RTVSPropertyOp21
 70
     1
102
RTVSPropertyOp22
 70
     1
102
RTVSPropertyOp23
 70
     1
102
RTVSPropertyOp24
 70
     1
102
RTVSPropertyOp25
 70
     1
102
RTVSPropertyOp26
 70
     1
102
RTVSPropertyOp27
 70
     1
102
RTVSPropertyOp28
 70
     1
102
RTVSPropertyOp29
 70
     1
102
RTVSPropertyOp30
 70
     1
102
RTVSPropertyOp31
 70
     1
102
RTVSPropertyOp32
 70
     1
102
RTVSPropertyOp33
 70
     1
102
RTVSPropertyOp34
 70
     1
102
RTVSPropertyOp35
 70
     1
102
RTVSPropertyOp36
 70
     1
102
RTVSPropertyOp37
 70
     1
102
RTVSPropertyOp38
 70
     1
102
RTVSPropertyOp39
 70
     1
102
RTVSPropertyOp40
 70
     1
102
RTVSPropertyOp41
 70
     1
102
RTVSPropertyOp42
 70
     1
102
RTVSPropertyOp43
 70
     1
102
RTVSPropertyOp44
 70
     1
102
RTVSPropertyOp45
 70
     1
102
RTVSPropertyOp46
 70
     1
102
RTVSPropertyOp47
 70
     1
102
RTVSPropertyOp48
 70
     1
102
RTVSPropertyOp49
 70
     1
102
RTVSPropertyOp50
 70
     1
102
RTVSPropertyOp51
 70
     0
102
RTVSPropertyOp52
 70
     0
102
RTVSPropertyOp53
 70
     1
102
RTVSPropertyOp54
 70
     1
102
RTVSPropertyOp55
 70
     1
102
RTVSPropertyOp56
 70
     1
102
RTVSPropertyOp57
 70
     1
102
RTVSPost2010Prop28
280
     0
102
RTVSPost2010PropOp28
 70
     1
102
RTVSPost2010Prop29
280
     1
102
RTVSPost2010PropOp29
 70
     1
102
RTVSPost2010Prop30
280
     1
102
RTVSPost2010PropOp30
 70
     1
102
RTVSPost2010Prop31
280
     0
102
RTVSPost2010PropOp31
 70
     1
102
RTVSPost2010Prop32
280
     0
102
RTVSPost2010PropOp32
 70
     1
102
RTVSPost2010Prop33
280
     0
102
RTVSPost2010PropOp33
 70
     1
102
RTVSPost2010Prop34
280
     0
102
RTVSPost2010PropOp34
 70
     1
102
RTVSPost2010Prop35
280
     0
102
RTVSPost2010PropOp35
 70
     1
102
RTVSPost2010Prop36
280
     0
102
RTVSPost2010PropOp36
 70
     1
102
RTVSPost2010Prop37
 90
       50
102
RTVSPost2010PropOp37
 70
     1
102
RTVSPost2010Prop38
140
0.0
102
RTVSPost2010PropOp38
 70
     1
102
RTVSPost2010Prop39
140
1.0
102
RTVSPost2010PropOp39
 70
     1
102
RTVSPost2010Prop40
 90
        0
102
RTVSPost2010PropOp40
 70
     1
102
RTVSPost2010Prop41ColorIndex
 90
       18
102
RTVSPost2010Prop41ColorRGB
 90
        0
102
RTVSPost2010PropOp41
 70
     1
102
RTVSPost2010Prop42
 90
       50
102
RTVSPost2010PropOp42
 70
     1
102
RTVSPost2010Prop43
 90
        3
102
RTVSPost2010PropOp43
 70
     1
102
RTVSPost2010Prop44ColorIndex
 90
        5
102
RTVSPost2010Prop44ColorRGB
 90
      255
102
RTVSPost2010PropOp44
 70
     1
102
RTVSPost2010Prop45
280
     0
102
RTVSPost2010PropOp45
 70
     1
102
RTVSPost2010Prop46
 90
       50
102
RTVSPost2010PropOp46
 70
     1
102
RTVSPost2010Prop47
 90
       50
102
RTVSPost2010PropOp47
 70
     1
102
RTVSPost2010Prop48
 90
       50
102
RTVSPost2010PropOp48
 70
     1
102
RTVSPost2010Prop49
280
     0
102
RTVSPost2010PropOp49
 70
     1
102
RTVSPost2010Prop50
 90
       50
102
RTVSPost2010PropOp50
 70
     1
102
RTVSPost2010Prop51ColorIndex
 90
      256
102
RTVSPost2010Prop51ColorRGB
 90
-16777216
102
RTVSPost2010PropOp51
 70
     0
102
RTVSPost2010Prop52
140
1.0
102
RTVSPost2010PropOp52
 70
     0
102
RTVSPost2010Prop53
 90
        2
102
RTVSPost2010PropOp53
 70
     1
102
RTVSPost2010Prop54
  1
strokes_ogs.tif
102
RTVSPost2010PropOp54
 70
     1
102
RTVSPost2010Prop55
280
     0
102
RTVSPost2010PropOp55
 70
     1
102
RTVSPost2010Prop56
140
1.0
102
RTVSPost2010PropOp56
 70
     1
102
RTVSPost2010Prop57
140
1.0
102
RTVSPost2010PropOp57
 70
     1
  0
XRECORD
  5
8D4B
102
{ACAD_REACTORS
330
8D4A
102
}
330
8D4A
100
AcDbXrecord
280
     1
102
RTVSPropertyOp0
 70
     1
102
RTVSPropertyOp1
 70
     1
102
RTVSPropertyOp2
 70
     1
102
RTVSPropertyOp3
 70
     1
102
RTVSPropertyOp4
 70
     1
102
RTVSPropertyOp5
 70
     1
102
RTVSPropertyOp6
 70
     1
102
RTVSPropertyOp7
 70
     1
102
RTVSPropertyOp8
 70
     1
102
RTVSPropertyOp9
 70
     1
102
RTVSPropertyOp10
 70
     1
102
RTVSPropertyOp11
 70
     1
102
RTVSPropertyOp12
 70
     1
102
RTVSPropertyOp13
 70
     1
102
RTVSPropertyOp14
 70
     1
102
RTVSPropertyOp15
 70
     1
102
RTVSPropertyOp16
 70
     1
102
RTVSPropertyOp17
 70
     1
102
RTVSPropertyOp18
 70
     1
102
RTVSPropertyOp19
 70
     1
102
RTVSPropertyOp20
 70
     1
102
RTVSPropertyOp21
 70
     1
102
RTVSPropertyOp22
 70
     1
102
RTVSPropertyOp23
 70
     1
102
RTVSPropertyOp24
 70
     1
102
RTVSPropertyOp25
 70
     1
102
RTVSPropertyOp26
 70
     1
102
RTVSPropertyOp27
 70
     1
102
RTVSPropertyOp28
 70
     1
102
RTVSPropertyOp29
 70
     1
102
RTVSPropertyOp30
 70
     1
102
RTVSPropertyOp31
 70
     1
102
RTVSPropertyOp32
 70
     1
102
RTVSPropertyOp33
 70
     1
102
RTVSPropertyOp34
 70
     1
102
RTVSPropertyOp35
 70
     1
102
RTVSPropertyOp36
 70
     1
102
RTVSPropertyOp37
 70
     1
102
RTVSPropertyOp38
 70
     1
102
RTVSPropertyOp39
 70
     1
102
RTVSPropertyOp40
 70
     1
102
RTVSPropertyOp41
 70
     1
102
RTVSPropertyOp42
 70
     1
102
RTVSPropertyOp43
 70
     1
102
RTVSPropertyOp44
 70
     1
102
RTVSPropertyOp45
 70
     1
102
RTVSPropertyOp46
 70
     1
102
RTVSPropertyOp47
 70
     1
102
RTVSPropertyOp48
 70
     1
102
RTVSPropertyOp49
 70
     1
102
RTVSPropertyOp50
 70
     1
102
RTVSPropertyOp51
 70
     0
102
RTVSPropertyOp52
 70
     0
102
RTVSPropertyOp53
 70
     1
102
RTVSPropertyOp54
 70
     1
102
RTVSPropertyOp55
 70
     1
102
RTVSPropertyOp56
 70
     1
102
RTVSPropertyOp57
 70
     1
102
RTVSPost2010Prop28
280
     0
102
RTVSPost2010PropOp28
 70
     1
102
RTVSPost2010Prop29
280
     1
102
RTVSPost2010PropOp29
 70
     1
102
RTVSPost2010Prop30
280
     1
102
RTVSPost2010PropOp30
 70
     1
102
RTVSPost2010Prop31
280
     0
102
RTVSPost2010PropOp31
 70
     1
102
RTVSPost2010Prop32
280
     0
102
RTVSPost2010PropOp32
 70
     1
102
RTVSPost2010Prop33
280
     0
102
RTVSPost2010PropOp33
 70
     1
102
RTVSPost2010Prop34
280
     0
102
RTVSPost2010PropOp34
 70
     1
102
RTVSPost2010Prop35
280
     0
102
RTVSPost2010PropOp35
 70
     1
102
RTVSPost2010Prop36
280
     0
102
RTVSPost2010PropOp36
 70
     1
102
RTVSPost2010Prop37
 90
       50
102
RTVSPost2010PropOp37
 70
     1
102
RTVSPost2010Prop38
140
0.0
102
RTVSPost2010PropOp38
 70
     1
102
RTVSPost2010Prop39
140
1.0
102
RTVSPost2010PropOp39
 70
     1
102
RTVSPost2010Prop40
 90
        0
102
RTVSPost2010PropOp40
 70
     1
102
RTVSPost2010Prop41ColorIndex
 90
       18
102
RTVSPost2010Prop41ColorRGB
 90
        0
102
RTVSPost2010PropOp41
 70
     1
102
RTVSPost2010Prop42
 90
       50
102
RTVSPost2010PropOp42
 70
     1
102
RTVSPost2010Prop43
 90
        3
102
RTVSPost2010PropOp43
 70
     1
102
RTVSPost2010Prop44ColorIndex
 90
        5
102
RTVSPost2010Prop44ColorRGB
 90
      255
102
RTVSPost2010PropOp44
 70
     1
102
RTVSPost2010Prop45
280
     0
102
RTVSPost2010PropOp45
 70
     1
102
RTVSPost2010Prop46
 90
       50
102
RTVSPost2010PropOp46
 70
     1
102
RTVSPost2010Prop47
 90
       50
102
RTVSPost2010PropOp47
 70
     1
102
RTVSPost2010Prop48
 90
       50
102
RTVSPost2010PropOp48
 70
     1
102
RTVSPost2010Prop49
280
     0
102
RTVSPost2010PropOp49
 70
     1
102
RTVSPost2010Prop50
 90
       50
102
RTVSPost2010PropOp50
 70
     1
102
RTVSPost2010Prop51ColorIndex
 90
      256
102
RTVSPost2010Prop51ColorRGB
 90
-16777216
102
RTVSPost2010PropOp51
 70
     0
102
RTVSPost2010Prop52
140
1.0
102
RTVSPost2010PropOp52
 70
     0
102
RTVSPost2010Prop53
 90
        2
102
RTVSPost2010PropOp53
 70
     1
102
RTVSPost2010Prop54
  1
strokes_ogs.tif
102
RTVSPost2010PropOp54
 70
     1
102
RTVSPost2010Prop55
280
     0
102
RTVSPost2010PropOp55
 70
     1
102
RTVSPost2010Prop56
140
1.0
102
RTVSPost2010PropOp56
 70
     1
102
RTVSPost2010Prop57
140
1.0
102
RTVSPost2010PropOp57
 70
     1
  0
XRECORD
  5
8D4D
102
{ACAD_REACTORS
330
8D4C
102
}
330
8D4C
100
AcDbXrecord
280
     1
102
RTVSPropertyOp0
 70
     1
102
RTVSPropertyOp1
 70
     1
102
RTVSPropertyOp2
 70
     1
102
RTVSPropertyOp3
 70
     1
102
RTVSPropertyOp4
 70
     1
102
RTVSPropertyOp5
 70
     1
102
RTVSPropertyOp6
 70
     1
102
RTVSPropertyOp7
 70
     1
102
RTVSPropertyOp8
 70
     1
102
RTVSPropertyOp9
 70
     1
102
RTVSPropertyOp10
 70
     1
102
RTVSPropertyOp11
 70
     1
102
RTVSPropertyOp12
 70
     1
102
RTVSPropertyOp13
 70
     1
102
RTVSPropertyOp14
 70
     1
102
RTVSPropertyOp15
 70
     1
102
RTVSPropertyOp16
 70
     1
102
RTVSPropertyOp17
 70
     1
102
RTVSPropertyOp18
 70
     1
102
RTVSPropertyOp19
 70
     1
102
RTVSPropertyOp20
 70
     1
102
RTVSPropertyOp21
 70
     1
102
RTVSPropertyOp22
 70
     1
102
RTVSPropertyOp23
 70
     1
102
RTVSPropertyOp24
 70
     1
102
RTVSPropertyOp25
 70
     1
102
RTVSPropertyOp26
 70
     1
102
RTVSPropertyOp27
 70
     1
102
RTVSPropertyOp28
 70
     1
102
RTVSPropertyOp29
 70
     1
102
RTVSPropertyOp30
 70
     1
102
RTVSPropertyOp31
 70
     1
102
RTVSPropertyOp32
 70
     1
102
RTVSPropertyOp33
 70
     1
102
RTVSPropertyOp34
 70
     1
102
RTVSPropertyOp35
 70
     1
102
RTVSPropertyOp36
 70
     1
102
RTVSPropertyOp37
 70
     1
102
RTVSPropertyOp38
 70
     1
102
RTVSPropertyOp39
 70
     1
102
RTVSPropertyOp40
 70
     1
102
RTVSPropertyOp41
 70
     1
102
RTVSPropertyOp42
 70
     1
102
RTVSPropertyOp43
 70
     1
102
RTVSPropertyOp44
 70
     1
102
RTVSPropertyOp45
 70
     1
102
RTVSPropertyOp46
 70
     1
102
RTVSPropertyOp47
 70
     1
102
RTVSPropertyOp48
 70
     1
102
RTVSPropertyOp49
 70
     1
102
RTVSPropertyOp50
 70
     1
102
RTVSPropertyOp51
 70
     0
102
RTVSPropertyOp52
 70
     0
102
RTVSPropertyOp53
 70
     1
102
RTVSPropertyOp54
 70
     1
102
RTVSPropertyOp55
 70
     1
102
RTVSPropertyOp56
 70
     1
102
RTVSPropertyOp57
 70
     1
102
RTVSPost2010Prop28
280
     0
102
RTVSPost2010PropOp28
 70
     1
102
RTVSPost2010Prop29
280
     1
102
RTVSPost2010PropOp29
 70
     1
102
RTVSPost2010Prop30
280
     1
102
RTVSPost2010PropOp30
 70
     1
102
RTVSPost2010Prop31
280
     0
102
RTVSPost2010PropOp31
 70
     1
102
RTVSPost2010Prop32
280
     0
102
RTVSPost2010PropOp32
 70
     1
102
RTVSPost2010Prop33
280
     0
102
RTVSPost2010PropOp33
 70
     1
102
RTVSPost2010Prop34
280
     0
102
RTVSPost2010PropOp34
 70
     1
102
RTVSPost2010Prop35
280
     0
102
RTVSPost2010PropOp35
 70
     1
102
RTVSPost2010Prop36
280
     0
102
RTVSPost2010PropOp36
 70
     1
102
RTVSPost2010Prop37
 90
       50
102
RTVSPost2010PropOp37
 70
     1
102
RTVSPost2010Prop38
140
0.0
102
RTVSPost2010PropOp38
 70
     1
102
RTVSPost2010Prop39
140
1.0
102
RTVSPost2010PropOp39
 70
     1
102
RTVSPost2010Prop40
 90
        0
102
RTVSPost2010PropOp40
 70
     1
102
RTVSPost2010Prop41ColorIndex
 90
       18
102
RTVSPost2010Prop41ColorRGB
 90
        0
102
RTVSPost2010PropOp41
 70
     1
102
RTVSPost2010Prop42
 90
       50
102
RTVSPost2010PropOp42
 70
     1
102
RTVSPost2010Prop43
 90
        3
102
RTVSPost2010PropOp43
 70
     1
102
RTVSPost2010Prop44ColorIndex
 90
        5
102
RTVSPost2010Prop44ColorRGB
 90
      255
102
RTVSPost2010PropOp44
 70
     1
102
RTVSPost2010Prop45
280
     0
102
RTVSPost2010PropOp45
 70
     1
102
RTVSPost2010Prop46
 90
       50
102
RTVSPost2010PropOp46
 70
     1
102
RTVSPost2010Prop47
 90
       50
102
RTVSPost2010PropOp47
 70
     1
102
RTVSPost2010Prop48
 90
       50
102
RTVSPost2010PropOp48
 70
     1
102
RTVSPost2010Prop49
280
     0
102
RTVSPost2010PropOp49
 70
     1
102
RTVSPost2010Prop50
 90
       50
102
RTVSPost2010PropOp50
 70
     1
102
RTVSPost2010Prop51ColorIndex
 90
      256
102
RTVSPost2010Prop51ColorRGB
 90
-16777216
102
RTVSPost2010PropOp51
 70
     0
102
RTVSPost2010Prop52
140
1.0
102
RTVSPost2010PropOp52
 70
     0
102
RTVSPost2010Prop53
 90
        2
102
RTVSPost2010PropOp53
 70
     1
102
RTVSPost2010Prop54
  1
strokes_ogs.tif
102
RTVSPost2010PropOp54
 70
     1
102
RTVSPost2010Prop55
280
     0
102
RTVSPost2010PropOp55
 70
     1
102
RTVSPost2010Prop56
140
1.0
102
RTVSPost2010PropOp56
 70
     1
102
RTVSPost2010Prop57
140
1.0
102
RTVSPost2010PropOp57
 70
     1
  0
XRECORD
  5
8D4F
102
{ACAD_REACTORS
330
8D4E
102
}
330
8D4E
100
AcDbXrecord
280
     1
102
RTVSPropertyOp0
 70
     1
102
RTVSPropertyOp1
 70
     1
102
RTVSPropertyOp2
 70
     1
102
RTVSPropertyOp3
 70
     1
102
RTVSPropertyOp4
 70
     1
102
RTVSPropertyOp5
 70
     1
102
RTVSPropertyOp6
 70
     1
102
RTVSPropertyOp7
 70
     1
102
RTVSPropertyOp8
 70
     1
102
RTVSPropertyOp9
 70
     1
102
RTVSPropertyOp10
 70
     1
102
RTVSPropertyOp11
 70
     1
102
RTVSPropertyOp12
 70
     1
102
RTVSPropertyOp13
 70
     1
102
RTVSPropertyOp14
 70
     1
102
RTVSPropertyOp15
 70
     1
102
RTVSPropertyOp16
 70
     1
102
RTVSPropertyOp17
 70
     1
102
RTVSPropertyOp18
 70
     1
102
RTVSPropertyOp19
 70
     1
102
RTVSPropertyOp20
 70
     1
102
RTVSPropertyOp21
 70
     1
102
RTVSPropertyOp22
 70
     1
102
RTVSPropertyOp23
 70
     1
102
RTVSPropertyOp24
 70
     1
102
RTVSPropertyOp25
 70
     1
102
RTVSPropertyOp26
 70
     1
102
RTVSPropertyOp27
 70
     1
102
RTVSPropertyOp28
 70
     1
102
RTVSPropertyOp29
 70
     1
102
RTVSPropertyOp30
 70
     1
102
RTVSPropertyOp31
 70
     1
102
RTVSPropertyOp32
 70
     1
102
RTVSPropertyOp33
 70
     1
102
RTVSPropertyOp34
 70
     1
102
RTVSPropertyOp35
 70
     1
102
RTVSPropertyOp36
 70
     1
102
RTVSPropertyOp37
 70
     1
102
RTVSPropertyOp38
 70
     1
102
RTVSPropertyOp39
 70
     1
102
RTVSPropertyOp40
 70
     1
102
RTVSPropertyOp41
 70
     1
102
RTVSPropertyOp42
 70
     1
102
RTVSPropertyOp43
 70
     1
102
RTVSPropertyOp44
 70
     1
102
RTVSPropertyOp45
 70
     1
102
RTVSPropertyOp46
 70
     1
102
RTVSPropertyOp47
 70
     1
102
RTVSPropertyOp48
 70
     1
102
RTVSPropertyOp49
 70
     1
102
RTVSPropertyOp50
 70
     1
102
RTVSPropertyOp51
 70
     0
102
RTVSPropertyOp52
 70
     0
102
RTVSPropertyOp53
 70
     1
102
RTVSPropertyOp54
 70
     1
102
RTVSPropertyOp55
 70
     1
102
RTVSPropertyOp56
 70
     1
102
RTVSPropertyOp57
 70
     1
102
RTVSPost2010Prop28
280
     0
102
RTVSPost2010PropOp28
 70
     1
102
RTVSPost2010Prop29
280
     1
102
RTVSPost2010PropOp29
 70
     1
102
RTVSPost2010Prop30
280
     1
102
RTVSPost2010PropOp30
 70
     1
102
RTVSPost2010Prop31
280
     0
102
RTVSPost2010PropOp31
 70
     1
102
RTVSPost2010Prop32
280
     0
102
RTVSPost2010PropOp32
 70
     1
102
RTVSPost2010Prop33
280
     0
102
RTVSPost2010PropOp33
 70
     1
102
RTVSPost2010Prop34
280
     0
102
RTVSPost2010PropOp34
 70
     1
102
RTVSPost2010Prop35
280
     0
102
RTVSPost2010PropOp35
 70
     1
102
RTVSPost2010Prop36
280
     0
102
RTVSPost2010PropOp36
 70
     1
102
RTVSPost2010Prop37
 90
       50
102
RTVSPost2010PropOp37
 70
     1
102
RTVSPost2010Prop38
140
0.0
102
RTVSPost2010PropOp38
 70
     1
102
RTVSPost2010Prop39
140
1.0
102
RTVSPost2010PropOp39
 70
     1
102
RTVSPost2010Prop40
 90
        0
102
RTVSPost2010PropOp40
 70
     1
102
RTVSPost2010Prop41ColorIndex
 90
       18
102
RTVSPost2010Prop41ColorRGB
 90
        0
102
RTVSPost2010PropOp41
 70
     1
102
RTVSPost2010Prop42
 90
       50
102
RTVSPost2010PropOp42
 70
     1
102
RTVSPost2010Prop43
 90
        3
102
RTVSPost2010PropOp43
 70
     1
102
RTVSPost2010Prop44ColorIndex
 90
        5
102
RTVSPost2010Prop44ColorRGB
 90
      255
102
RTVSPost2010PropOp44
 70
     1
102
RTVSPost2010Prop45
280
     0
102
RTVSPost2010PropOp45
 70
     1
102
RTVSPost2010Prop46
 90
       50
102
RTVSPost2010PropOp46
 70
     1
102
RTVSPost2010Prop47
 90
       50
102
RTVSPost2010PropOp47
 70
     1
102
RTVSPost2010Prop48
 90
       50
102
RTVSPost2010PropOp48
 70
     1
102
RTVSPost2010Prop49
280
     0
102
RTVSPost2010PropOp49
 70
     1
102
RTVSPost2010Prop50
 90
       50
102
RTVSPost2010PropOp50
 70
     1
102
RTVSPost2010Prop51ColorIndex
 90
      256
102
RTVSPost2010Prop51ColorRGB
 90
-16777216
102
RTVSPost2010PropOp51
 70
     0
102
RTVSPost2010Prop52
140
1.0
102
RTVSPost2010PropOp52
 70
     0
102
RTVSPost2010Prop53
 90
        2
102
RTVSPost2010PropOp53
 70
     1
102
RTVSPost2010Prop54
  1
strokes_ogs.tif
102
RTVSPost2010PropOp54
 70
     1
102
RTVSPost2010Prop55
280
     0
102
RTVSPost2010PropOp55
 70
     1
102
RTVSPost2010Prop56
140
1.0
102
RTVSPost2010PropOp56
 70
     1
102
RTVSPost2010Prop57
140
1.0
102
RTVSPost2010PropOp57
 70
     1
  0
XRECORD
  5
8D51
102
{ACAD_REACTORS
330
8D50
102
}
330
8D50
100
AcDbXrecord
280
     1
102
RTVSPropertyOp0
 70
     1
102
RTVSPropertyOp1
 70
     1
102
RTVSPropertyOp2
 70
     1
102
RTVSPropertyOp3
 70
     1
102
RTVSPropertyOp4
 70
     1
102
RTVSPropertyOp5
 70
     1
102
RTVSPropertyOp6
 70
     1
102
RTVSPropertyOp7
 70
     1
102
RTVSPropertyOp8
 70
     1
102
RTVSPropertyOp9
 70
     1
102
RTVSPropertyOp10
 70
     1
102
RTVSPropertyOp11
 70
     1
102
RTVSPropertyOp12
 70
     1
102
RTVSPropertyOp13
 70
     1
102
RTVSPropertyOp14
 70
     1
102
RTVSPropertyOp15
 70
     1
102
RTVSPropertyOp16
 70
     1
102
RTVSPropertyOp17
 70
     1
102
RTVSPropertyOp18
 70
     1
102
RTVSPropertyOp19
 70
     1
102
RTVSPropertyOp20
 70
     1
102
RTVSPropertyOp21
 70
     1
102
RTVSPropertyOp22
 70
     1
102
RTVSPropertyOp23
 70
     1
102
RTVSPropertyOp24
 70
     1
102
RTVSPropertyOp25
 70
     1
102
RTVSPropertyOp26
 70
     1
102
RTVSPropertyOp27
 70
     1
102
RTVSPropertyOp28
 70
     1
102
RTVSPropertyOp29
 70
     1
102
RTVSPropertyOp30
 70
     1
102
RTVSPropertyOp31
 70
     1
102
RTVSPropertyOp32
 70
     1
102
RTVSPropertyOp33
 70
     1
102
RTVSPropertyOp34
 70
     1
102
RTVSPropertyOp35
 70
     1
102
RTVSPropertyOp36
 70
     1
102
RTVSPropertyOp37
 70
     1
102
RTVSPropertyOp38
 70
     1
102
RTVSPropertyOp39
 70
     1
102
RTVSPropertyOp40
 70
     1
102
RTVSPropertyOp41
 70
     1
102
RTVSPropertyOp42
 70
     1
102
RTVSPropertyOp43
 70
     1
102
RTVSPropertyOp44
 70
     1
102
RTVSPropertyOp45
 70
     1
102
RTVSPropertyOp46
 70
     1
102
RTVSPropertyOp47
 70
     1
102
RTVSPropertyOp48
 70
     1
102
RTVSPropertyOp49
 70
     1
102
RTVSPropertyOp50
 70
     1
102
RTVSPropertyOp51
 70
     0
102
RTVSPropertyOp52
 70
     0
102
RTVSPropertyOp53
 70
     1
102
RTVSPropertyOp54
 70
     1
102
RTVSPropertyOp55
 70
     1
102
RTVSPropertyOp56
 70
     1
102
RTVSPropertyOp57
 70
     1
102
RTVSPost2010Prop28
280
     0
102
RTVSPost2010PropOp28
 70
     1
102
RTVSPost2010Prop29
280
     1
102
RTVSPost2010PropOp29
 70
     1
102
RTVSPost2010Prop30
280
     1
102
RTVSPost2010PropOp30
 70
     1
102
RTVSPost2010Prop31
280
     0
102
RTVSPost2010PropOp31
 70
     1
102
RTVSPost2010Prop32
280
     0
102
RTVSPost2010PropOp32
 70
     1
102
RTVSPost2010Prop33
280
     0
102
RTVSPost2010PropOp33
 70
     1
102
RTVSPost2010Prop34
280
     0
102
RTVSPost2010PropOp34
 70
     1
102
RTVSPost2010Prop35
280
     0
102
RTVSPost2010PropOp35
 70
     1
102
RTVSPost2010Prop36
280
     0
102
RTVSPost2010PropOp36
 70
     1
102
RTVSPost2010Prop37
 90
       50
102
RTVSPost2010PropOp37
 70
     1
102
RTVSPost2010Prop38
140
0.0
102
RTVSPost2010PropOp38
 70
     1
102
RTVSPost2010Prop39
140
1.0
102
RTVSPost2010PropOp39
 70
     1
102
RTVSPost2010Prop40
 90
        0
102
RTVSPost2010PropOp40
 70
     1
102
RTVSPost2010Prop41ColorIndex
 90
       18
102
RTVSPost2010Prop41ColorRGB
 90
        0
102
RTVSPost2010PropOp41
 70
     1
102
RTVSPost2010Prop42
 90
       50
102
RTVSPost2010PropOp42
 70
     1
102
RTVSPost2010Prop43
 90
        3
102
RTVSPost2010PropOp43
 70
     1
102
RTVSPost2010Prop44ColorIndex
 90
        5
102
RTVSPost2010Prop44ColorRGB
 90
      255
102
RTVSPost2010PropOp44
 70
     1
102
RTVSPost2010Prop45
280
     0
102
RTVSPost2010PropOp45
 70
     1
102
RTVSPost2010Prop46
 90
       50
102
RTVSPost2010PropOp46
 70
     1
102
RTVSPost2010Prop47
 90
       50
102
RTVSPost2010PropOp47
 70
     1
102
RTVSPost2010Prop48
 90
       50
102
RTVSPost2010PropOp48
 70
     1
102
RTVSPost2010Prop49
280
     0
102
RTVSPost2010PropOp49
 70
     1
102
RTVSPost2010Prop50
 90
       50
102
RTVSPost2010PropOp50
 70
     1
102
RTVSPost2010Prop51ColorIndex
 90
      256
102
RTVSPost2010Prop51ColorRGB
 90
-16777216
102
RTVSPost2010PropOp51
 70
     0
102
RTVSPost2010Prop52
140
1.0
102
RTVSPost2010PropOp52
 70
     0
102
RTVSPost2010Prop53
 90
        2
102
RTVSPost2010PropOp53
 70
     1
102
RTVSPost2010Prop54
  1
strokes_ogs.tif
102
RTVSPost2010PropOp54
 70
     1
102
RTVSPost2010Prop55
280
     0
102
RTVSPost2010PropOp55
 70
     1
102
RTVSPost2010Prop56
140
1.0
102
RTVSPost2010PropOp56
 70
     1
102
RTVSPost2010Prop57
140
1.0
102
RTVSPost2010PropOp57
 70
     1
  0
XRECORD
  5
8D53
102
{ACAD_REACTORS
330
8D52
102
}
330
8D52
100
AcDbXrecord
280
     1
102
RTVSPropertyOp0
 70
     1
102
RTVSPropertyOp1
 70
     1
102
RTVSPropertyOp2
 70
     1
102
RTVSPropertyOp3
 70
     1
102
RTVSPropertyOp4
 70
     1
102
RTVSPropertyOp5
 70
     1
102
RTVSPropertyOp6
 70
     1
102
RTVSPropertyOp7
 70
     1
102
RTVSPropertyOp8
 70
     1
102
RTVSPropertyOp9
 70
     1
102
RTVSPropertyOp10
 70
     1
102
RTVSPropertyOp11
 70
     1
102
RTVSPropertyOp12
 70
     1
102
RTVSPropertyOp13
 70
     1
102
RTVSPropertyOp14
 70
     1
102
RTVSPropertyOp15
 70
     1
102
RTVSPropertyOp16
 70
     1
102
RTVSPropertyOp17
 70
     1
102
RTVSPropertyOp18
 70
     1
102
RTVSPropertyOp19
 70
     1
102
RTVSPropertyOp20
 70
     1
102
RTVSPropertyOp21
 70
     1
102
RTVSPropertyOp22
 70
     1
102
RTVSPropertyOp23
 70
     1
102
RTVSPropertyOp24
 70
     1
102
RTVSPropertyOp25
 70
     1
102
RTVSPropertyOp26
 70
     1
102
RTVSPropertyOp27
 70
     1
102
RTVSPropertyOp28
 70
     1
102
RTVSPropertyOp29
 70
     1
102
RTVSPropertyOp30
 70
     1
102
RTVSPropertyOp31
 70
     1
102
RTVSPropertyOp32
 70
     1
102
RTVSPropertyOp33
 70
     1
102
RTVSPropertyOp34
 70
     1
102
RTVSPropertyOp35
 70
     1
102
RTVSPropertyOp36
 70
     1
102
RTVSPropertyOp37
 70
     1
102
RTVSPropertyOp38
 70
     1
102
RTVSPropertyOp39
 70
     1
102
RTVSPropertyOp40
 70
     1
102
RTVSPropertyOp41
 70
     1
102
RTVSPropertyOp42
 70
     1
102
RTVSPropertyOp43
 70
     1
102
RTVSPropertyOp44
 70
     1
102
RTVSPropertyOp45
 70
     1
102
RTVSPropertyOp46
 70
     1
102
RTVSPropertyOp47
 70
     1
102
RTVSPropertyOp48
 70
     1
102
RTVSPropertyOp49
 70
     1
102
RTVSPropertyOp50
 70
     1
102
RTVSPropertyOp51
 70
     0
102
RTVSPropertyOp52
 70
     0
102
RTVSPropertyOp53
 70
     1
102
RTVSPropertyOp54
 70
     1
102
RTVSPropertyOp55
 70
     1
102
RTVSPropertyOp56
 70
     1
102
RTVSPropertyOp57
 70
     1
102
RTVSPost2010Prop28
280
     0
102
RTVSPost2010PropOp28
 70
     1
102
RTVSPost2010Prop29
280
     1
102
RTVSPost2010PropOp29
 70
     1
102
RTVSPost2010Prop30
280
     1
102
RTVSPost2010PropOp30
 70
     1
102
RTVSPost2010Prop31
280
     0
102
RTVSPost2010PropOp31
 70
     1
102
RTVSPost2010Prop32
280
     0
102
RTVSPost2010PropOp32
 70
     1
102
RTVSPost2010Prop33
280
     0
102
RTVSPost2010PropOp33
 70
     1
102
RTVSPost2010Prop34
280
     0
102
RTVSPost2010PropOp34
 70
     1
102
RTVSPost2010Prop35
280
     0
102
RTVSPost2010PropOp35
 70
     1
102
RTVSPost2010Prop36
280
     0
102
RTVSPost2010PropOp36
 70
     1
102
RTVSPost2010Prop37
 90
       50
102
RTVSPost2010PropOp37
 70
     1
102
RTVSPost2010Prop38
140
0.0
102
RTVSPost2010PropOp38
 70
     1
102
RTVSPost2010Prop39
140
1.0
102
RTVSPost2010PropOp39
 70
     1
102
RTVSPost2010Prop40
 90
        0
102
RTVSPost2010PropOp40
 70
     1
102
RTVSPost2010Prop41ColorIndex
 90
       18
102
RTVSPost2010Prop41ColorRGB
 90
        0
102
RTVSPost2010PropOp41
 70
     1
102
RTVSPost2010Prop42
 90
       50
102
RTVSPost2010PropOp42
 70
     1
102
RTVSPost2010Prop43
 90
        3
102
RTVSPost2010PropOp43
 70
     1
102
RTVSPost2010Prop44ColorIndex
 90
        5
102
RTVSPost2010Prop44ColorRGB
 90
      255
102
RTVSPost2010PropOp44
 70
     1
102
RTVSPost2010Prop45
280
     0
102
RTVSPost2010PropOp45
 70
     1
102
RTVSPost2010Prop46
 90
       50
102
RTVSPost2010PropOp46
 70
     1
102
RTVSPost2010Prop47
 90
       50
102
RTVSPost2010PropOp47
 70
     1
102
RTVSPost2010Prop48
 90
       50
102
RTVSPost2010PropOp48
 70
     1
102
RTVSPost2010Prop49
280
     0
102
RTVSPost2010PropOp49
 70
     1
102
RTVSPost2010Prop50
 90
       50
102
RTVSPost2010PropOp50
 70
     1
102
RTVSPost2010Prop51ColorIndex
 90
      256
102
RTVSPost2010Prop51ColorRGB
 90
-16777216
102
RTVSPost2010PropOp51
 70
     0
102
RTVSPost2010Prop52
140
1.0
102
RTVSPost2010PropOp52
 70
     0
102
RTVSPost2010Prop53
 90
        2
102
RTVSPost2010PropOp53
 70
     1
102
RTVSPost2010Prop54
  1
strokes_ogs.tif
102
RTVSPost2010PropOp54
 70
     1
102
RTVSPost2010Prop55
280
     0
102
RTVSPost2010PropOp55
 70
     1
102
RTVSPost2010Prop56
140
1.0
102
RTVSPost2010PropOp56
 70
     1
102
RTVSPost2010Prop57
140
1.0
102
RTVSPost2010PropOp57
 70
     1
  0
XRECORD
  5
8D55
102
{ACAD_REACTORS
330
8D54
102
}
330
8D54
100
AcDbXrecord
280
     1
102
RTVSPropertyOp0
 70
     1
102
RTVSPropertyOp1
 70
     1
102
RTVSPropertyOp2
 70
     1
102
RTVSPropertyOp3
 70
     1
102
RTVSPropertyOp4
 70
     1
102
RTVSPropertyOp5
 70
     1
102
RTVSPropertyOp6
 70
     1
102
RTVSPropertyOp7
 70
     1
102
RTVSPropertyOp8
 70
     1
102
RTVSPropertyOp9
 70
     1
102
RTVSPropertyOp10
 70
     1
102
RTVSPropertyOp11
 70
     1
102
RTVSPropertyOp12
 70
     1
102
RTVSPropertyOp13
 70
     1
102
RTVSPropertyOp14
 70
     1
102
RTVSPropertyOp15
 70
     1
102
RTVSPropertyOp16
 70
     1
102
RTVSPropertyOp17
 70
     1
102
RTVSPropertyOp18
 70
     1
102
RTVSPropertyOp19
 70
     1
102
RTVSPropertyOp20
 70
     1
102
RTVSPropertyOp21
 70
     1
102
RTVSPropertyOp22
 70
     1
102
RTVSPropertyOp23
 70
     1
102
RTVSPropertyOp24
 70
     1
102
RTVSPropertyOp25
 70
     1
102
RTVSPropertyOp26
 70
     1
102
RTVSPropertyOp27
 70
     1
102
RTVSPropertyOp28
 70
     1
102
RTVSPropertyOp29
 70
     1
102
RTVSPropertyOp30
 70
     1
102
RTVSPropertyOp31
 70
     1
102
RTVSPropertyOp32
 70
     1
102
RTVSPropertyOp33
 70
     1
102
RTVSPropertyOp34
 70
     1
102
RTVSPropertyOp35
 70
     1
102
RTVSPropertyOp36
 70
     1
102
RTVSPropertyOp37
 70
     1
102
RTVSPropertyOp38
 70
     1
102
RTVSPropertyOp39
 70
     1
102
RTVSPropertyOp40
 70
     1
102
RTVSPropertyOp41
 70
     1
102
RTVSPropertyOp42
 70
     1
102
RTVSPropertyOp43
 70
     1
102
RTVSPropertyOp44
 70
     1
102
RTVSPropertyOp45
 70
     1
102
RTVSPropertyOp46
 70
     1
102
RTVSPropertyOp47
 70
     1
102
RTVSPropertyOp48
 70
     1
102
RTVSPropertyOp49
 70
     1
102
RTVSPropertyOp50
 70
     1
102
RTVSPropertyOp51
 70
     0
102
RTVSPropertyOp52
 70
     0
102
RTVSPropertyOp53
 70
     1
102
RTVSPropertyOp54
 70
     1
102
RTVSPropertyOp55
 70
     1
102
RTVSPropertyOp56
 70
     1
102
RTVSPropertyOp57
 70
     1
102
RTVSPost2010Prop28
280
     0
102
RTVSPost2010PropOp28
 70
     1
102
RTVSPost2010Prop29
280
     1
102
RTVSPost2010PropOp29
 70
     1
102
RTVSPost2010Prop30
280
     1
102
RTVSPost2010PropOp30
 70
     1
102
RTVSPost2010Prop31
280
     0
102
RTVSPost2010PropOp31
 70
     1
102
RTVSPost2010Prop32
280
     0
102
RTVSPost2010PropOp32
 70
     1
102
RTVSPost2010Prop33
280
     0
102
RTVSPost2010PropOp33
 70
     1
102
RTVSPost2010Prop34
280
     0
102
RTVSPost2010PropOp34
 70
     1
102
RTVSPost2010Prop35
280
     0
102
RTVSPost2010PropOp35
 70
     1
102
RTVSPost2010Prop36
280
     0
102
RTVSPost2010PropOp36
 70
     1
102
RTVSPost2010Prop37
 90
       50
102
RTVSPost2010PropOp37
 70
     1
102
RTVSPost2010Prop38
140
0.0
102
RTVSPost2010PropOp38
 70
     1
102
RTVSPost2010Prop39
140
1.0
102
RTVSPost2010PropOp39
 70
     1
102
RTVSPost2010Prop40
 90
        0
102
RTVSPost2010PropOp40
 70
     1
102
RTVSPost2010Prop41ColorIndex
 90
       18
102
RTVSPost2010Prop41ColorRGB
 90
        0
102
RTVSPost2010PropOp41
 70
     1
102
RTVSPost2010Prop42
 90
       50
102
RTVSPost2010PropOp42
 70
     1
102
RTVSPost2010Prop43
 90
        3
102
RTVSPost2010PropOp43
 70
     1
102
RTVSPost2010Prop44ColorIndex
 90
        5
102
RTVSPost2010Prop44ColorRGB
 90
      255
102
RTVSPost2010PropOp44
 70
     1
102
RTVSPost2010Prop45
280
     0
102
RTVSPost2010PropOp45
 70
     1
102
RTVSPost2010Prop46
 90
       50
102
RTVSPost2010PropOp46
 70
     1
102
RTVSPost2010Prop47
 90
       50
102
RTVSPost2010PropOp47
 70
     1
102
RTVSPost2010Prop48
 90
       50
102
RTVSPost2010PropOp48
 70
     1
102
RTVSPost2010Prop49
280
     0
102
RTVSPost2010PropOp49
 70
     1
102
RTVSPost2010Prop50
 90
       50
102
RTVSPost2010PropOp50
 70
     1
102
RTVSPost2010Prop51ColorIndex
 90
      256
102
RTVSPost2010Prop51ColorRGB
 90
-16777216
102
RTVSPost2010PropOp51
 70
     0
102
RTVSPost2010Prop52
140
1.0
102
RTVSPost2010PropOp52
 70
     0
102
RTVSPost2010Prop53
 90
        2
102
RTVSPost2010PropOp53
 70
     1
102
RTVSPost2010Prop54
  1
strokes_ogs.tif
102
RTVSPost2010PropOp54
 70
     1
102
RTVSPost2010Prop55
280
     0
102
RTVSPost2010PropOp55
 70
     1
102
RTVSPost2010Prop56
140
1.0
102
RTVSPost2010PropOp56
 70
     1
102
RTVSPost2010Prop57
140
1.0
102
RTVSPost2010PropOp57
 70
     1
  0
XRECORD
  5
8D57
102
{ACAD_REACTORS
330
8D56
102
}
330
8D56
100
AcDbXrecord
280
     1
102
RTVSPropertyOp0
 70
     1
102
RTVSPropertyOp1
 70
     1
102
RTVSPropertyOp2
 70
     1
102
RTVSPropertyOp3
 70
     1
102
RTVSPropertyOp4
 70
     1
102
RTVSPropertyOp5
 70
     1
102
RTVSPropertyOp6
 70
     1
102
RTVSPropertyOp7
 70
     1
102
RTVSPropertyOp8
 70
     1
102
RTVSPropertyOp9
 70
     1
102
RTVSPropertyOp10
 70
     1
102
RTVSPropertyOp11
 70
     1
102
RTVSPropertyOp12
 70
     1
102
RTVSPropertyOp13
 70
     1
102
RTVSPropertyOp14
 70
     1
102
RTVSPropertyOp15
 70
     1
102
RTVSPropertyOp16
 70
     1
102
RTVSPropertyOp17
 70
     1
102
RTVSPropertyOp18
 70
     1
102
RTVSPropertyOp19
 70
     1
102
RTVSPropertyOp20
 70
     1
102
RTVSPropertyOp21
 70
     1
102
RTVSPropertyOp22
 70
     1
102
RTVSPropertyOp23
 70
     1
102
RTVSPropertyOp24
 70
     1
102
RTVSPropertyOp25
 70
     1
102
RTVSPropertyOp26
 70
     1
102
RTVSPropertyOp27
 70
     1
102
RTVSPropertyOp28
 70
     1
102
RTVSPropertyOp29
 70
     1
102
RTVSPropertyOp30
 70
     1
102
RTVSPropertyOp31
 70
     1
102
RTVSPropertyOp32
 70
     1
102
RTVSPropertyOp33
 70
     1
102
RTVSPropertyOp34
 70
     1
102
RTVSPropertyOp35
 70
     1
102
RTVSPropertyOp36
 70
     1
102
RTVSPropertyOp37
 70
     1
102
RTVSPropertyOp38
 70
     1
102
RTVSPropertyOp39
 70
     1
102
RTVSPropertyOp40
 70
     1
102
RTVSPropertyOp41
 70
     1
102
RTVSPropertyOp42
 70
     1
102
RTVSPropertyOp43
 70
     1
102
RTVSPropertyOp44
 70
     1
102
RTVSPropertyOp45
 70
     1
102
RTVSPropertyOp46
 70
     1
102
RTVSPropertyOp47
 70
     1
102
RTVSPropertyOp48
 70
     1
102
RTVSPropertyOp49
 70
     1
102
RTVSPropertyOp50
 70
     1
102
RTVSPropertyOp51
 70
     0
102
RTVSPropertyOp52
 70
     0
102
RTVSPropertyOp53
 70
     1
102
RTVSPropertyOp54
 70
     1
102
RTVSPropertyOp55
 70
     1
102
RTVSPropertyOp56
 70
     1
102
RTVSPropertyOp57
 70
     1
102
RTVSPost2010Prop28
280
     0
102
RTVSPost2010PropOp28
 70
     1
102
RTVSPost2010Prop29
280
     1
102
RTVSPost2010PropOp29
 70
     1
102
RTVSPost2010Prop30
280
     1
102
RTVSPost2010PropOp30
 70
     1
102
RTVSPost2010Prop31
280
     0
102
RTVSPost2010PropOp31
 70
     1
102
RTVSPost2010Prop32
280
     0
102
RTVSPost2010PropOp32
 70
     1
102
RTVSPost2010Prop33
280
     0
102
RTVSPost2010PropOp33
 70
     1
102
RTVSPost2010Prop34
280
     0
102
RTVSPost2010PropOp34
 70
     1
102
RTVSPost2010Prop35
280
     0
102
RTVSPost2010PropOp35
 70
     1
102
RTVSPost2010Prop36
280
     0
102
RTVSPost2010PropOp36
 70
     1
102
RTVSPost2010Prop37
 90
       50
102
RTVSPost2010PropOp37
 70
     1
102
RTVSPost2010Prop38
140
0.0
102
RTVSPost2010PropOp38
 70
     1
102
RTVSPost2010Prop39
140
1.0
102
RTVSPost2010PropOp39
 70
     1
102
RTVSPost2010Prop40
 90
        0
102
RTVSPost2010PropOp40
 70
     1
102
RTVSPost2010Prop41ColorIndex
 90
       18
102
RTVSPost2010Prop41ColorRGB
 90
        0
102
RTVSPost2010PropOp41
 70
     1
102
RTVSPost2010Prop42
 90
       50
102
RTVSPost2010PropOp42
 70
     1
102
RTVSPost2010Prop43
 90
        3
102
RTVSPost2010PropOp43
 70
     1
102
RTVSPost2010Prop44ColorIndex
 90
        5
102
RTVSPost2010Prop44ColorRGB
 90
      255
102
RTVSPost2010PropOp44
 70
     1
102
RTVSPost2010Prop45
280
     0
102
RTVSPost2010PropOp45
 70
     1
102
RTVSPost2010Prop46
 90
       50
102
RTVSPost2010PropOp46
 70
     1
102
RTVSPost2010Prop47
 90
       50
102
RTVSPost2010PropOp47
 70
     1
102
RTVSPost2010Prop48
 90
       50
102
RTVSPost2010PropOp48
 70
     1
102
RTVSPost2010Prop49
280
     0
102
RTVSPost2010PropOp49
 70
     1
102
RTVSPost2010Prop50
 90
       50
102
RTVSPost2010PropOp50
 70
     1
102
RTVSPost2010Prop51ColorIndex
 90
      256
102
RTVSPost2010Prop51ColorRGB
 90
-16777216
102
RTVSPost2010PropOp51
 70
     0
102
RTVSPost2010Prop52
140
1.0
102
RTVSPost2010PropOp52
 70
     0
102
RTVSPost2010Prop53
 90
        2
102
RTVSPost2010PropOp53
 70
     1
102
RTVSPost2010Prop54
  1
strokes_ogs.tif
102
RTVSPost2010PropOp54
 70
     1
102
RTVSPost2010Prop55
280
     0
102
RTVSPost2010PropOp55
 70
     1
102
RTVSPost2010Prop56
140
1.0
102
RTVSPost2010PropOp56
 70
     1
102
RTVSPost2010Prop57
140
1.0
102
RTVSPost2010PropOp57
 70
     1
  0
ENDSEC
  0
EOF
